-- MariaDB dump 10.19  Distrib 10.6.4-MariaDB, for osx10.16 (x86_64)
--
-- Host: localhost    Database: martfury
-- ------------------------------------------------------
-- Server version	10.6.4-MariaDB

/*!40101 SET @OLD_CHARACTER_SET_CLIENT=@@CHARACTER_SET_CLIENT */;
/*!40101 SET @OLD_CHARACTER_SET_RESULTS=@@CHARACTER_SET_RESULTS */;
/*!40101 SET @OLD_COLLATION_CONNECTION=@@COLLATION_CONNECTION */;
/*!40101 SET NAMES utf8mb4 */;
/*!40103 SET @OLD_TIME_ZONE=@@TIME_ZONE */;
/*!40103 SET TIME_ZONE='+00:00' */;
/*!40014 SET @OLD_UNIQUE_CHECKS=@@UNIQUE_CHECKS, UNIQUE_CHECKS=0 */;
/*!40014 SET @OLD_FOREIGN_KEY_CHECKS=@@FOREIGN_KEY_CHECKS, FOREIGN_KEY_CHECKS=0 */;
/*!40101 SET @OLD_SQL_MODE=@@SQL_MODE, SQL_MODE='NO_AUTO_VALUE_ON_ZERO' */;
/*!40111 SET @OLD_SQL_NOTES=@@SQL_NOTES, SQL_NOTES=0 */;

--
-- Table structure for table `activations`
--

DROP TABLE IF EXISTS `activations`;
/*!40101 SET @saved_cs_client     = @@character_set_client */;
/*!40101 SET character_set_client = utf8 */;
CREATE TABLE `activations` (
  `id` bigint(20) unsigned NOT NULL AUTO_INCREMENT,
  `user_id` int(10) unsigned NOT NULL,
  `code` varchar(120) COLLATE utf8mb4_unicode_ci NOT NULL,
  `completed` tinyint(1) NOT NULL DEFAULT 0,
  `completed_at` timestamp NULL DEFAULT NULL,
  `created_at` timestamp NULL DEFAULT NULL,
  `updated_at` timestamp NULL DEFAULT NULL,
  PRIMARY KEY (`id`),
  KEY `activations_user_id_index` (`user_id`)
) ENGINE=InnoDB AUTO_INCREMENT=2 DEFAULT CHARSET=utf8mb4 COLLATE=utf8mb4_unicode_ci;
/*!40101 SET character_set_client = @saved_cs_client */;

--
-- Dumping data for table `activations`
--

LOCK TABLES `activations` WRITE;
/*!40000 ALTER TABLE `activations` DISABLE KEYS */;
INSERT INTO `activations` VALUES (1,1,'yvTO15uAoOzebzVimZxD1GKqRYY22alO',1,'2022-01-03 21:24:07','2022-01-03 21:24:07','2022-01-03 21:24:07');
/*!40000 ALTER TABLE `activations` ENABLE KEYS */;
UNLOCK TABLES;

--
-- Table structure for table `ads`
--

DROP TABLE IF EXISTS `ads`;
/*!40101 SET @saved_cs_client     = @@character_set_client */;
/*!40101 SET character_set_client = utf8 */;
CREATE TABLE `ads` (
  `id` bigint(20) unsigned NOT NULL AUTO_INCREMENT,
  `name` varchar(255) COLLATE utf8mb4_unicode_ci NOT NULL,
  `expired_at` datetime DEFAULT NULL,
  `location` varchar(120) COLLATE utf8mb4_unicode_ci DEFAULT NULL,
  `key` varchar(120) COLLATE utf8mb4_unicode_ci NOT NULL,
  `image` varchar(255) COLLATE utf8mb4_unicode_ci DEFAULT NULL,
  `url` varchar(255) COLLATE utf8mb4_unicode_ci DEFAULT NULL,
  `clicked` bigint(20) NOT NULL DEFAULT 0,
  `order` int(11) DEFAULT 0,
  `status` varchar(60) COLLATE utf8mb4_unicode_ci NOT NULL DEFAULT 'published',
  `created_at` timestamp NULL DEFAULT NULL,
  `updated_at` timestamp NULL DEFAULT NULL,
  PRIMARY KEY (`id`),
  UNIQUE KEY `ads_key_unique` (`key`)
) ENGINE=InnoDB AUTO_INCREMENT=10 DEFAULT CHARSET=utf8mb4 COLLATE=utf8mb4_unicode_ci;
/*!40101 SET character_set_client = @saved_cs_client */;

--
-- Dumping data for table `ads`
--

LOCK TABLES `ads` WRITE;
/*!40000 ALTER TABLE `ads` DISABLE KEYS */;
INSERT INTO `ads` VALUES (1,'Top Slider Image 1','2027-01-04 00:00:00','not_set','VC2C8Q1UGCBG','promotion/1.jpg','/products',0,1,'published','2022-01-03 21:24:06','2022-01-03 21:24:06'),(2,'Top Slider Image 2','2027-01-04 00:00:00','not_set','NBDWRXTSVZ8N','promotion/2.jpg','/products',0,2,'published','2022-01-03 21:24:06','2022-01-03 21:24:06'),(3,'Homepage middle 1','2027-01-04 00:00:00','not_set','IZ6WU8KUALYD','promotion/3.jpg','/products',0,3,'published','2022-01-03 21:24:06','2022-01-03 21:24:06'),(4,'Homepage middle 2','2027-01-04 00:00:00','not_set','ILSFJVYFGCPZ','promotion/4.jpg','/products',0,4,'published','2022-01-03 21:24:06','2022-01-03 21:24:06'),(5,'Homepage middle 3','2027-01-04 00:00:00','not_set','ZDOZUZZIU7FT','promotion/5.jpg','/products',0,5,'published','2022-01-03 21:24:06','2022-01-03 21:24:06'),(6,'Homepage big 1','2027-01-04 00:00:00','not_set','Q9YDUIC9HSWS','promotion/6.jpg','/products',0,6,'published','2022-01-03 21:24:06','2022-01-03 21:24:06'),(7,'Homepage bottom small','2027-01-04 00:00:00','not_set','KJ9KKUKTBYD0','promotion/7.jpg','/products',0,7,'published','2022-01-03 21:24:06','2022-01-03 21:24:06'),(8,'Product sidebar','2027-01-04 00:00:00','product-sidebar','2UDULECZWG9X','promotion/8.jpg','/products',0,8,'published','2022-01-03 21:24:06','2022-01-03 21:24:06'),(9,'Homepage big 2','2027-01-04 00:00:00','not_set','IZ6WU8KUALYE','promotion/9.jpg','/products',0,9,'published','2022-01-03 21:24:06','2022-01-03 21:24:06');
/*!40000 ALTER TABLE `ads` ENABLE KEYS */;
UNLOCK TABLES;

--
-- Table structure for table `ads_translations`
--

DROP TABLE IF EXISTS `ads_translations`;
/*!40101 SET @saved_cs_client     = @@character_set_client */;
/*!40101 SET character_set_client = utf8 */;
CREATE TABLE `ads_translations` (
  `lang_code` varchar(191) COLLATE utf8mb4_unicode_ci NOT NULL,
  `ads_id` int(11) NOT NULL,
  `name` varchar(255) COLLATE utf8mb4_unicode_ci DEFAULT NULL,
  `image` varchar(255) COLLATE utf8mb4_unicode_ci DEFAULT NULL,
  `url` varchar(255) COLLATE utf8mb4_unicode_ci DEFAULT NULL,
  PRIMARY KEY (`lang_code`,`ads_id`)
) ENGINE=InnoDB DEFAULT CHARSET=utf8mb4 COLLATE=utf8mb4_unicode_ci;
/*!40101 SET character_set_client = @saved_cs_client */;

--
-- Dumping data for table `ads_translations`
--

LOCK TABLES `ads_translations` WRITE;
/*!40000 ALTER TABLE `ads_translations` DISABLE KEYS */;
INSERT INTO `ads_translations` VALUES ('vi',1,'Top Slider Image 1','promotion/1.jpg','/vi/products'),('vi',2,'Top Slider Image 2','promotion/2.jpg','/vi/products'),('vi',3,'Homepage middle 1','promotion/3.jpg','/vi/products'),('vi',4,'Homepage middle 2','promotion/4.jpg','/vi/products'),('vi',5,'Homepage middle 3','promotion/5.jpg','/vi/products'),('vi',6,'Homepage big 1','promotion/6.jpg','/vi/products'),('vi',7,'Homepage bottom small','promotion/7.jpg','/vi/products'),('vi',8,'Product sidebar','promotion/8.jpg','/vi/products'),('vi',9,'Homepage big 2','promotion/9.jpg','/vi/products');
/*!40000 ALTER TABLE `ads_translations` ENABLE KEYS */;
UNLOCK TABLES;

--
-- Table structure for table `audit_histories`
--

DROP TABLE IF EXISTS `audit_histories`;
/*!40101 SET @saved_cs_client     = @@character_set_client */;
/*!40101 SET character_set_client = utf8 */;
CREATE TABLE `audit_histories` (
  `id` bigint(20) unsigned NOT NULL AUTO_INCREMENT,
  `user_id` int(10) unsigned NOT NULL,
  `module` varchar(60) COLLATE utf8mb4_unicode_ci NOT NULL,
  `request` text COLLATE utf8mb4_unicode_ci DEFAULT NULL,
  `action` varchar(120) COLLATE utf8mb4_unicode_ci NOT NULL,
  `user_agent` text COLLATE utf8mb4_unicode_ci DEFAULT NULL,
  `ip_address` varchar(39) COLLATE utf8mb4_unicode_ci DEFAULT NULL,
  `reference_user` int(10) unsigned NOT NULL,
  `reference_id` int(10) unsigned NOT NULL,
  `reference_name` varchar(255) COLLATE utf8mb4_unicode_ci NOT NULL,
  `type` varchar(20) COLLATE utf8mb4_unicode_ci NOT NULL,
  `created_at` timestamp NULL DEFAULT NULL,
  `updated_at` timestamp NULL DEFAULT NULL,
  PRIMARY KEY (`id`),
  KEY `audit_histories_user_id_index` (`user_id`),
  KEY `audit_histories_module_index` (`module`)
) ENGINE=InnoDB DEFAULT CHARSET=utf8mb4 COLLATE=utf8mb4_unicode_ci;
/*!40101 SET character_set_client = @saved_cs_client */;

--
-- Dumping data for table `audit_histories`
--

LOCK TABLES `audit_histories` WRITE;
/*!40000 ALTER TABLE `audit_histories` DISABLE KEYS */;
/*!40000 ALTER TABLE `audit_histories` ENABLE KEYS */;
UNLOCK TABLES;

--
-- Table structure for table `categories`
--

DROP TABLE IF EXISTS `categories`;
/*!40101 SET @saved_cs_client     = @@character_set_client */;
/*!40101 SET character_set_client = utf8 */;
CREATE TABLE `categories` (
  `id` bigint(20) unsigned NOT NULL AUTO_INCREMENT,
  `name` varchar(120) COLLATE utf8mb4_unicode_ci NOT NULL,
  `parent_id` int(10) unsigned NOT NULL DEFAULT 0,
  `description` varchar(400) COLLATE utf8mb4_unicode_ci DEFAULT NULL,
  `status` varchar(60) COLLATE utf8mb4_unicode_ci NOT NULL DEFAULT 'published',
  `author_id` int(11) NOT NULL,
  `author_type` varchar(255) COLLATE utf8mb4_unicode_ci NOT NULL DEFAULT 'Botble\\ACL\\Models\\User',
  `icon` varchar(60) COLLATE utf8mb4_unicode_ci DEFAULT NULL,
  `order` tinyint(4) NOT NULL DEFAULT 0,
  `is_featured` tinyint(4) NOT NULL DEFAULT 0,
  `is_default` tinyint(3) unsigned NOT NULL DEFAULT 0,
  `created_at` timestamp NULL DEFAULT NULL,
  `updated_at` timestamp NULL DEFAULT NULL,
  PRIMARY KEY (`id`)
) ENGINE=InnoDB AUTO_INCREMENT=5 DEFAULT CHARSET=utf8mb4 COLLATE=utf8mb4_unicode_ci;
/*!40101 SET character_set_client = @saved_cs_client */;

--
-- Dumping data for table `categories`
--

LOCK TABLES `categories` WRITE;
/*!40000 ALTER TABLE `categories` DISABLE KEYS */;
INSERT INTO `categories` VALUES (1,'Ecommerce',0,'Ullam provident sint maxime neque alias. Cum aperiam odio sunt omnis est dolore sequi. Molestiae odio ea voluptatum. Sint rem saepe et autem occaecati est.','published',1,'Botble\\ACL\\Models\\User',NULL,0,0,1,'2022-01-03 21:24:04','2022-01-03 21:24:04'),(2,'Fashion',0,'Inventore corrupti animi saepe ipsam nisi deleniti vero. Quos consequuntur et rerum occaecati voluptas odio. Voluptas iusto numquam incidunt sit. Voluptatem ea qui aut assumenda.','published',1,'Botble\\ACL\\Models\\User',NULL,0,1,0,'2022-01-03 21:24:04','2022-01-03 21:24:04'),(3,'Electronic',0,'Dolor rerum culpa nobis sed harum. Dolorem possimus provident velit est ut. Beatae libero quisquam quo rem est nulla qui ea. Amet autem laudantium non. Porro et quae ea voluptas et.','published',1,'Botble\\ACL\\Models\\User',NULL,0,1,0,'2022-01-03 21:24:04','2022-01-03 21:24:04'),(4,'Commercial',0,'Tempore rerum est architecto et sint. Velit perferendis qui quo est quis non at. Qui vel et aut quia eveniet a sint delectus. Eius cum velit soluta molestiae eos.','published',1,'Botble\\ACL\\Models\\User',NULL,0,1,0,'2022-01-03 21:24:04','2022-01-03 21:24:04');
/*!40000 ALTER TABLE `categories` ENABLE KEYS */;
UNLOCK TABLES;

--
-- Table structure for table `categories_translations`
--

DROP TABLE IF EXISTS `categories_translations`;
/*!40101 SET @saved_cs_client     = @@character_set_client */;
/*!40101 SET character_set_client = utf8 */;
CREATE TABLE `categories_translations` (
  `lang_code` varchar(191) COLLATE utf8mb4_unicode_ci NOT NULL,
  `categories_id` int(11) NOT NULL,
  `name` varchar(255) COLLATE utf8mb4_unicode_ci DEFAULT NULL,
  `description` varchar(400) COLLATE utf8mb4_unicode_ci DEFAULT NULL,
  PRIMARY KEY (`lang_code`,`categories_id`)
) ENGINE=InnoDB DEFAULT CHARSET=utf8mb4 COLLATE=utf8mb4_unicode_ci;
/*!40101 SET character_set_client = @saved_cs_client */;

--
-- Dumping data for table `categories_translations`
--

LOCK TABLES `categories_translations` WRITE;
/*!40000 ALTER TABLE `categories_translations` DISABLE KEYS */;
INSERT INTO `categories_translations` VALUES ('vi',1,'Thương mại điện tử',NULL),('vi',2,'Thời trang',NULL),('vi',3,'Điện tử',NULL),('vi',4,'Thương mại',NULL);
/*!40000 ALTER TABLE `categories_translations` ENABLE KEYS */;
UNLOCK TABLES;

--
-- Table structure for table `cities`
--

DROP TABLE IF EXISTS `cities`;
/*!40101 SET @saved_cs_client     = @@character_set_client */;
/*!40101 SET character_set_client = utf8 */;
CREATE TABLE `cities` (
  `id` bigint(20) unsigned NOT NULL AUTO_INCREMENT,
  `name` varchar(120) COLLATE utf8mb4_unicode_ci NOT NULL,
  `state_id` int(10) unsigned NOT NULL,
  `country_id` int(10) unsigned DEFAULT NULL,
  `record_id` varchar(40) COLLATE utf8mb4_unicode_ci DEFAULT NULL,
  `order` tinyint(4) NOT NULL DEFAULT 0,
  `is_default` tinyint(3) unsigned NOT NULL DEFAULT 0,
  `status` varchar(60) COLLATE utf8mb4_unicode_ci NOT NULL DEFAULT 'published',
  `created_at` timestamp NULL DEFAULT NULL,
  `updated_at` timestamp NULL DEFAULT NULL,
  PRIMARY KEY (`id`)
) ENGINE=InnoDB DEFAULT CHARSET=utf8mb4 COLLATE=utf8mb4_unicode_ci;
/*!40101 SET character_set_client = @saved_cs_client */;

--
-- Dumping data for table `cities`
--

LOCK TABLES `cities` WRITE;
/*!40000 ALTER TABLE `cities` DISABLE KEYS */;
/*!40000 ALTER TABLE `cities` ENABLE KEYS */;
UNLOCK TABLES;

--
-- Table structure for table `cities_backup`
--

DROP TABLE IF EXISTS `cities_backup`;
/*!40101 SET @saved_cs_client     = @@character_set_client */;
/*!40101 SET character_set_client = utf8 */;
CREATE TABLE `cities_backup` (
  `id` bigint(20) unsigned NOT NULL AUTO_INCREMENT,
  `name` varchar(120) COLLATE utf8mb4_unicode_ci NOT NULL,
  `state_id` int(10) unsigned NOT NULL,
  `country_id` int(10) unsigned DEFAULT NULL,
  `record_id` varchar(40) COLLATE utf8mb4_unicode_ci DEFAULT NULL,
  `order` tinyint(4) NOT NULL DEFAULT 0,
  `is_default` tinyint(3) unsigned NOT NULL DEFAULT 0,
  `status` varchar(60) COLLATE utf8mb4_unicode_ci NOT NULL DEFAULT 'published',
  `created_at` timestamp NULL DEFAULT NULL,
  `updated_at` timestamp NULL DEFAULT NULL,
  PRIMARY KEY (`id`)
) ENGINE=InnoDB DEFAULT CHARSET=utf8mb4 COLLATE=utf8mb4_unicode_ci;
/*!40101 SET character_set_client = @saved_cs_client */;

--
-- Dumping data for table `cities_backup`
--

LOCK TABLES `cities_backup` WRITE;
/*!40000 ALTER TABLE `cities_backup` DISABLE KEYS */;
/*!40000 ALTER TABLE `cities_backup` ENABLE KEYS */;
UNLOCK TABLES;

--
-- Table structure for table `cities_translations`
--

DROP TABLE IF EXISTS `cities_translations`;
/*!40101 SET @saved_cs_client     = @@character_set_client */;
/*!40101 SET character_set_client = utf8 */;
CREATE TABLE `cities_translations` (
  `lang_code` varchar(191) COLLATE utf8mb4_unicode_ci NOT NULL,
  `cities_id` int(11) NOT NULL,
  `name` varchar(120) COLLATE utf8mb4_unicode_ci DEFAULT NULL,
  PRIMARY KEY (`lang_code`,`cities_id`)
) ENGINE=InnoDB DEFAULT CHARSET=utf8mb4 COLLATE=utf8mb4_unicode_ci;
/*!40101 SET character_set_client = @saved_cs_client */;

--
-- Dumping data for table `cities_translations`
--

LOCK TABLES `cities_translations` WRITE;
/*!40000 ALTER TABLE `cities_translations` DISABLE KEYS */;
/*!40000 ALTER TABLE `cities_translations` ENABLE KEYS */;
UNLOCK TABLES;

--
-- Table structure for table `contact_replies`
--

DROP TABLE IF EXISTS `contact_replies`;
/*!40101 SET @saved_cs_client     = @@character_set_client */;
/*!40101 SET character_set_client = utf8 */;
CREATE TABLE `contact_replies` (
  `id` bigint(20) unsigned NOT NULL AUTO_INCREMENT,
  `message` longtext COLLATE utf8mb4_unicode_ci NOT NULL,
  `contact_id` int(11) NOT NULL,
  `created_at` timestamp NULL DEFAULT NULL,
  `updated_at` timestamp NULL DEFAULT NULL,
  PRIMARY KEY (`id`)
) ENGINE=InnoDB DEFAULT CHARSET=utf8mb4 COLLATE=utf8mb4_unicode_ci;
/*!40101 SET character_set_client = @saved_cs_client */;

--
-- Dumping data for table `contact_replies`
--

LOCK TABLES `contact_replies` WRITE;
/*!40000 ALTER TABLE `contact_replies` DISABLE KEYS */;
/*!40000 ALTER TABLE `contact_replies` ENABLE KEYS */;
UNLOCK TABLES;

--
-- Table structure for table `contacts`
--

DROP TABLE IF EXISTS `contacts`;
/*!40101 SET @saved_cs_client     = @@character_set_client */;
/*!40101 SET character_set_client = utf8 */;
CREATE TABLE `contacts` (
  `id` bigint(20) unsigned NOT NULL AUTO_INCREMENT,
  `name` varchar(60) COLLATE utf8mb4_unicode_ci NOT NULL,
  `email` varchar(60) COLLATE utf8mb4_unicode_ci NOT NULL,
  `phone` varchar(60) COLLATE utf8mb4_unicode_ci DEFAULT NULL,
  `address` varchar(120) COLLATE utf8mb4_unicode_ci DEFAULT NULL,
  `subject` varchar(120) COLLATE utf8mb4_unicode_ci DEFAULT NULL,
  `content` longtext COLLATE utf8mb4_unicode_ci NOT NULL,
  `status` varchar(60) COLLATE utf8mb4_unicode_ci NOT NULL DEFAULT 'unread',
  `created_at` timestamp NULL DEFAULT NULL,
  `updated_at` timestamp NULL DEFAULT NULL,
  PRIMARY KEY (`id`)
) ENGINE=InnoDB AUTO_INCREMENT=11 DEFAULT CHARSET=utf8mb4 COLLATE=utf8mb4_unicode_ci;
/*!40101 SET character_set_client = @saved_cs_client */;

--
-- Dumping data for table `contacts`
--

LOCK TABLES `contacts` WRITE;
/*!40000 ALTER TABLE `contacts` DISABLE KEYS */;
INSERT INTO `contacts` VALUES (1,'Mandy Kuphal','jakubowski.adolfo@example.net','737.272.4264','850 Cyrus Cove\nNorth Beth, UT 56387','Necessitatibus illo at omnis qui.','Ullam aut sunt esse. Tempore non voluptatum repellendus neque rerum. Provident beatae nam et animi possimus et voluptates. Fugit neque ullam voluptatem. Inventore sit commodi voluptas non soluta deleniti libero et. Saepe excepturi sint dolor iste. Et est atque expedita perferendis maxime. Placeat qui aspernatur accusamus. Cupiditate culpa voluptatum omnis hic accusantium placeat. Nam ipsam fugit inventore animi facilis excepturi minima.','unread','2022-01-03 21:24:00','2022-01-03 21:24:00'),(2,'Ali Wehner','keanu.okon@example.org','+1-234-813-8253','5234 Katrina Brook\nWillardburgh, OH 94019','Voluptas quo eum voluptas.','Ut molestiae ipsa itaque sit reprehenderit. Voluptatem officiis et est repellendus laborum. Fugiat et esse accusantium voluptas. Itaque dignissimos blanditiis quia sunt ea repellat tenetur. Quis reprehenderit rerum ipsam impedit enim officia quam consequatur. Ea porro consequatur voluptas. Unde aliquam expedita asperiores est est dicta aut. Enim ut nulla vero. Omnis sit et dolor et rerum. Id dolor ut aspernatur provident rem. Sed voluptatem repudiandae reprehenderit quae vel veritatis dolores.','read','2022-01-03 21:24:00','2022-01-03 21:24:00'),(3,'Mrs. Marilie Kuhlman MD','tyreek83@example.net','220-730-3007','803 Mina Shoals\nSelinamouth, MO 79000-7895','Et sunt dolore quibusdam consectetur.','Praesentium ut sed perferendis animi expedita. Dolores quis et ullam. Qui commodi exercitationem quod commodi tempora est blanditiis. Nam dolore placeat quas sit esse porro ad. Dignissimos et consequuntur magni et repellat et. Suscipit enim est et iure et. Sunt ex sit repellat eos quia. Sed mollitia explicabo qui dolore velit ipsum in quia. Quisquam qui nulla necessitatibus pariatur voluptates sunt sed.','read','2022-01-03 21:24:00','2022-01-03 21:24:00'),(4,'Annabelle Watsica','billie77@example.net','425.375.1957','1016 Pfannerstill Haven\nBruenside, AR 18478-7613','Voluptas perspiciatis natus rerum qui mollitia.','Est velit ea quia doloribus. Voluptatem saepe optio quia. Iure quod alias vel et natus. Ratione incidunt inventore facere eos facilis vel et. Inventore laudantium excepturi cupiditate maxime et aut. Aut facere facere nostrum iste porro fugiat quidem. Repellat et animi explicabo molestias. Eveniet dolor animi eligendi architecto sit modi. Consequatur perferendis corporis nobis culpa corrupti earum quia. Officiis natus ratione reiciendis modi omnis.','read','2022-01-03 21:24:00','2022-01-03 21:24:00'),(5,'Theresa Ankunding','jeffry60@example.org','304.531.1538','30168 Fahey Wells\nEstherbury, MN 86442','Voluptatibus possimus nam corporis saepe.','Omnis sapiente cum alias temporibus iure. Facilis tempora quae error enim voluptas velit id odio. Blanditiis numquam libero soluta a ex ut alias facere. Ullam repellat dolores aut quia minus quaerat. Et omnis vitae odio nulla cumque fuga error. Necessitatibus qui dolorem soluta est. Reiciendis velit corrupti repudiandae nobis et et. Libero dolorem quis animi saepe. Voluptatibus et laborum quia et sit ut. Culpa quas atque quas. Reprehenderit molestiae id assumenda est possimus consequatur.','unread','2022-01-03 21:24:00','2022-01-03 21:24:00'),(6,'Noel Schmitt','gisselle86@example.com','+1.704.336.7984','4009 Schoen Bypass Apt. 683\nNew Heloise, CO 45992','Sit corrupti quaerat laudantium dolorem.','Quas et ea consequatur quisquam assumenda. Et et ea ipsa qui dolor eos sed. Ducimus dolorem similique voluptas sed officiis. Eum repudiandae quia est veritatis inventore non molestiae et. Dolorum rerum quasi culpa. Cumque facilis nam soluta et. A optio natus dolorum quia hic architecto. Ipsam ad et praesentium numquam officia sed similique. Officiis fugit dolor dolorem qui magni atque. Accusantium veritatis eius harum earum modi. Accusantium atque quia sit illo aut id. Qui quaerat cumque eius.','unread','2022-01-03 21:24:00','2022-01-03 21:24:00'),(7,'Terence Kub','ngislason@example.com','(618) 481-6666','90039 Crona Rest Apt. 055\nValentineview, NJ 51864','Veritatis ab voluptas odit.','Ullam eos eaque omnis deleniti sed pariatur laboriosam. Quia vitae maxime in nostrum laboriosam voluptatum enim. Molestiae beatae omnis eos enim non tempore. Accusamus deserunt iusto sed ipsum eos ut. Mollitia beatae a sed voluptas nobis ex saepe qui. Libero eius qui et et sapiente quibusdam. Labore et maxime autem rem facere nihil. Enim voluptatum laboriosam beatae. Ratione est eum omnis consectetur sequi. Et ab fugiat aut aut inventore.','unread','2022-01-03 21:24:00','2022-01-03 21:24:00'),(8,'Kris Harvey','fahey.alvina@example.net','+1-847-331-5323','34145 Strosin Shoal\nPort Ebba, OH 24124-1649','Enim vel ipsa et iure suscipit laboriosam.','Error aut corporis esse omnis quasi dolorum. Minima recusandae velit sit. Nostrum perferendis iusto enim est eius dolorem et. Deleniti ut reiciendis necessitatibus eum dicta occaecati. Aut voluptates atque facere. Est quas eum sequi quam rem non. Quod nam aspernatur aliquam cum enim ipsa voluptatem. Eligendi qui qui impedit ratione tenetur sed minima. Dolores mollitia cumque quod saepe saepe. Reprehenderit at beatae quia omnis quo molestiae. Natus expedita nobis aliquid cum nam quis.','read','2022-01-03 21:24:00','2022-01-03 21:24:00'),(9,'Zelma Barton','elyse.stroman@example.net','+1-936-391-2065','26354 Morissette Stream\nVolkmantown, NV 96389','Qui eum impedit deserunt iusto beatae quas.','Repudiandae accusantium error et quia a. Eum distinctio corporis quis quidem optio non quasi. Vitae nesciunt aspernatur earum tempore voluptatem accusamus reprehenderit. Quo ducimus harum animi est. Est nostrum magnam quia itaque officiis consequuntur et. Molestias non architecto voluptatem repellendus est. Eius sunt dolor esse voluptatibus quia voluptatem placeat.','unread','2022-01-03 21:24:00','2022-01-03 21:24:00'),(10,'Albertha Bruen','ebba89@example.net','+1-234-215-2875','35888 Mertz Plaza\nEast Gersonberg, WV 76198','In vel aut delectus similique ea delectus minima.','Explicabo eaque vel deserunt animi dicta saepe voluptas quo. Veritatis eum vitae quia tempora dolorem. Fugiat omnis tempora asperiores eius maxime. Nobis nesciunt sapiente quas beatae. Non ut consequatur aliquid ullam id cumque aperiam. Est neque nesciunt necessitatibus enim. Sit accusamus perspiciatis magni sed dolores omnis aliquid ipsa. Consequatur culpa ad dolores.','read','2022-01-03 21:24:00','2022-01-03 21:24:00');
/*!40000 ALTER TABLE `contacts` ENABLE KEYS */;
UNLOCK TABLES;

--
-- Table structure for table `countries`
--

DROP TABLE IF EXISTS `countries`;
/*!40101 SET @saved_cs_client     = @@character_set_client */;
/*!40101 SET character_set_client = utf8 */;
CREATE TABLE `countries` (
  `id` bigint(20) unsigned NOT NULL AUTO_INCREMENT,
  `name` varchar(120) COLLATE utf8mb4_unicode_ci NOT NULL,
  `nationality` varchar(120) COLLATE utf8mb4_unicode_ci DEFAULT NULL,
  `order` tinyint(4) NOT NULL DEFAULT 0,
  `is_default` tinyint(3) unsigned NOT NULL DEFAULT 0,
  `status` varchar(60) COLLATE utf8mb4_unicode_ci NOT NULL DEFAULT 'published',
  `created_at` timestamp NULL DEFAULT NULL,
  `updated_at` timestamp NULL DEFAULT NULL,
  `code` varchar(10) COLLATE utf8mb4_unicode_ci DEFAULT NULL,
  PRIMARY KEY (`id`)
) ENGINE=InnoDB DEFAULT CHARSET=utf8mb4 COLLATE=utf8mb4_unicode_ci;
/*!40101 SET character_set_client = @saved_cs_client */;

--
-- Dumping data for table `countries`
--

LOCK TABLES `countries` WRITE;
/*!40000 ALTER TABLE `countries` DISABLE KEYS */;
/*!40000 ALTER TABLE `countries` ENABLE KEYS */;
UNLOCK TABLES;

--
-- Table structure for table `countries_backup`
--

DROP TABLE IF EXISTS `countries_backup`;
/*!40101 SET @saved_cs_client     = @@character_set_client */;
/*!40101 SET character_set_client = utf8 */;
CREATE TABLE `countries_backup` (
  `id` bigint(20) unsigned NOT NULL AUTO_INCREMENT,
  `name` varchar(120) COLLATE utf8mb4_unicode_ci NOT NULL,
  `nationality` varchar(120) COLLATE utf8mb4_unicode_ci NOT NULL,
  `order` tinyint(4) NOT NULL DEFAULT 0,
  `is_default` tinyint(3) unsigned NOT NULL DEFAULT 0,
  `status` varchar(60) COLLATE utf8mb4_unicode_ci NOT NULL DEFAULT 'published',
  `created_at` timestamp NULL DEFAULT NULL,
  `updated_at` timestamp NULL DEFAULT NULL,
  PRIMARY KEY (`id`)
) ENGINE=InnoDB DEFAULT CHARSET=utf8mb4 COLLATE=utf8mb4_unicode_ci;
/*!40101 SET character_set_client = @saved_cs_client */;

--
-- Dumping data for table `countries_backup`
--

LOCK TABLES `countries_backup` WRITE;
/*!40000 ALTER TABLE `countries_backup` DISABLE KEYS */;
/*!40000 ALTER TABLE `countries_backup` ENABLE KEYS */;
UNLOCK TABLES;

--
-- Table structure for table `countries_translations`
--

DROP TABLE IF EXISTS `countries_translations`;
/*!40101 SET @saved_cs_client     = @@character_set_client */;
/*!40101 SET character_set_client = utf8 */;
CREATE TABLE `countries_translations` (
  `lang_code` varchar(191) COLLATE utf8mb4_unicode_ci NOT NULL,
  `countries_id` int(11) NOT NULL,
  `name` varchar(120) COLLATE utf8mb4_unicode_ci DEFAULT NULL,
  `nationality` varchar(120) COLLATE utf8mb4_unicode_ci DEFAULT NULL,
  PRIMARY KEY (`lang_code`,`countries_id`)
) ENGINE=InnoDB DEFAULT CHARSET=utf8mb4 COLLATE=utf8mb4_unicode_ci;
/*!40101 SET character_set_client = @saved_cs_client */;

--
-- Dumping data for table `countries_translations`
--

LOCK TABLES `countries_translations` WRITE;
/*!40000 ALTER TABLE `countries_translations` DISABLE KEYS */;
/*!40000 ALTER TABLE `countries_translations` ENABLE KEYS */;
UNLOCK TABLES;

--
-- Table structure for table `dashboard_widget_settings`
--

DROP TABLE IF EXISTS `dashboard_widget_settings`;
/*!40101 SET @saved_cs_client     = @@character_set_client */;
/*!40101 SET character_set_client = utf8 */;
CREATE TABLE `dashboard_widget_settings` (
  `id` bigint(20) unsigned NOT NULL AUTO_INCREMENT,
  `settings` text COLLATE utf8mb4_unicode_ci DEFAULT NULL,
  `user_id` int(10) unsigned NOT NULL,
  `widget_id` int(10) unsigned NOT NULL,
  `order` tinyint(3) unsigned NOT NULL DEFAULT 0,
  `status` tinyint(3) unsigned NOT NULL DEFAULT 1,
  `created_at` timestamp NULL DEFAULT NULL,
  `updated_at` timestamp NULL DEFAULT NULL,
  PRIMARY KEY (`id`),
  KEY `dashboard_widget_settings_user_id_index` (`user_id`),
  KEY `dashboard_widget_settings_widget_id_index` (`widget_id`)
) ENGINE=InnoDB DEFAULT CHARSET=utf8mb4 COLLATE=utf8mb4_unicode_ci;
/*!40101 SET character_set_client = @saved_cs_client */;

--
-- Dumping data for table `dashboard_widget_settings`
--

LOCK TABLES `dashboard_widget_settings` WRITE;
/*!40000 ALTER TABLE `dashboard_widget_settings` DISABLE KEYS */;
/*!40000 ALTER TABLE `dashboard_widget_settings` ENABLE KEYS */;
UNLOCK TABLES;

--
-- Table structure for table `dashboard_widgets`
--

DROP TABLE IF EXISTS `dashboard_widgets`;
/*!40101 SET @saved_cs_client     = @@character_set_client */;
/*!40101 SET character_set_client = utf8 */;
CREATE TABLE `dashboard_widgets` (
  `id` bigint(20) unsigned NOT NULL AUTO_INCREMENT,
  `name` varchar(120) COLLATE utf8mb4_unicode_ci NOT NULL,
  `created_at` timestamp NULL DEFAULT NULL,
  `updated_at` timestamp NULL DEFAULT NULL,
  PRIMARY KEY (`id`)
) ENGINE=InnoDB DEFAULT CHARSET=utf8mb4 COLLATE=utf8mb4_unicode_ci;
/*!40101 SET character_set_client = @saved_cs_client */;

--
-- Dumping data for table `dashboard_widgets`
--

LOCK TABLES `dashboard_widgets` WRITE;
/*!40000 ALTER TABLE `dashboard_widgets` DISABLE KEYS */;
/*!40000 ALTER TABLE `dashboard_widgets` ENABLE KEYS */;
UNLOCK TABLES;

--
-- Table structure for table `ec_brands`
--

DROP TABLE IF EXISTS `ec_brands`;
/*!40101 SET @saved_cs_client     = @@character_set_client */;
/*!40101 SET character_set_client = utf8 */;
CREATE TABLE `ec_brands` (
  `id` bigint(20) unsigned NOT NULL AUTO_INCREMENT,
  `name` varchar(191) COLLATE utf8mb4_unicode_ci NOT NULL,
  `description` mediumtext COLLATE utf8mb4_unicode_ci DEFAULT NULL,
  `website` varchar(255) COLLATE utf8mb4_unicode_ci DEFAULT NULL,
  `logo` varchar(255) COLLATE utf8mb4_unicode_ci DEFAULT NULL,
  `status` varchar(60) COLLATE utf8mb4_unicode_ci NOT NULL DEFAULT 'published',
  `order` tinyint(3) unsigned NOT NULL DEFAULT 0,
  `is_featured` tinyint(3) unsigned NOT NULL DEFAULT 0,
  `created_at` timestamp NULL DEFAULT NULL,
  `updated_at` timestamp NULL DEFAULT NULL,
  PRIMARY KEY (`id`)
) ENGINE=InnoDB AUTO_INCREMENT=8 DEFAULT CHARSET=utf8mb4 COLLATE=utf8mb4_unicode_ci;
/*!40101 SET character_set_client = @saved_cs_client */;

--
-- Dumping data for table `ec_brands`
--

LOCK TABLES `ec_brands` WRITE;
/*!40000 ALTER TABLE `ec_brands` DISABLE KEYS */;
INSERT INTO `ec_brands` VALUES (1,'Fashion live',NULL,NULL,'brands/1.jpg','published',0,1,'2022-01-03 21:23:41','2022-01-03 21:23:41'),(2,'Hand crafted',NULL,NULL,'brands/2.jpg','published',1,1,'2022-01-03 21:23:41','2022-01-03 21:23:41'),(3,'Mestonix',NULL,NULL,'brands/3.jpg','published',2,1,'2022-01-03 21:23:41','2022-01-03 21:23:41'),(4,'Sunshine',NULL,NULL,'brands/4.jpg','published',3,1,'2022-01-03 21:23:41','2022-01-03 21:23:41'),(5,'Pure',NULL,NULL,'brands/5.jpg','published',4,1,'2022-01-03 21:23:41','2022-01-03 21:23:41'),(6,'Anfold',NULL,NULL,'brands/6.jpg','published',5,1,'2022-01-03 21:23:41','2022-01-03 21:23:41'),(7,'Automotive',NULL,NULL,'brands/7.jpg','published',6,1,'2022-01-03 21:23:41','2022-01-03 21:23:41');
/*!40000 ALTER TABLE `ec_brands` ENABLE KEYS */;
UNLOCK TABLES;

--
-- Table structure for table `ec_brands_translations`
--

DROP TABLE IF EXISTS `ec_brands_translations`;
/*!40101 SET @saved_cs_client     = @@character_set_client */;
/*!40101 SET character_set_client = utf8 */;
CREATE TABLE `ec_brands_translations` (
  `lang_code` varchar(191) COLLATE utf8mb4_unicode_ci NOT NULL,
  `ec_brands_id` int(11) NOT NULL,
  `name` varchar(191) COLLATE utf8mb4_unicode_ci DEFAULT NULL,
  `description` varchar(191) COLLATE utf8mb4_unicode_ci DEFAULT NULL,
  PRIMARY KEY (`lang_code`,`ec_brands_id`)
) ENGINE=InnoDB DEFAULT CHARSET=utf8mb4 COLLATE=utf8mb4_unicode_ci;
/*!40101 SET character_set_client = @saved_cs_client */;

--
-- Dumping data for table `ec_brands_translations`
--

LOCK TABLES `ec_brands_translations` WRITE;
/*!40000 ALTER TABLE `ec_brands_translations` DISABLE KEYS */;
INSERT INTO `ec_brands_translations` VALUES ('vi',1,'Fashion live',NULL),('vi',2,'Hand crafted',NULL),('vi',3,'Mestonix',NULL),('vi',4,'Sunshine',NULL),('vi',5,'Pure',NULL),('vi',6,'Anfold',NULL),('vi',7,'Automotive',NULL);
/*!40000 ALTER TABLE `ec_brands_translations` ENABLE KEYS */;
UNLOCK TABLES;

--
-- Table structure for table `ec_cart`
--

DROP TABLE IF EXISTS `ec_cart`;
/*!40101 SET @saved_cs_client     = @@character_set_client */;
/*!40101 SET character_set_client = utf8 */;
CREATE TABLE `ec_cart` (
  `identifier` varchar(191) COLLATE utf8mb4_unicode_ci NOT NULL,
  `instance` varchar(191) COLLATE utf8mb4_unicode_ci NOT NULL,
  `content` longtext COLLATE utf8mb4_unicode_ci NOT NULL,
  `created_at` timestamp NULL DEFAULT NULL,
  `updated_at` timestamp NULL DEFAULT NULL,
  PRIMARY KEY (`identifier`,`instance`)
) ENGINE=InnoDB DEFAULT CHARSET=utf8mb4 COLLATE=utf8mb4_unicode_ci;
/*!40101 SET character_set_client = @saved_cs_client */;

--
-- Dumping data for table `ec_cart`
--

LOCK TABLES `ec_cart` WRITE;
/*!40000 ALTER TABLE `ec_cart` DISABLE KEYS */;
/*!40000 ALTER TABLE `ec_cart` ENABLE KEYS */;
UNLOCK TABLES;

--
-- Table structure for table `ec_currencies`
--

DROP TABLE IF EXISTS `ec_currencies`;
/*!40101 SET @saved_cs_client     = @@character_set_client */;
/*!40101 SET character_set_client = utf8 */;
CREATE TABLE `ec_currencies` (
  `id` bigint(20) unsigned NOT NULL AUTO_INCREMENT,
  `title` varchar(191) COLLATE utf8mb4_unicode_ci NOT NULL,
  `symbol` varchar(10) COLLATE utf8mb4_unicode_ci NOT NULL,
  `is_prefix_symbol` tinyint(3) unsigned NOT NULL DEFAULT 0,
  `decimals` tinyint(3) unsigned DEFAULT 0,
  `order` int(10) unsigned DEFAULT 0,
  `is_default` tinyint(4) NOT NULL DEFAULT 0,
  `exchange_rate` double NOT NULL DEFAULT 1,
  `created_at` timestamp NULL DEFAULT NULL,
  `updated_at` timestamp NULL DEFAULT NULL,
  PRIMARY KEY (`id`)
) ENGINE=InnoDB AUTO_INCREMENT=4 DEFAULT CHARSET=utf8mb4 COLLATE=utf8mb4_unicode_ci;
/*!40101 SET character_set_client = @saved_cs_client */;

--
-- Dumping data for table `ec_currencies`
--

LOCK TABLES `ec_currencies` WRITE;
/*!40000 ALTER TABLE `ec_currencies` DISABLE KEYS */;
INSERT INTO `ec_currencies` VALUES (1,'USD','$',1,2,0,1,1,'2022-01-03 21:23:42','2022-01-03 21:23:42'),(2,'EUR','€',0,2,1,0,0.84,'2022-01-03 21:23:42','2022-01-03 21:23:42'),(3,'VND','₫',0,0,2,0,23203,'2022-01-03 21:23:42','2022-01-03 21:23:42');
/*!40000 ALTER TABLE `ec_currencies` ENABLE KEYS */;
UNLOCK TABLES;

--
-- Table structure for table `ec_customer_addresses`
--

DROP TABLE IF EXISTS `ec_customer_addresses`;
/*!40101 SET @saved_cs_client     = @@character_set_client */;
/*!40101 SET character_set_client = utf8 */;
CREATE TABLE `ec_customer_addresses` (
  `id` bigint(20) unsigned NOT NULL AUTO_INCREMENT,
  `name` varchar(191) COLLATE utf8mb4_unicode_ci NOT NULL,
  `email` varchar(60) COLLATE utf8mb4_unicode_ci DEFAULT NULL,
  `phone` varchar(20) COLLATE utf8mb4_unicode_ci DEFAULT NULL,
  `country` varchar(120) COLLATE utf8mb4_unicode_ci DEFAULT NULL,
  `state` varchar(120) COLLATE utf8mb4_unicode_ci DEFAULT NULL,
  `city` varchar(120) COLLATE utf8mb4_unicode_ci DEFAULT NULL,
  `address` varchar(191) COLLATE utf8mb4_unicode_ci NOT NULL,
  `customer_id` int(10) unsigned NOT NULL,
  `is_default` tinyint(3) unsigned NOT NULL DEFAULT 0,
  `created_at` timestamp NULL DEFAULT NULL,
  `updated_at` timestamp NULL DEFAULT NULL,
  `zip_code` varchar(20) COLLATE utf8mb4_unicode_ci DEFAULT NULL,
  PRIMARY KEY (`id`)
) ENGINE=InnoDB AUTO_INCREMENT=13 DEFAULT CHARSET=utf8mb4 COLLATE=utf8mb4_unicode_ci;
/*!40101 SET character_set_client = @saved_cs_client */;

--
-- Dumping data for table `ec_customer_addresses`
--

LOCK TABLES `ec_customer_addresses` WRITE;
/*!40000 ALTER TABLE `ec_customer_addresses` DISABLE KEYS */;
INSERT INTO `ec_customer_addresses` VALUES (1,'Manley Schuster V','customer@botble.com','+17704776856','SB','Nebraska','East Claude','829 Grimes Rapids Suite 933',1,1,'2022-01-03 21:23:59','2022-01-03 21:23:59','49558'),(2,'Manley Schuster V','customer@botble.com','+15852633775','MS','Ohio','West Genesis','650 Rahul Unions',1,0,'2022-01-03 21:23:59','2022-01-03 21:23:59','63369'),(3,'Prof. Freeman O\'Hara','vendor@botble.com','+13808906888','MZ','New Hampshire','West Pearline','9995 Wintheiser Ridges',2,1,'2022-01-03 21:23:59','2022-01-03 21:23:59','18538'),(4,'Prof. Freeman O\'Hara','vendor@botble.com','+13605662402','GA','Maryland','North Kennethmouth','8738 Hellen Glen Apt. 447',2,0,'2022-01-03 21:23:59','2022-01-03 21:23:59','67776'),(5,'Eula Cormier','yraynor@example.org','+16105605351','GS','Hawaii','Macejkovicberg','26865 Monte Neck',3,1,'2022-01-03 21:23:59','2022-01-03 21:23:59','60779-4888'),(6,'Bertha Altenwerth','darion.lesch@example.net','+12838002675','GE','Pennsylvania','Elfriedahaven','4188 Jacklyn Turnpike',4,1,'2022-01-03 21:23:59','2022-01-03 21:23:59','58997'),(7,'Shakira Armstrong','wkutch@example.org','+16512368366','AI','Maine','New Jaydatown','655 Osvaldo Radial Suite 829',5,1,'2022-01-03 21:23:59','2022-01-03 21:23:59','14868'),(8,'Dixie O\'Kon Sr.','natalia11@example.com','+18728302443','MR','Wisconsin','Lake Linwood','30863 Euna View Suite 383',6,1,'2022-01-03 21:23:59','2022-01-03 21:23:59','25161-1347'),(9,'Rosie Haley','cassin.lily@example.com','+18648628910','EC','Rhode Island','Johathanmouth','555 Georgianna Tunnel',7,1,'2022-01-03 21:23:59','2022-01-03 21:23:59','48157'),(10,'Reinhold Jacobs','emilio.hirthe@example.net','+19147680512','YE','Rhode Island','Millerville','56074 Marquis Falls',8,1,'2022-01-03 21:24:00','2022-01-03 21:24:00','09163-4144'),(11,'Ashtyn Christiansen','jacynthe52@example.org','+19806338310','BE','Missouri','Dickinsontown','90317 Triston Shores Apt. 791',9,1,'2022-01-03 21:24:00','2022-01-03 21:24:00','34284'),(12,'Tia Nolan V','wilma.leuschke@example.org','+18627268506','PG','Alaska','Port Mosesland','9086 Mandy Roads Suite 749',10,1,'2022-01-03 21:24:00','2022-01-03 21:24:00','58084');
/*!40000 ALTER TABLE `ec_customer_addresses` ENABLE KEYS */;
UNLOCK TABLES;

--
-- Table structure for table `ec_customer_password_resets`
--

DROP TABLE IF EXISTS `ec_customer_password_resets`;
/*!40101 SET @saved_cs_client     = @@character_set_client */;
/*!40101 SET character_set_client = utf8 */;
CREATE TABLE `ec_customer_password_resets` (
  `email` varchar(191) COLLATE utf8mb4_unicode_ci NOT NULL,
  `token` varchar(191) COLLATE utf8mb4_unicode_ci NOT NULL,
  `created_at` timestamp NULL DEFAULT NULL,
  KEY `ec_customer_password_resets_email_index` (`email`),
  KEY `ec_customer_password_resets_token_index` (`token`)
) ENGINE=InnoDB DEFAULT CHARSET=utf8mb4 COLLATE=utf8mb4_unicode_ci;
/*!40101 SET character_set_client = @saved_cs_client */;

--
-- Dumping data for table `ec_customer_password_resets`
--

LOCK TABLES `ec_customer_password_resets` WRITE;
/*!40000 ALTER TABLE `ec_customer_password_resets` DISABLE KEYS */;
/*!40000 ALTER TABLE `ec_customer_password_resets` ENABLE KEYS */;
UNLOCK TABLES;

--
-- Table structure for table `ec_customers`
--

DROP TABLE IF EXISTS `ec_customers`;
/*!40101 SET @saved_cs_client     = @@character_set_client */;
/*!40101 SET character_set_client = utf8 */;
CREATE TABLE `ec_customers` (
  `id` bigint(20) unsigned NOT NULL AUTO_INCREMENT,
  `name` varchar(191) COLLATE utf8mb4_unicode_ci NOT NULL,
  `email` varchar(191) COLLATE utf8mb4_unicode_ci NOT NULL,
  `password` varchar(191) COLLATE utf8mb4_unicode_ci NOT NULL,
  `avatar` varchar(255) COLLATE utf8mb4_unicode_ci DEFAULT NULL,
  `dob` date DEFAULT NULL,
  `phone` varchar(25) COLLATE utf8mb4_unicode_ci DEFAULT NULL,
  `remember_token` varchar(100) COLLATE utf8mb4_unicode_ci DEFAULT NULL,
  `created_at` timestamp NULL DEFAULT NULL,
  `updated_at` timestamp NULL DEFAULT NULL,
  `confirmed_at` datetime DEFAULT NULL,
  `email_verify_token` varchar(120) COLLATE utf8mb4_unicode_ci DEFAULT NULL,
  `is_vendor` tinyint(1) NOT NULL DEFAULT 0,
  `vendor_verified_at` datetime DEFAULT NULL,
  `status` varchar(60) COLLATE utf8mb4_unicode_ci NOT NULL DEFAULT 'activated',
  PRIMARY KEY (`id`),
  UNIQUE KEY `ec_customers_email_unique` (`email`)
) ENGINE=InnoDB AUTO_INCREMENT=11 DEFAULT CHARSET=utf8mb4 COLLATE=utf8mb4_unicode_ci;
/*!40101 SET character_set_client = @saved_cs_client */;

--
-- Dumping data for table `ec_customers`
--

LOCK TABLES `ec_customers` WRITE;
/*!40000 ALTER TABLE `ec_customers` DISABLE KEYS */;
INSERT INTO `ec_customers` VALUES (1,'Manley Schuster V','customer@botble.com','$2y$10$V/QzuOCEjA3frRtij./x8e/ij0jqU9QSW09.YVxkaZGR92O6vsXC.','customers/7.jpg',NULL,'+16017234569',NULL,'2022-01-03 21:23:59','2022-01-03 21:23:59','2022-01-04 04:23:59',NULL,0,NULL,'activated'),(2,'Prof. Freeman O\'Hara','vendor@botble.com','$2y$10$WYZSKBsVRcarj0hTuf9fXun38E4.ZGO.xS5Is8sl7qOQdSbkVZtFm','customers/6.jpg',NULL,'+14636490299',NULL,'2022-01-03 21:23:59','2022-01-03 21:24:11','2022-01-04 04:23:59',NULL,1,'2022-01-04 04:24:11','activated'),(3,'Eula Cormier','yraynor@example.org','$2y$10$6hDb82/lnqpEpt9TqHt3Ju85sLqJuN5lkS.ywu9B8Ed31cqIV/kTO','customers/1.jpg',NULL,'+15392786627',NULL,'2022-01-03 21:23:59','2022-01-03 21:24:11','2022-01-04 04:23:59',NULL,1,'2022-01-04 04:24:11','activated'),(4,'Bertha Altenwerth','darion.lesch@example.net','$2y$10$QZZsgdDI9DzQ9HyV8o7Odu4S85/.uImRlNrM.kqy/Ff29Tf0XDn7q','customers/2.jpg',NULL,'+12075393428',NULL,'2022-01-03 21:23:59','2022-01-03 21:23:59','2022-01-04 04:23:59',NULL,0,NULL,'activated'),(5,'Shakira Armstrong','wkutch@example.org','$2y$10$/CLo2mrMV5DfHg6dszCTiuJBJL8nNGELen1kd79/TYFQcRDSEcbcq','customers/3.jpg',NULL,'+14028729664',NULL,'2022-01-03 21:23:59','2022-01-03 21:24:11','2022-01-04 04:23:59',NULL,1,'2022-01-04 04:24:11','activated'),(6,'Dixie O\'Kon Sr.','natalia11@example.com','$2y$10$NUgqGgwB2twPh8lbnR9QIem.1tXEmOG60nbCmVH7uHDrQcbZJbV7W','customers/4.jpg',NULL,'+17145363355',NULL,'2022-01-03 21:23:59','2022-01-03 21:24:12','2022-01-04 04:23:59',NULL,1,'2022-01-04 04:24:12','activated'),(7,'Rosie Haley','cassin.lily@example.com','$2y$10$fagV1EQI9ZuSfQJhSexylO.1tVURmEd3Pz6jb.s4T70DbI6U9HVeS','customers/5.jpg',NULL,'+18472678060',NULL,'2022-01-03 21:23:59','2022-01-03 21:23:59','2022-01-04 04:23:59',NULL,0,NULL,'activated'),(8,'Reinhold Jacobs','emilio.hirthe@example.net','$2y$10$SMMQnzqmNcE0nxJ0EQtCfeveUUkh8HneQNmvi.TOltm.4DD2oM.LG','customers/6.jpg',NULL,'+14406998773',NULL,'2022-01-03 21:24:00','2022-01-03 21:24:00','2022-01-04 04:24:00',NULL,0,NULL,'activated'),(9,'Ashtyn Christiansen','jacynthe52@example.org','$2y$10$HbUyP8nexdS9einp9s6FA.09LtF1YpKgNhRQNVpvpNKZ4mr1SgS4.','customers/7.jpg',NULL,'+13475416373',NULL,'2022-01-03 21:24:00','2022-01-03 21:24:12','2022-01-04 04:24:00',NULL,1,'2022-01-04 04:24:12','activated'),(10,'Tia Nolan V','wilma.leuschke@example.org','$2y$10$8VhT1KKqr2pAQMtBS46SMeD.jZXdQrMXiiNjKFf9goNDdxYPCyxvq','customers/8.jpg',NULL,'+13028603640',NULL,'2022-01-03 21:24:00','2022-01-03 21:24:12','2022-01-04 04:24:00',NULL,1,'2022-01-04 04:24:12','activated');
/*!40000 ALTER TABLE `ec_customers` ENABLE KEYS */;
UNLOCK TABLES;

--
-- Table structure for table `ec_discount_customers`
--

DROP TABLE IF EXISTS `ec_discount_customers`;
/*!40101 SET @saved_cs_client     = @@character_set_client */;
/*!40101 SET character_set_client = utf8 */;
CREATE TABLE `ec_discount_customers` (
  `discount_id` int(10) unsigned NOT NULL,
  `customer_id` int(10) unsigned NOT NULL,
  PRIMARY KEY (`discount_id`,`customer_id`)
) ENGINE=InnoDB DEFAULT CHARSET=utf8mb4 COLLATE=utf8mb4_unicode_ci;
/*!40101 SET character_set_client = @saved_cs_client */;

--
-- Dumping data for table `ec_discount_customers`
--

LOCK TABLES `ec_discount_customers` WRITE;
/*!40000 ALTER TABLE `ec_discount_customers` DISABLE KEYS */;
/*!40000 ALTER TABLE `ec_discount_customers` ENABLE KEYS */;
UNLOCK TABLES;

--
-- Table structure for table `ec_discount_product_collections`
--

DROP TABLE IF EXISTS `ec_discount_product_collections`;
/*!40101 SET @saved_cs_client     = @@character_set_client */;
/*!40101 SET character_set_client = utf8 */;
CREATE TABLE `ec_discount_product_collections` (
  `discount_id` int(10) unsigned NOT NULL,
  `product_collection_id` int(10) unsigned NOT NULL,
  PRIMARY KEY (`discount_id`,`product_collection_id`)
) ENGINE=InnoDB DEFAULT CHARSET=utf8mb4 COLLATE=utf8mb4_unicode_ci;
/*!40101 SET character_set_client = @saved_cs_client */;

--
-- Dumping data for table `ec_discount_product_collections`
--

LOCK TABLES `ec_discount_product_collections` WRITE;
/*!40000 ALTER TABLE `ec_discount_product_collections` DISABLE KEYS */;
/*!40000 ALTER TABLE `ec_discount_product_collections` ENABLE KEYS */;
UNLOCK TABLES;

--
-- Table structure for table `ec_discount_products`
--

DROP TABLE IF EXISTS `ec_discount_products`;
/*!40101 SET @saved_cs_client     = @@character_set_client */;
/*!40101 SET character_set_client = utf8 */;
CREATE TABLE `ec_discount_products` (
  `discount_id` int(10) unsigned NOT NULL,
  `product_id` int(10) unsigned NOT NULL,
  PRIMARY KEY (`discount_id`,`product_id`)
) ENGINE=InnoDB DEFAULT CHARSET=utf8mb4 COLLATE=utf8mb4_unicode_ci;
/*!40101 SET character_set_client = @saved_cs_client */;

--
-- Dumping data for table `ec_discount_products`
--

LOCK TABLES `ec_discount_products` WRITE;
/*!40000 ALTER TABLE `ec_discount_products` DISABLE KEYS */;
/*!40000 ALTER TABLE `ec_discount_products` ENABLE KEYS */;
UNLOCK TABLES;

--
-- Table structure for table `ec_discounts`
--

DROP TABLE IF EXISTS `ec_discounts`;
/*!40101 SET @saved_cs_client     = @@character_set_client */;
/*!40101 SET character_set_client = utf8 */;
CREATE TABLE `ec_discounts` (
  `id` bigint(20) unsigned NOT NULL AUTO_INCREMENT,
  `title` varchar(120) COLLATE utf8mb4_unicode_ci DEFAULT NULL,
  `code` varchar(20) COLLATE utf8mb4_unicode_ci DEFAULT NULL,
  `start_date` datetime DEFAULT NULL,
  `end_date` datetime DEFAULT NULL,
  `quantity` int(11) DEFAULT NULL,
  `total_used` int(10) unsigned NOT NULL DEFAULT 0,
  `value` double DEFAULT NULL,
  `type` varchar(60) COLLATE utf8mb4_unicode_ci DEFAULT 'coupon',
  `can_use_with_promotion` tinyint(1) NOT NULL DEFAULT 0,
  `discount_on` varchar(20) COLLATE utf8mb4_unicode_ci DEFAULT NULL,
  `product_quantity` int(10) unsigned DEFAULT NULL,
  `type_option` varchar(100) COLLATE utf8mb4_unicode_ci NOT NULL DEFAULT 'amount',
  `target` varchar(100) COLLATE utf8mb4_unicode_ci NOT NULL DEFAULT 'all-orders',
  `min_order_price` decimal(15,2) DEFAULT NULL,
  `created_at` timestamp NULL DEFAULT NULL,
  `updated_at` timestamp NULL DEFAULT NULL,
  `store_id` int(10) unsigned DEFAULT NULL,
  PRIMARY KEY (`id`),
  UNIQUE KEY `ec_discounts_code_unique` (`code`)
) ENGINE=InnoDB DEFAULT CHARSET=utf8mb4 COLLATE=utf8mb4_unicode_ci;
/*!40101 SET character_set_client = @saved_cs_client */;

--
-- Dumping data for table `ec_discounts`
--

LOCK TABLES `ec_discounts` WRITE;
/*!40000 ALTER TABLE `ec_discounts` DISABLE KEYS */;
/*!40000 ALTER TABLE `ec_discounts` ENABLE KEYS */;
UNLOCK TABLES;

--
-- Table structure for table `ec_flash_sale_products`
--

DROP TABLE IF EXISTS `ec_flash_sale_products`;
/*!40101 SET @saved_cs_client     = @@character_set_client */;
/*!40101 SET character_set_client = utf8 */;
CREATE TABLE `ec_flash_sale_products` (
  `flash_sale_id` int(10) unsigned NOT NULL,
  `product_id` int(10) unsigned NOT NULL,
  `price` double unsigned DEFAULT NULL,
  `quantity` int(10) unsigned DEFAULT NULL,
  `sold` int(10) unsigned NOT NULL DEFAULT 0
) ENGINE=InnoDB DEFAULT CHARSET=utf8mb4 COLLATE=utf8mb4_unicode_ci;
/*!40101 SET character_set_client = @saved_cs_client */;

--
-- Dumping data for table `ec_flash_sale_products`
--

LOCK TABLES `ec_flash_sale_products` WRITE;
/*!40000 ALTER TABLE `ec_flash_sale_products` DISABLE KEYS */;
INSERT INTO `ec_flash_sale_products` VALUES (1,1,48.9525,11,1),(1,2,33.21,10,1),(1,3,9.8,16,4),(1,4,321.489,19,5),(1,5,346.28,14,5),(1,6,332.92,20,1),(1,7,248.43,20,5),(1,8,488.5839,6,3),(1,9,178.25,16,1),(1,10,756.38,17,3);
/*!40000 ALTER TABLE `ec_flash_sale_products` ENABLE KEYS */;
UNLOCK TABLES;

--
-- Table structure for table `ec_flash_sales`
--

DROP TABLE IF EXISTS `ec_flash_sales`;
/*!40101 SET @saved_cs_client     = @@character_set_client */;
/*!40101 SET character_set_client = utf8 */;
CREATE TABLE `ec_flash_sales` (
  `id` bigint(20) unsigned NOT NULL AUTO_INCREMENT,
  `name` varchar(255) COLLATE utf8mb4_unicode_ci NOT NULL,
  `end_date` datetime NOT NULL,
  `status` varchar(60) COLLATE utf8mb4_unicode_ci NOT NULL DEFAULT 'published',
  `created_at` timestamp NULL DEFAULT NULL,
  `updated_at` timestamp NULL DEFAULT NULL,
  PRIMARY KEY (`id`)
) ENGINE=InnoDB AUTO_INCREMENT=2 DEFAULT CHARSET=utf8mb4 COLLATE=utf8mb4_unicode_ci;
/*!40101 SET character_set_client = @saved_cs_client */;

--
-- Dumping data for table `ec_flash_sales`
--

LOCK TABLES `ec_flash_sales` WRITE;
/*!40000 ALTER TABLE `ec_flash_sales` DISABLE KEYS */;
INSERT INTO `ec_flash_sales` VALUES (1,'Winter Sale','2022-04-22 00:00:00','published','2022-03-22 19:26:08','2022-03-22 19:26:08');
/*!40000 ALTER TABLE `ec_flash_sales` ENABLE KEYS */;
UNLOCK TABLES;

--
-- Table structure for table `ec_flash_sales_translations`
--

DROP TABLE IF EXISTS `ec_flash_sales_translations`;
/*!40101 SET @saved_cs_client     = @@character_set_client */;
/*!40101 SET character_set_client = utf8 */;
CREATE TABLE `ec_flash_sales_translations` (
  `lang_code` varchar(191) COLLATE utf8mb4_unicode_ci NOT NULL,
  `ec_flash_sales_id` int(11) NOT NULL,
  `name` varchar(191) COLLATE utf8mb4_unicode_ci DEFAULT NULL,
  PRIMARY KEY (`lang_code`,`ec_flash_sales_id`)
) ENGINE=InnoDB DEFAULT CHARSET=utf8mb4 COLLATE=utf8mb4_unicode_ci;
/*!40101 SET character_set_client = @saved_cs_client */;

--
-- Dumping data for table `ec_flash_sales_translations`
--

LOCK TABLES `ec_flash_sales_translations` WRITE;
/*!40000 ALTER TABLE `ec_flash_sales_translations` DISABLE KEYS */;
INSERT INTO `ec_flash_sales_translations` VALUES ('vi',1,'Khuyến mãi mùa đông.');
/*!40000 ALTER TABLE `ec_flash_sales_translations` ENABLE KEYS */;
UNLOCK TABLES;

--
-- Table structure for table `ec_grouped_products`
--

DROP TABLE IF EXISTS `ec_grouped_products`;
/*!40101 SET @saved_cs_client     = @@character_set_client */;
/*!40101 SET character_set_client = utf8 */;
CREATE TABLE `ec_grouped_products` (
  `id` bigint(20) unsigned NOT NULL AUTO_INCREMENT,
  `parent_product_id` int(10) unsigned NOT NULL,
  `product_id` int(10) unsigned NOT NULL,
  `fixed_qty` int(11) NOT NULL DEFAULT 1,
  PRIMARY KEY (`id`)
) ENGINE=InnoDB DEFAULT CHARSET=utf8mb4 COLLATE=utf8mb4_unicode_ci;
/*!40101 SET character_set_client = @saved_cs_client */;

--
-- Dumping data for table `ec_grouped_products`
--

LOCK TABLES `ec_grouped_products` WRITE;
/*!40000 ALTER TABLE `ec_grouped_products` DISABLE KEYS */;
/*!40000 ALTER TABLE `ec_grouped_products` ENABLE KEYS */;
UNLOCK TABLES;

--
-- Table structure for table `ec_order_addresses`
--

DROP TABLE IF EXISTS `ec_order_addresses`;
/*!40101 SET @saved_cs_client     = @@character_set_client */;
/*!40101 SET character_set_client = utf8 */;
CREATE TABLE `ec_order_addresses` (
  `id` bigint(20) unsigned NOT NULL AUTO_INCREMENT,
  `name` varchar(191) COLLATE utf8mb4_unicode_ci NOT NULL,
  `phone` varchar(20) COLLATE utf8mb4_unicode_ci DEFAULT NULL,
  `email` varchar(191) COLLATE utf8mb4_unicode_ci DEFAULT NULL,
  `country` varchar(120) COLLATE utf8mb4_unicode_ci DEFAULT NULL,
  `state` varchar(120) COLLATE utf8mb4_unicode_ci DEFAULT NULL,
  `city` varchar(120) COLLATE utf8mb4_unicode_ci DEFAULT NULL,
  `address` varchar(255) COLLATE utf8mb4_unicode_ci DEFAULT NULL,
  `order_id` int(10) unsigned NOT NULL,
  `zip_code` varchar(20) COLLATE utf8mb4_unicode_ci DEFAULT NULL,
  PRIMARY KEY (`id`)
) ENGINE=InnoDB AUTO_INCREMENT=52 DEFAULT CHARSET=utf8mb4 COLLATE=utf8mb4_unicode_ci;
/*!40101 SET character_set_client = @saved_cs_client */;

--
-- Dumping data for table `ec_order_addresses`
--

LOCK TABLES `ec_order_addresses` WRITE;
/*!40000 ALTER TABLE `ec_order_addresses` DISABLE KEYS */;
INSERT INTO `ec_order_addresses` VALUES (1,'Reinhold Jacobs','+19147680512','emilio.hirthe@example.net','YE','Rhode Island','Millerville','56074 Marquis Falls',1,'09163-4144'),(2,'Reinhold Jacobs','+19147680512','emilio.hirthe@example.net','YE','Rhode Island','Millerville','56074 Marquis Falls',2,'09163-4144'),(3,'Manley Schuster V','+17704776856','customer@botble.com','SB','Nebraska','East Claude','829 Grimes Rapids Suite 933',3,'49558'),(4,'Manley Schuster V','+17704776856','customer@botble.com','SB','Nebraska','East Claude','829 Grimes Rapids Suite 933',4,'49558'),(5,'Manley Schuster V','+17704776856','customer@botble.com','SB','Nebraska','East Claude','829 Grimes Rapids Suite 933',5,'49558'),(6,'Manley Schuster V','+17704776856','customer@botble.com','SB','Nebraska','East Claude','829 Grimes Rapids Suite 933',6,'49558'),(7,'Bertha Altenwerth','+12838002675','darion.lesch@example.net','GE','Pennsylvania','Elfriedahaven','4188 Jacklyn Turnpike',7,'58997'),(8,'Reinhold Jacobs','+19147680512','emilio.hirthe@example.net','YE','Rhode Island','Millerville','56074 Marquis Falls',8,'09163-4144'),(9,'Reinhold Jacobs','+19147680512','emilio.hirthe@example.net','YE','Rhode Island','Millerville','56074 Marquis Falls',9,'09163-4144'),(10,'Reinhold Jacobs','+19147680512','emilio.hirthe@example.net','YE','Rhode Island','Millerville','56074 Marquis Falls',10,'09163-4144'),(11,'Manley Schuster V','+17704776856','customer@botble.com','SB','Nebraska','East Claude','829 Grimes Rapids Suite 933',11,'49558'),(12,'Manley Schuster V','+17704776856','customer@botble.com','SB','Nebraska','East Claude','829 Grimes Rapids Suite 933',12,'49558'),(13,'Manley Schuster V','+17704776856','customer@botble.com','SB','Nebraska','East Claude','829 Grimes Rapids Suite 933',13,'49558'),(14,'Rosie Haley','+18648628910','cassin.lily@example.com','EC','Rhode Island','Johathanmouth','555 Georgianna Tunnel',14,'48157'),(15,'Rosie Haley','+18648628910','cassin.lily@example.com','EC','Rhode Island','Johathanmouth','555 Georgianna Tunnel',15,'48157'),(16,'Rosie Haley','+18648628910','cassin.lily@example.com','EC','Rhode Island','Johathanmouth','555 Georgianna Tunnel',16,'48157'),(17,'Rosie Haley','+18648628910','cassin.lily@example.com','EC','Rhode Island','Johathanmouth','555 Georgianna Tunnel',17,'48157'),(18,'Rosie Haley','+18648628910','cassin.lily@example.com','EC','Rhode Island','Johathanmouth','555 Georgianna Tunnel',18,'48157'),(19,'Bertha Altenwerth','+12838002675','darion.lesch@example.net','GE','Pennsylvania','Elfriedahaven','4188 Jacklyn Turnpike',19,'58997'),(20,'Bertha Altenwerth','+12838002675','darion.lesch@example.net','GE','Pennsylvania','Elfriedahaven','4188 Jacklyn Turnpike',20,'58997'),(21,'Bertha Altenwerth','+12838002675','darion.lesch@example.net','GE','Pennsylvania','Elfriedahaven','4188 Jacklyn Turnpike',21,'58997'),(22,'Rosie Haley','+18648628910','cassin.lily@example.com','EC','Rhode Island','Johathanmouth','555 Georgianna Tunnel',22,'48157'),(23,'Rosie Haley','+18648628910','cassin.lily@example.com','EC','Rhode Island','Johathanmouth','555 Georgianna Tunnel',23,'48157'),(24,'Bertha Altenwerth','+12838002675','darion.lesch@example.net','GE','Pennsylvania','Elfriedahaven','4188 Jacklyn Turnpike',24,'58997'),(25,'Bertha Altenwerth','+12838002675','darion.lesch@example.net','GE','Pennsylvania','Elfriedahaven','4188 Jacklyn Turnpike',25,'58997'),(26,'Bertha Altenwerth','+12838002675','darion.lesch@example.net','GE','Pennsylvania','Elfriedahaven','4188 Jacklyn Turnpike',26,'58997'),(27,'Manley Schuster V','+17704776856','customer@botble.com','SB','Nebraska','East Claude','829 Grimes Rapids Suite 933',27,'49558'),(28,'Manley Schuster V','+17704776856','customer@botble.com','SB','Nebraska','East Claude','829 Grimes Rapids Suite 933',28,'49558'),(29,'Manley Schuster V','+17704776856','customer@botble.com','SB','Nebraska','East Claude','829 Grimes Rapids Suite 933',29,'49558'),(30,'Rosie Haley','+18648628910','cassin.lily@example.com','EC','Rhode Island','Johathanmouth','555 Georgianna Tunnel',30,'48157'),(31,'Rosie Haley','+18648628910','cassin.lily@example.com','EC','Rhode Island','Johathanmouth','555 Georgianna Tunnel',31,'48157'),(32,'Reinhold Jacobs','+19147680512','emilio.hirthe@example.net','YE','Rhode Island','Millerville','56074 Marquis Falls',32,'09163-4144'),(33,'Reinhold Jacobs','+19147680512','emilio.hirthe@example.net','YE','Rhode Island','Millerville','56074 Marquis Falls',33,'09163-4144'),(34,'Rosie Haley','+18648628910','cassin.lily@example.com','EC','Rhode Island','Johathanmouth','555 Georgianna Tunnel',34,'48157'),(35,'Rosie Haley','+18648628910','cassin.lily@example.com','EC','Rhode Island','Johathanmouth','555 Georgianna Tunnel',35,'48157'),(36,'Reinhold Jacobs','+19147680512','emilio.hirthe@example.net','YE','Rhode Island','Millerville','56074 Marquis Falls',36,'09163-4144'),(37,'Reinhold Jacobs','+19147680512','emilio.hirthe@example.net','YE','Rhode Island','Millerville','56074 Marquis Falls',37,'09163-4144'),(38,'Bertha Altenwerth','+12838002675','darion.lesch@example.net','GE','Pennsylvania','Elfriedahaven','4188 Jacklyn Turnpike',38,'58997'),(39,'Bertha Altenwerth','+12838002675','darion.lesch@example.net','GE','Pennsylvania','Elfriedahaven','4188 Jacklyn Turnpike',39,'58997'),(40,'Rosie Haley','+18648628910','cassin.lily@example.com','EC','Rhode Island','Johathanmouth','555 Georgianna Tunnel',40,'48157'),(41,'Rosie Haley','+18648628910','cassin.lily@example.com','EC','Rhode Island','Johathanmouth','555 Georgianna Tunnel',41,'48157'),(42,'Rosie Haley','+18648628910','cassin.lily@example.com','EC','Rhode Island','Johathanmouth','555 Georgianna Tunnel',42,'48157'),(43,'Manley Schuster V','+17704776856','customer@botble.com','SB','Nebraska','East Claude','829 Grimes Rapids Suite 933',43,'49558'),(44,'Manley Schuster V','+17704776856','customer@botble.com','SB','Nebraska','East Claude','829 Grimes Rapids Suite 933',44,'49558'),(45,'Manley Schuster V','+17704776856','customer@botble.com','SB','Nebraska','East Claude','829 Grimes Rapids Suite 933',45,'49558'),(46,'Bertha Altenwerth','+12838002675','darion.lesch@example.net','GE','Pennsylvania','Elfriedahaven','4188 Jacklyn Turnpike',46,'58997'),(47,'Bertha Altenwerth','+12838002675','darion.lesch@example.net','GE','Pennsylvania','Elfriedahaven','4188 Jacklyn Turnpike',47,'58997'),(48,'Bertha Altenwerth','+12838002675','darion.lesch@example.net','GE','Pennsylvania','Elfriedahaven','4188 Jacklyn Turnpike',48,'58997'),(49,'Reinhold Jacobs','+19147680512','emilio.hirthe@example.net','YE','Rhode Island','Millerville','56074 Marquis Falls',49,'09163-4144'),(50,'Reinhold Jacobs','+19147680512','emilio.hirthe@example.net','YE','Rhode Island','Millerville','56074 Marquis Falls',50,'09163-4144'),(51,'Reinhold Jacobs','+19147680512','emilio.hirthe@example.net','YE','Rhode Island','Millerville','56074 Marquis Falls',51,'09163-4144');
/*!40000 ALTER TABLE `ec_order_addresses` ENABLE KEYS */;
UNLOCK TABLES;

--
-- Table structure for table `ec_order_histories`
--

DROP TABLE IF EXISTS `ec_order_histories`;
/*!40101 SET @saved_cs_client     = @@character_set_client */;
/*!40101 SET character_set_client = utf8 */;
CREATE TABLE `ec_order_histories` (
  `id` bigint(20) unsigned NOT NULL AUTO_INCREMENT,
  `action` varchar(120) COLLATE utf8mb4_unicode_ci NOT NULL,
  `description` varchar(255) COLLATE utf8mb4_unicode_ci NOT NULL,
  `user_id` int(10) unsigned DEFAULT NULL,
  `order_id` int(10) unsigned NOT NULL,
  `extras` text COLLATE utf8mb4_unicode_ci DEFAULT NULL,
  `created_at` timestamp NULL DEFAULT NULL,
  `updated_at` timestamp NULL DEFAULT NULL,
  PRIMARY KEY (`id`)
) ENGINE=InnoDB AUTO_INCREMENT=243 DEFAULT CHARSET=utf8mb4 COLLATE=utf8mb4_unicode_ci;
/*!40101 SET character_set_client = @saved_cs_client */;

--
-- Dumping data for table `ec_order_histories`
--

LOCK TABLES `ec_order_histories` WRITE;
/*!40000 ALTER TABLE `ec_order_histories` DISABLE KEYS */;
INSERT INTO `ec_order_histories` VALUES (1,'create_order_from_seeder','Order is created from the checkout page',NULL,1,NULL,'2022-03-16 03:26:09','2022-03-16 03:26:09'),(2,'confirm_order','Order was verified by %user_name%',0,1,NULL,'2022-03-16 03:26:09','2022-03-16 03:26:09'),(3,'confirm_payment','Payment was confirmed (amount $1,792.95) by %user_name%',0,1,NULL,'2022-03-22 19:26:09','2022-03-22 19:26:09'),(4,'create_shipment','Created shipment for order',0,1,NULL,'2022-03-22 19:26:09','2022-03-22 19:26:09'),(5,'create_order_from_seeder','Order is created from the checkout page',NULL,2,NULL,'2022-03-21 03:26:09','2022-03-21 03:26:09'),(6,'confirm_order','Order was verified by %user_name%',0,2,NULL,'2022-03-21 03:26:09','2022-03-21 03:26:09'),(7,'confirm_payment','Payment was confirmed (amount $667.90) by %user_name%',0,2,NULL,'2022-03-22 19:26:09','2022-03-22 19:26:09'),(8,'create_shipment','Created shipment for order',0,2,NULL,'2022-03-22 19:26:09','2022-03-22 19:26:09'),(9,'update_status','Changed status of shipping to : Delivered . Updated by: %user_name%',0,2,NULL,'2022-03-22 19:26:09','2022-03-22 19:26:09'),(10,'create_order_from_seeder','Order is created from the checkout page',NULL,3,NULL,'2022-03-18 01:26:09','2022-03-18 01:26:09'),(11,'confirm_order','Order was verified by %user_name%',0,3,NULL,'2022-03-18 01:26:09','2022-03-18 01:26:09'),(12,'confirm_payment','Payment was confirmed (amount $1,410.20) by %user_name%',0,3,NULL,'2022-03-22 19:26:09','2022-03-22 19:26:09'),(13,'create_shipment','Created shipment for order',0,3,NULL,'2022-03-22 19:26:09','2022-03-22 19:26:09'),(14,'create_order_from_seeder','Order is created from the checkout page',NULL,4,NULL,'2022-03-21 05:26:09','2022-03-21 05:26:09'),(15,'confirm_order','Order was verified by %user_name%',0,4,NULL,'2022-03-21 05:26:09','2022-03-21 05:26:09'),(16,'confirm_payment','Payment was confirmed (amount $2,566.20) by %user_name%',0,4,NULL,'2022-03-22 19:26:09','2022-03-22 19:26:09'),(17,'create_shipment','Created shipment for order',0,4,NULL,'2022-03-22 19:26:09','2022-03-22 19:26:09'),(18,'update_status','Changed status of shipping to : Delivered . Updated by: %user_name%',0,4,NULL,'2022-03-22 19:26:09','2022-03-22 19:26:09'),(19,'create_order_from_seeder','Order is created from the checkout page',NULL,5,NULL,'2022-03-18 01:26:09','2022-03-18 01:26:09'),(20,'confirm_order','Order was verified by %user_name%',0,5,NULL,'2022-03-18 01:26:09','2022-03-18 01:26:09'),(21,'confirm_payment','Payment was confirmed (amount $1,077.30) by %user_name%',0,5,NULL,'2022-03-22 19:26:09','2022-03-22 19:26:09'),(22,'create_shipment','Created shipment for order',0,5,NULL,'2022-03-22 19:26:09','2022-03-22 19:26:09'),(23,'create_order_from_seeder','Order is created from the checkout page',NULL,6,NULL,'2022-03-21 05:26:09','2022-03-21 05:26:09'),(24,'confirm_order','Order was verified by %user_name%',0,6,NULL,'2022-03-21 05:26:09','2022-03-21 05:26:09'),(25,'confirm_payment','Payment was confirmed (amount $1,763.90) by %user_name%',0,6,NULL,'2022-03-22 19:26:09','2022-03-22 19:26:09'),(26,'create_shipment','Created shipment for order',0,6,NULL,'2022-03-22 19:26:09','2022-03-22 19:26:09'),(27,'update_status','Changed status of shipping to : Delivered . Updated by: %user_name%',0,6,NULL,'2022-03-22 19:26:09','2022-03-22 19:26:09'),(28,'create_order_from_seeder','Order is created from the checkout page',NULL,7,NULL,'2022-03-18 07:26:09','2022-03-18 07:26:09'),(29,'confirm_order','Order was verified by %user_name%',0,7,NULL,'2022-03-18 07:26:09','2022-03-18 07:26:09'),(30,'confirm_payment','Payment was confirmed (amount $4,290.40) by %user_name%',0,7,NULL,'2022-03-22 19:26:09','2022-03-22 19:26:09'),(31,'create_shipment','Created shipment for order',0,7,NULL,'2022-03-22 19:26:09','2022-03-22 19:26:09'),(32,'create_order_from_seeder','Order is created from the checkout page',NULL,8,NULL,'2022-03-12 21:26:09','2022-03-12 21:26:09'),(33,'confirm_order','Order was verified by %user_name%',0,8,NULL,'2022-03-12 21:26:09','2022-03-12 21:26:09'),(34,'confirm_payment','Payment was confirmed (amount $623.70) by %user_name%',0,8,NULL,'2022-03-22 19:26:09','2022-03-22 19:26:09'),(35,'create_shipment','Created shipment for order',0,8,NULL,'2022-03-22 19:26:09','2022-03-22 19:26:09'),(36,'create_order_from_seeder','Order is created from the checkout page',NULL,9,NULL,'2022-03-19 23:26:09','2022-03-19 23:26:09'),(37,'confirm_order','Order was verified by %user_name%',0,9,NULL,'2022-03-19 23:26:09','2022-03-19 23:26:09'),(38,'confirm_payment','Payment was confirmed (amount $1,410.20) by %user_name%',0,9,NULL,'2022-03-22 19:26:09','2022-03-22 19:26:09'),(39,'create_shipment','Created shipment for order',0,9,NULL,'2022-03-22 19:26:09','2022-03-22 19:26:09'),(40,'update_status','Changed status of shipping to : Delivered . Updated by: %user_name%',0,9,NULL,'2022-03-22 19:26:09','2022-03-22 19:26:09'),(41,'create_order_from_seeder','Order is created from the checkout page',NULL,10,NULL,'2022-03-11 11:26:09','2022-03-11 11:26:09'),(42,'confirm_order','Order was verified by %user_name%',0,10,NULL,'2022-03-11 11:26:09','2022-03-11 11:26:09'),(43,'create_shipment','Created shipment for order',0,10,NULL,'2022-03-22 19:26:09','2022-03-22 19:26:09'),(44,'update_status','Changed status of shipping to : Delivered . Updated by: %user_name%',0,10,NULL,'2022-03-22 19:26:09','2022-03-22 19:26:09'),(45,'create_order_from_seeder','Order is created from the checkout page',NULL,11,NULL,'2022-03-13 11:26:09','2022-03-13 11:26:09'),(46,'confirm_order','Order was verified by %user_name%',0,11,NULL,'2022-03-13 11:26:09','2022-03-13 11:26:09'),(47,'confirm_payment','Payment was confirmed (amount $168.53) by %user_name%',0,11,NULL,'2022-03-22 19:26:09','2022-03-22 19:26:09'),(48,'create_shipment','Created shipment for order',0,11,NULL,'2022-03-22 19:26:09','2022-03-22 19:26:09'),(49,'update_status','Changed status of shipping to : Delivered . Updated by: %user_name%',0,11,NULL,'2022-03-22 19:26:09','2022-03-22 19:26:09'),(50,'create_order_from_seeder','Order is created from the checkout page',NULL,12,NULL,'2022-03-10 19:26:09','2022-03-10 19:26:09'),(51,'confirm_order','Order was verified by %user_name%',0,12,NULL,'2022-03-10 19:26:09','2022-03-10 19:26:09'),(52,'confirm_payment','Payment was confirmed (amount $2,477.60) by %user_name%',0,12,NULL,'2022-03-22 19:26:09','2022-03-22 19:26:09'),(53,'create_shipment','Created shipment for order',0,12,NULL,'2022-03-22 19:26:09','2022-03-22 19:26:09'),(54,'create_order_from_seeder','Order is created from the checkout page',NULL,13,NULL,'2022-03-10 19:26:09','2022-03-10 19:26:09'),(55,'confirm_order','Order was verified by %user_name%',0,13,NULL,'2022-03-10 19:26:09','2022-03-10 19:26:09'),(56,'confirm_payment','Payment was confirmed (amount $1,850.70) by %user_name%',0,13,NULL,'2022-03-22 19:26:09','2022-03-22 19:26:09'),(57,'create_shipment','Created shipment for order',0,13,NULL,'2022-03-22 19:26:09','2022-03-22 19:26:09'),(58,'update_status','Changed status of shipping to : Delivered . Updated by: %user_name%',0,13,NULL,'2022-03-22 19:26:09','2022-03-22 19:26:09'),(59,'create_order_from_seeder','Order is created from the checkout page',NULL,14,NULL,'2022-03-17 19:26:09','2022-03-17 19:26:09'),(60,'confirm_order','Order was verified by %user_name%',0,14,NULL,'2022-03-17 19:26:09','2022-03-17 19:26:09'),(61,'create_shipment','Created shipment for order',0,14,NULL,'2022-03-22 19:26:09','2022-03-22 19:26:09'),(62,'update_status','Changed status of shipping to : Delivered . Updated by: %user_name%',0,14,NULL,'2022-03-22 19:26:09','2022-03-22 19:26:09'),(63,'create_order_from_seeder','Order is created from the checkout page',NULL,15,NULL,'2022-03-21 13:26:09','2022-03-21 13:26:09'),(64,'confirm_order','Order was verified by %user_name%',0,15,NULL,'2022-03-21 13:26:09','2022-03-21 13:26:09'),(65,'confirm_payment','Payment was confirmed (amount $446.60) by %user_name%',0,15,NULL,'2022-03-22 19:26:09','2022-03-22 19:26:09'),(66,'create_shipment','Created shipment for order',0,15,NULL,'2022-03-22 19:26:09','2022-03-22 19:26:09'),(67,'update_status','Changed status of shipping to : Delivered . Updated by: %user_name%',0,15,NULL,'2022-03-22 19:26:09','2022-03-22 19:26:09'),(68,'create_order_from_seeder','Order is created from the checkout page',NULL,16,NULL,'2022-03-19 01:26:09','2022-03-19 01:26:09'),(69,'confirm_order','Order was verified by %user_name%',0,16,NULL,'2022-03-19 01:26:09','2022-03-19 01:26:09'),(70,'confirm_payment','Payment was confirmed (amount $1,850.70) by %user_name%',0,16,NULL,'2022-03-22 19:26:09','2022-03-22 19:26:09'),(71,'create_shipment','Created shipment for order',0,16,NULL,'2022-03-22 19:26:09','2022-03-22 19:26:09'),(72,'update_status','Changed status of shipping to : Delivered . Updated by: %user_name%',0,16,NULL,'2022-03-22 19:26:09','2022-03-22 19:26:09'),(73,'create_order_from_seeder','Order is created from the checkout page',NULL,17,NULL,'2022-03-20 11:26:09','2022-03-20 11:26:09'),(74,'confirm_order','Order was verified by %user_name%',0,17,NULL,'2022-03-20 11:26:09','2022-03-20 11:26:09'),(75,'confirm_payment','Payment was confirmed (amount $1,571.70) by %user_name%',0,17,NULL,'2022-03-22 19:26:09','2022-03-22 19:26:09'),(76,'create_shipment','Created shipment for order',0,17,NULL,'2022-03-22 19:26:09','2022-03-22 19:26:09'),(77,'update_status','Changed status of shipping to : Delivered . Updated by: %user_name%',0,17,NULL,'2022-03-22 19:26:09','2022-03-22 19:26:09'),(78,'create_order_from_seeder','Order is created from the checkout page',NULL,18,NULL,'2022-03-16 23:26:09','2022-03-16 23:26:09'),(79,'confirm_order','Order was verified by %user_name%',0,18,NULL,'2022-03-16 23:26:09','2022-03-16 23:26:09'),(80,'confirm_payment','Payment was confirmed (amount $2,542.00) by %user_name%',0,18,NULL,'2022-03-22 19:26:09','2022-03-22 19:26:09'),(81,'create_shipment','Created shipment for order',0,18,NULL,'2022-03-22 19:26:09','2022-03-22 19:26:09'),(82,'update_status','Changed status of shipping to : Delivered . Updated by: %user_name%',0,18,NULL,'2022-03-22 19:26:09','2022-03-22 19:26:09'),(83,'create_order_from_seeder','Order is created from the checkout page',NULL,19,NULL,'2022-03-18 11:26:09','2022-03-18 11:26:09'),(84,'confirm_order','Order was verified by %user_name%',0,19,NULL,'2022-03-18 11:26:09','2022-03-18 11:26:09'),(85,'confirm_payment','Payment was confirmed (amount $1,910.40) by %user_name%',0,19,NULL,'2022-03-22 19:26:09','2022-03-22 19:26:09'),(86,'create_shipment','Created shipment for order',0,19,NULL,'2022-03-22 19:26:09','2022-03-22 19:26:09'),(87,'update_status','Changed status of shipping to : Delivered . Updated by: %user_name%',0,19,NULL,'2022-03-22 19:26:09','2022-03-22 19:26:09'),(88,'create_order_from_seeder','Order is created from the checkout page',NULL,20,NULL,'2022-03-16 07:26:09','2022-03-16 07:26:09'),(89,'confirm_order','Order was verified by %user_name%',0,20,NULL,'2022-03-16 07:26:09','2022-03-16 07:26:09'),(90,'confirm_payment','Payment was confirmed (amount $620.40) by %user_name%',0,20,NULL,'2022-03-22 19:26:09','2022-03-22 19:26:09'),(91,'create_shipment','Created shipment for order',0,20,NULL,'2022-03-22 19:26:09','2022-03-22 19:26:09'),(92,'create_order_from_seeder','Order is created from the checkout page',NULL,21,NULL,'2022-03-21 17:26:09','2022-03-21 17:26:09'),(93,'confirm_order','Order was verified by %user_name%',0,21,NULL,'2022-03-21 17:26:09','2022-03-21 17:26:09'),(94,'confirm_payment','Payment was confirmed (amount $902.00) by %user_name%',0,21,NULL,'2022-03-22 19:26:09','2022-03-22 19:26:09'),(95,'create_shipment','Created shipment for order',0,21,NULL,'2022-03-22 19:26:09','2022-03-22 19:26:09'),(96,'create_order_from_seeder','Order is created from the checkout page',NULL,22,NULL,'2022-03-16 19:26:09','2022-03-16 19:26:09'),(97,'confirm_order','Order was verified by %user_name%',0,22,NULL,'2022-03-16 19:26:09','2022-03-16 19:26:09'),(98,'create_shipment','Created shipment for order',0,22,NULL,'2022-03-22 19:26:09','2022-03-22 19:26:09'),(99,'update_status','Changed status of shipping to : Delivered . Updated by: %user_name%',0,22,NULL,'2022-03-22 19:26:09','2022-03-22 19:26:09'),(100,'create_order_from_seeder','Order is created from the checkout page',NULL,23,NULL,'2022-03-15 19:26:09','2022-03-15 19:26:09'),(101,'confirm_order','Order was verified by %user_name%',0,23,NULL,'2022-03-15 19:26:09','2022-03-15 19:26:09'),(102,'confirm_payment','Payment was confirmed (amount $1,361.80) by %user_name%',0,23,NULL,'2022-03-22 19:26:09','2022-03-22 19:26:09'),(103,'create_shipment','Created shipment for order',0,23,NULL,'2022-03-22 19:26:09','2022-03-22 19:26:09'),(104,'create_order_from_seeder','Order is created from the checkout page',NULL,24,NULL,'2022-03-14 13:26:09','2022-03-14 13:26:09'),(105,'confirm_order','Order was verified by %user_name%',0,24,NULL,'2022-03-14 13:26:09','2022-03-14 13:26:09'),(106,'confirm_payment','Payment was confirmed (amount $1,571.70) by %user_name%',0,24,NULL,'2022-03-22 19:26:09','2022-03-22 19:26:09'),(107,'create_shipment','Created shipment for order',0,24,NULL,'2022-03-22 19:26:09','2022-03-22 19:26:09'),(108,'update_status','Changed status of shipping to : Delivered . Updated by: %user_name%',0,24,NULL,'2022-03-22 19:26:09','2022-03-22 19:26:09'),(109,'create_order_from_seeder','Order is created from the checkout page',NULL,25,NULL,'2022-03-15 11:26:09','2022-03-15 11:26:09'),(110,'confirm_order','Order was verified by %user_name%',0,25,NULL,'2022-03-15 11:26:09','2022-03-15 11:26:09'),(111,'create_shipment','Created shipment for order',0,25,NULL,'2022-03-22 19:26:10','2022-03-22 19:26:10'),(112,'update_status','Changed status of shipping to : Delivered . Updated by: %user_name%',0,25,NULL,'2022-03-22 19:26:10','2022-03-22 19:26:10'),(113,'create_order_from_seeder','Order is created from the checkout page',NULL,26,NULL,'2022-03-19 03:26:10','2022-03-19 03:26:10'),(114,'confirm_order','Order was verified by %user_name%',0,26,NULL,'2022-03-19 03:26:10','2022-03-19 03:26:10'),(115,'confirm_payment','Payment was confirmed (amount $4,017.60) by %user_name%',0,26,NULL,'2022-03-22 19:26:10','2022-03-22 19:26:10'),(116,'create_shipment','Created shipment for order',0,26,NULL,'2022-03-22 19:26:10','2022-03-22 19:26:10'),(117,'create_order_from_seeder','Order is created from the checkout page',NULL,27,NULL,'2022-03-19 11:26:10','2022-03-19 11:26:10'),(118,'confirm_order','Order was verified by %user_name%',0,27,NULL,'2022-03-19 11:26:10','2022-03-19 11:26:10'),(119,'create_shipment','Created shipment for order',0,27,NULL,'2022-03-22 19:26:10','2022-03-22 19:26:10'),(120,'create_order_from_seeder','Order is created from the checkout page',NULL,28,NULL,'2022-03-18 15:26:10','2022-03-18 15:26:10'),(121,'confirm_order','Order was verified by %user_name%',0,28,NULL,'2022-03-18 15:26:10','2022-03-18 15:26:10'),(122,'confirm_payment','Payment was confirmed (amount $588.50) by %user_name%',0,28,NULL,'2022-03-22 19:26:10','2022-03-22 19:26:10'),(123,'create_shipment','Created shipment for order',0,28,NULL,'2022-03-22 19:26:10','2022-03-22 19:26:10'),(124,'update_status','Changed status of shipping to : Delivered . Updated by: %user_name%',0,28,NULL,'2022-03-22 19:26:10','2022-03-22 19:26:10'),(125,'create_order_from_seeder','Order is created from the checkout page',NULL,29,NULL,'2022-03-20 07:26:10','2022-03-20 07:26:10'),(126,'confirm_order','Order was verified by %user_name%',0,29,NULL,'2022-03-20 07:26:10','2022-03-20 07:26:10'),(127,'confirm_payment','Payment was confirmed (amount $902.00) by %user_name%',0,29,NULL,'2022-03-22 19:26:10','2022-03-22 19:26:10'),(128,'create_shipment','Created shipment for order',0,29,NULL,'2022-03-22 19:26:10','2022-03-22 19:26:10'),(129,'update_status','Changed status of shipping to : Delivered . Updated by: %user_name%',0,29,NULL,'2022-03-22 19:26:10','2022-03-22 19:26:10'),(130,'create_order_from_seeder','Order is created from the checkout page',NULL,30,NULL,'2022-03-18 07:26:10','2022-03-18 07:26:10'),(131,'confirm_order','Order was verified by %user_name%',0,30,NULL,'2022-03-18 07:26:10','2022-03-18 07:26:10'),(132,'confirm_payment','Payment was confirmed (amount $125.55) by %user_name%',0,30,NULL,'2022-03-22 19:26:10','2022-03-22 19:26:10'),(133,'create_shipment','Created shipment for order',0,30,NULL,'2022-03-22 19:26:10','2022-03-22 19:26:10'),(134,'create_order_from_seeder','Order is created from the checkout page',NULL,31,NULL,'2022-03-19 19:26:10','2022-03-19 19:26:10'),(135,'confirm_order','Order was verified by %user_name%',0,31,NULL,'2022-03-19 19:26:10','2022-03-19 19:26:10'),(136,'confirm_payment','Payment was confirmed (amount $446.60) by %user_name%',0,31,NULL,'2022-03-22 19:26:10','2022-03-22 19:26:10'),(137,'create_shipment','Created shipment for order',0,31,NULL,'2022-03-22 19:26:10','2022-03-22 19:26:10'),(138,'create_order_from_seeder','Order is created from the checkout page',NULL,32,NULL,'2022-03-16 19:26:10','2022-03-16 19:26:10'),(139,'confirm_order','Order was verified by %user_name%',0,32,NULL,'2022-03-16 19:26:10','2022-03-16 19:26:10'),(140,'confirm_payment','Payment was confirmed (amount $557.70) by %user_name%',0,32,NULL,'2022-03-22 19:26:10','2022-03-22 19:26:10'),(141,'create_shipment','Created shipment for order',0,32,NULL,'2022-03-22 19:26:10','2022-03-22 19:26:10'),(142,'create_order_from_seeder','Order is created from the checkout page',NULL,33,NULL,'2022-03-16 19:26:10','2022-03-16 19:26:10'),(143,'confirm_order','Order was verified by %user_name%',0,33,NULL,'2022-03-16 19:26:10','2022-03-16 19:26:10'),(144,'create_shipment','Created shipment for order',0,33,NULL,'2022-03-22 19:26:10','2022-03-22 19:26:10'),(145,'update_status','Changed status of shipping to : Delivered . Updated by: %user_name%',0,33,NULL,'2022-03-22 19:26:10','2022-03-22 19:26:10'),(146,'create_order_from_seeder','Order is created from the checkout page',NULL,34,NULL,'2022-03-18 03:26:10','2022-03-18 03:26:10'),(147,'confirm_order','Order was verified by %user_name%',0,34,NULL,'2022-03-18 03:26:10','2022-03-18 03:26:10'),(148,'create_shipment','Created shipment for order',0,34,NULL,'2022-03-22 19:26:10','2022-03-22 19:26:10'),(149,'update_status','Changed status of shipping to : Delivered . Updated by: %user_name%',0,34,NULL,'2022-03-22 19:26:10','2022-03-22 19:26:10'),(150,'create_order_from_seeder','Order is created from the checkout page',NULL,35,NULL,'2022-03-16 23:26:10','2022-03-16 23:26:10'),(151,'confirm_order','Order was verified by %user_name%',0,35,NULL,'2022-03-16 23:26:10','2022-03-16 23:26:10'),(152,'confirm_payment','Payment was confirmed (amount $2,721.60) by %user_name%',0,35,NULL,'2022-03-22 19:26:10','2022-03-22 19:26:10'),(153,'create_shipment','Created shipment for order',0,35,NULL,'2022-03-22 19:26:10','2022-03-22 19:26:10'),(154,'create_order_from_seeder','Order is created from the checkout page',NULL,36,NULL,'2022-03-19 19:26:10','2022-03-19 19:26:10'),(155,'confirm_order','Order was verified by %user_name%',0,36,NULL,'2022-03-19 19:26:10','2022-03-19 19:26:10'),(156,'confirm_payment','Payment was confirmed (amount $2,692.20) by %user_name%',0,36,NULL,'2022-03-22 19:26:10','2022-03-22 19:26:10'),(157,'create_shipment','Created shipment for order',0,36,NULL,'2022-03-22 19:26:10','2022-03-22 19:26:10'),(158,'update_status','Changed status of shipping to : Delivered . Updated by: %user_name%',0,36,NULL,'2022-03-22 19:26:10','2022-03-22 19:26:10'),(159,'create_order_from_seeder','Order is created from the checkout page',NULL,37,NULL,'2022-03-17 19:26:10','2022-03-17 19:26:10'),(160,'confirm_order','Order was verified by %user_name%',0,37,NULL,'2022-03-17 19:26:10','2022-03-17 19:26:10'),(161,'create_shipment','Created shipment for order',0,37,NULL,'2022-03-22 19:26:10','2022-03-22 19:26:10'),(162,'update_status','Changed status of shipping to : Delivered . Updated by: %user_name%',0,37,NULL,'2022-03-22 19:26:10','2022-03-22 19:26:10'),(163,'create_order_from_seeder','Order is created from the checkout page',NULL,38,NULL,'2022-03-19 11:26:10','2022-03-19 11:26:10'),(164,'confirm_order','Order was verified by %user_name%',0,38,NULL,'2022-03-19 11:26:10','2022-03-19 11:26:10'),(165,'confirm_payment','Payment was confirmed (amount $4,939.60) by %user_name%',0,38,NULL,'2022-03-22 19:26:10','2022-03-22 19:26:10'),(166,'create_shipment','Created shipment for order',0,38,NULL,'2022-03-22 19:26:10','2022-03-22 19:26:10'),(167,'create_order_from_seeder','Order is created from the checkout page',NULL,39,NULL,'2022-03-20 17:26:10','2022-03-20 17:26:10'),(168,'confirm_order','Order was verified by %user_name%',0,39,NULL,'2022-03-20 17:26:10','2022-03-20 17:26:10'),(169,'confirm_payment','Payment was confirmed (amount $1,077.30) by %user_name%',0,39,NULL,'2022-03-22 19:26:10','2022-03-22 19:26:10'),(170,'create_shipment','Created shipment for order',0,39,NULL,'2022-03-22 19:26:10','2022-03-22 19:26:10'),(171,'update_status','Changed status of shipping to : Delivered . Updated by: %user_name%',0,39,NULL,'2022-03-22 19:26:10','2022-03-22 19:26:10'),(172,'create_order_from_seeder','Order is created from the checkout page',NULL,40,NULL,'2022-03-21 19:26:10','2022-03-21 19:26:10'),(173,'confirm_order','Order was verified by %user_name%',0,40,NULL,'2022-03-21 19:26:10','2022-03-21 19:26:10'),(174,'confirm_payment','Payment was confirmed (amount $3,012.60) by %user_name%',0,40,NULL,'2022-03-22 19:26:10','2022-03-22 19:26:10'),(175,'create_shipment','Created shipment for order',0,40,NULL,'2022-03-22 19:26:10','2022-03-22 19:26:10'),(176,'update_status','Changed status of shipping to : Delivered . Updated by: %user_name%',0,40,NULL,'2022-03-22 19:26:10','2022-03-22 19:26:10'),(177,'create_order_from_seeder','Order is created from the checkout page',NULL,41,NULL,'2022-03-22 03:26:10','2022-03-22 03:26:10'),(178,'confirm_order','Order was verified by %user_name%',0,41,NULL,'2022-03-22 03:26:10','2022-03-22 03:26:10'),(179,'confirm_payment','Payment was confirmed (amount $564.30) by %user_name%',0,41,NULL,'2022-03-22 19:26:10','2022-03-22 19:26:10'),(180,'create_shipment','Created shipment for order',0,41,NULL,'2022-03-22 19:26:10','2022-03-22 19:26:10'),(181,'create_order_from_seeder','Order is created from the checkout page',NULL,42,NULL,'2022-03-21 03:26:10','2022-03-21 03:26:10'),(182,'confirm_order','Order was verified by %user_name%',0,42,NULL,'2022-03-21 03:26:10','2022-03-21 03:26:10'),(183,'confirm_payment','Payment was confirmed (amount $1,850.70) by %user_name%',0,42,NULL,'2022-03-22 19:26:10','2022-03-22 19:26:10'),(184,'create_shipment','Created shipment for order',0,42,NULL,'2022-03-22 19:26:10','2022-03-22 19:26:10'),(185,'create_order_from_seeder','Order is created from the checkout page',NULL,43,NULL,'2022-03-21 07:26:10','2022-03-21 07:26:10'),(186,'confirm_order','Order was verified by %user_name%',0,43,NULL,'2022-03-21 07:26:10','2022-03-21 07:26:10'),(187,'confirm_payment','Payment was confirmed (amount $88.28) by %user_name%',0,43,NULL,'2022-03-22 19:26:10','2022-03-22 19:26:10'),(188,'create_shipment','Created shipment for order',0,43,NULL,'2022-03-22 19:26:10','2022-03-22 19:26:10'),(189,'update_status','Changed status of shipping to : Delivered . Updated by: %user_name%',0,43,NULL,'2022-03-22 19:26:10','2022-03-22 19:26:10'),(190,'create_order_from_seeder','Order is created from the checkout page',NULL,44,NULL,'2022-03-21 07:26:10','2022-03-21 07:26:10'),(191,'confirm_order','Order was verified by %user_name%',0,44,NULL,'2022-03-21 07:26:10','2022-03-21 07:26:10'),(192,'create_shipment','Created shipment for order',0,44,NULL,'2022-03-22 19:26:10','2022-03-22 19:26:10'),(193,'update_status','Changed status of shipping to : Delivered . Updated by: %user_name%',0,44,NULL,'2022-03-22 19:26:10','2022-03-22 19:26:10'),(194,'create_order_from_seeder','Order is created from the checkout page',NULL,45,NULL,'2022-03-22 01:26:10','2022-03-22 01:26:10'),(195,'confirm_order','Order was verified by %user_name%',0,45,NULL,'2022-03-22 01:26:10','2022-03-22 01:26:10'),(196,'confirm_payment','Payment was confirmed (amount $1,404.90) by %user_name%',0,45,NULL,'2022-03-22 19:26:10','2022-03-22 19:26:10'),(197,'create_shipment','Created shipment for order',0,45,NULL,'2022-03-22 19:26:10','2022-03-22 19:26:10'),(198,'create_order_from_seeder','Order is created from the checkout page',NULL,46,NULL,'2022-03-21 03:26:10','2022-03-21 03:26:10'),(199,'confirm_order','Order was verified by %user_name%',0,46,NULL,'2022-03-21 03:26:10','2022-03-21 03:26:10'),(200,'confirm_payment','Payment was confirmed (amount $1,652.70) by %user_name%',0,46,NULL,'2022-03-22 19:26:10','2022-03-22 19:26:10'),(201,'create_shipment','Created shipment for order',0,46,NULL,'2022-03-22 19:26:10','2022-03-22 19:26:10'),(202,'create_order_from_seeder','Order is created from the checkout page',NULL,47,NULL,'2022-03-22 03:26:10','2022-03-22 03:26:10'),(203,'confirm_order','Order was verified by %user_name%',0,47,NULL,'2022-03-22 03:26:10','2022-03-22 03:26:10'),(204,'confirm_payment','Payment was confirmed (amount $2,585.10) by %user_name%',0,47,NULL,'2022-03-22 19:26:10','2022-03-22 19:26:10'),(205,'create_shipment','Created shipment for order',0,47,NULL,'2022-03-22 19:26:10','2022-03-22 19:26:10'),(206,'create_order_from_seeder','Order is created from the checkout page',NULL,48,NULL,'2022-03-21 11:26:10','2022-03-21 11:26:10'),(207,'confirm_order','Order was verified by %user_name%',0,48,NULL,'2022-03-21 11:26:10','2022-03-21 11:26:10'),(208,'create_shipment','Created shipment for order',0,48,NULL,'2022-03-22 19:26:10','2022-03-22 19:26:10'),(209,'create_order_from_seeder','Order is created from the checkout page',NULL,49,NULL,'2022-03-22 07:26:10','2022-03-22 07:26:10'),(210,'confirm_order','Order was verified by %user_name%',0,49,NULL,'2022-03-22 07:26:10','2022-03-22 07:26:10'),(211,'confirm_payment','Payment was confirmed (amount $3,788.20) by %user_name%',0,49,NULL,'2022-03-22 19:26:10','2022-03-22 19:26:10'),(212,'create_shipment','Created shipment for order',0,49,NULL,'2022-03-22 19:26:10','2022-03-22 19:26:10'),(213,'update_status','Changed status of shipping to : Delivered . Updated by: %user_name%',0,49,NULL,'2022-03-22 19:26:10','2022-03-22 19:26:10'),(214,'create_order_from_seeder','Order is created from the checkout page',NULL,50,NULL,'2022-03-22 03:26:10','2022-03-22 03:26:10'),(215,'confirm_order','Order was verified by %user_name%',0,50,NULL,'2022-03-22 03:26:10','2022-03-22 03:26:10'),(216,'confirm_payment','Payment was confirmed (amount $564.30) by %user_name%',0,50,NULL,'2022-03-22 19:26:10','2022-03-22 19:26:10'),(217,'create_shipment','Created shipment for order',0,50,NULL,'2022-03-22 19:26:10','2022-03-22 19:26:10'),(218,'create_order_from_seeder','Order is created from the checkout page',NULL,51,NULL,'2022-03-22 05:26:10','2022-03-22 05:26:10'),(219,'confirm_order','Order was verified by %user_name%',0,51,NULL,'2022-03-22 05:26:10','2022-03-22 05:26:10'),(220,'confirm_payment','Payment was confirmed (amount $735.90) by %user_name%',0,51,NULL,'2022-03-22 19:26:10','2022-03-22 19:26:10'),(221,'create_shipment','Created shipment for order',0,51,NULL,'2022-03-22 19:26:10','2022-03-22 19:26:10'),(222,'update_status','Changed status of shipping to : Delivered . Updated by: %user_name%',0,51,NULL,'2022-03-22 19:26:10','2022-03-22 19:26:10'),(223,'update_status','Order confirmed by %user_name%',0,2,NULL,'2022-03-22 19:26:10','2022-03-22 19:26:10'),(224,'update_status','Order confirmed by %user_name%',0,4,NULL,'2022-03-22 19:26:10','2022-03-22 19:26:10'),(225,'update_status','Order confirmed by %user_name%',0,6,NULL,'2022-03-22 19:26:10','2022-03-22 19:26:10'),(226,'update_status','Order confirmed by %user_name%',0,9,NULL,'2022-03-22 19:26:10','2022-03-22 19:26:10'),(227,'update_status','Order confirmed by %user_name%',0,11,NULL,'2022-03-22 19:26:11','2022-03-22 19:26:11'),(228,'update_status','Order confirmed by %user_name%',0,13,NULL,'2022-03-22 19:26:11','2022-03-22 19:26:11'),(229,'update_status','Order confirmed by %user_name%',0,15,NULL,'2022-03-22 19:26:11','2022-03-22 19:26:11'),(230,'update_status','Order confirmed by %user_name%',0,16,NULL,'2022-03-22 19:26:11','2022-03-22 19:26:11'),(231,'update_status','Order confirmed by %user_name%',0,17,NULL,'2022-03-22 19:26:11','2022-03-22 19:26:11'),(232,'update_status','Order confirmed by %user_name%',0,18,NULL,'2022-03-22 19:26:11','2022-03-22 19:26:11'),(233,'update_status','Order confirmed by %user_name%',0,19,NULL,'2022-03-22 19:26:11','2022-03-22 19:26:11'),(234,'update_status','Order confirmed by %user_name%',0,24,NULL,'2022-03-22 19:26:12','2022-03-22 19:26:12'),(235,'update_status','Order confirmed by %user_name%',0,28,NULL,'2022-03-22 19:26:12','2022-03-22 19:26:12'),(236,'update_status','Order confirmed by %user_name%',0,29,NULL,'2022-03-22 19:26:12','2022-03-22 19:26:12'),(237,'update_status','Order confirmed by %user_name%',0,36,NULL,'2022-03-22 19:26:12','2022-03-22 19:26:12'),(238,'update_status','Order confirmed by %user_name%',0,39,NULL,'2022-03-22 19:26:12','2022-03-22 19:26:12'),(239,'update_status','Order confirmed by %user_name%',0,40,NULL,'2022-03-22 19:26:12','2022-03-22 19:26:12'),(240,'update_status','Order confirmed by %user_name%',0,43,NULL,'2022-03-22 19:26:12','2022-03-22 19:26:12'),(241,'update_status','Order confirmed by %user_name%',0,49,NULL,'2022-03-22 19:26:13','2022-03-22 19:26:13'),(242,'update_status','Order confirmed by %user_name%',0,51,NULL,'2022-03-22 19:26:13','2022-03-22 19:26:13');
/*!40000 ALTER TABLE `ec_order_histories` ENABLE KEYS */;
UNLOCK TABLES;

--
-- Table structure for table `ec_order_product`
--

DROP TABLE IF EXISTS `ec_order_product`;
/*!40101 SET @saved_cs_client     = @@character_set_client */;
/*!40101 SET character_set_client = utf8 */;
CREATE TABLE `ec_order_product` (
  `id` bigint(20) unsigned NOT NULL AUTO_INCREMENT,
  `order_id` int(10) unsigned NOT NULL,
  `qty` int(11) NOT NULL,
  `price` decimal(15,2) NOT NULL,
  `tax_amount` decimal(15,2) NOT NULL,
  `options` text COLLATE utf8mb4_unicode_ci DEFAULT NULL,
  `product_id` int(10) unsigned DEFAULT NULL,
  `product_name` varchar(191) COLLATE utf8mb4_unicode_ci NOT NULL,
  `weight` double(8,2) DEFAULT 0.00,
  `restock_quantity` int(10) unsigned DEFAULT 0,
  `created_at` timestamp NULL DEFAULT NULL,
  `updated_at` timestamp NULL DEFAULT NULL,
  PRIMARY KEY (`id`)
) ENGINE=InnoDB AUTO_INCREMENT=63 DEFAULT CHARSET=utf8mb4 COLLATE=utf8mb4_unicode_ci;
/*!40101 SET character_set_client = @saved_cs_client */;

--
-- Dumping data for table `ec_order_product`
--

LOCK TABLES `ec_order_product` WRITE;
/*!40000 ALTER TABLE `ec_order_product` DISABLE KEYS */;
INSERT INTO `ec_order_product` VALUES (1,1,1,40.50,4.05,'[]',26,'Smart Watches',656.00,0,'2022-03-22 19:26:09','2022-03-22 19:26:09'),(2,1,3,564.00,56.40,'[]',64,'Samsung Gear VR Virtual Reality Headset',1893.00,0,'2022-03-22 19:26:09','2022-03-22 19:26:09'),(3,2,2,20.00,2.00,'[]',30,'Beat Headphone',1558.00,0,'2022-03-22 19:26:09','2022-03-22 19:26:09'),(4,2,1,569.00,56.90,'[]',61,'Apple MacBook Air Retina 12-Inch Laptop',626.00,0,'2022-03-22 19:26:09','2022-03-22 19:26:09'),(5,3,1,1282.00,128.20,'[]',46,'Herschel Leather Duffle Bag In Brown Color',723.00,0,'2022-03-22 19:26:09','2022-03-22 19:26:09'),(6,4,2,1222.00,122.20,'[]',47,'Xbox One Wireless Controller Black Color',1370.00,0,'2022-03-22 19:26:09','2022-03-22 19:26:09'),(7,5,2,513.00,51.30,'[]',52,'Sound Intone I65 Earphone White Version',1664.00,0,'2022-03-22 19:26:09','2022-03-22 19:26:09'),(8,6,3,569.00,56.90,'[]',61,'Apple MacBook Air Retina 12-Inch Laptop',1878.00,0,'2022-03-22 19:26:09','2022-03-22 19:26:09'),(9,7,3,787.00,78.70,'[]',35,'Smart Watch External',2232.00,0,'2022-03-22 19:26:09','2022-03-22 19:26:09'),(10,7,3,597.00,59.70,'[]',57,'B&O Play Mini Bluetooth Speaker',2205.00,0,'2022-03-22 19:26:09','2022-03-22 19:26:09'),(11,8,1,567.00,56.70,'[]',33,'Red & Black Headphone',613.00,0,'2022-03-22 19:26:09','2022-03-22 19:26:09'),(12,9,1,1282.00,128.20,'[]',45,'Herschel Leather Duffle Bag In Brown Color',723.00,0,'2022-03-22 19:26:09','2022-03-22 19:26:09'),(13,10,1,1222.00,122.20,'[]',47,'Xbox One Wireless Controller Black Color',685.00,0,'2022-03-22 19:26:09','2022-03-22 19:26:09'),(14,11,2,80.25,8.03,'[]',25,'Dual Camera 20MP',1144.00,0,'2022-03-22 19:26:09','2022-03-22 19:26:09'),(15,12,1,1231.00,123.10,'[]',42,'Smart Televisions',554.00,0,'2022-03-22 19:26:09','2022-03-22 19:26:09'),(16,12,2,535.00,53.50,'[]',48,'EPSION Plaster Printer',1578.00,0,'2022-03-22 19:26:09','2022-03-22 19:26:09'),(17,13,3,597.00,59.70,'[]',57,'B&O Play Mini Bluetooth Speaker',2205.00,0,'2022-03-22 19:26:09','2022-03-22 19:26:09'),(18,14,2,40.50,4.05,'[]',28,'Smart Watches',1312.00,0,'2022-03-22 19:26:09','2022-03-22 19:26:09'),(19,14,3,507.00,50.70,'[]',38,'Audio Equipment',2532.00,0,'2022-03-22 19:26:09','2022-03-22 19:26:09'),(20,15,1,406.00,40.60,'[]',36,'Nikon HD camera',846.00,0,'2022-03-22 19:26:09','2022-03-22 19:26:09'),(21,16,3,597.00,59.70,'[]',56,'B&O Play Mini Bluetooth Speaker',2205.00,0,'2022-03-22 19:26:09','2022-03-22 19:26:09'),(22,17,3,507.00,50.70,'[]',38,'Audio Equipment',2532.00,0,'2022-03-22 19:26:09','2022-03-22 19:26:09'),(23,18,3,820.00,82.00,'[]',74,'MVMTH Classical Leather Watch In Black',2040.00,0,'2022-03-22 19:26:09','2022-03-22 19:26:09'),(24,19,1,597.00,59.70,'[]',55,'B&O Play Mini Bluetooth Speaker',735.00,0,'2022-03-22 19:26:09','2022-03-22 19:26:09'),(25,19,2,597.00,59.70,'[]',58,'B&O Play Mini Bluetooth Speaker',1470.00,0,'2022-03-22 19:26:09','2022-03-22 19:26:09'),(26,20,1,564.00,56.40,'[]',64,'Samsung Gear VR Virtual Reality Headset',631.00,0,'2022-03-22 19:26:09','2022-03-22 19:26:09'),(27,21,1,820.00,82.00,'[]',73,'MVMTH Classical Leather Watch In Black',680.00,0,'2022-03-22 19:26:09','2022-03-22 19:26:09'),(28,22,2,80.25,8.03,'[]',24,'Dual Camera 20MP',1144.00,0,'2022-03-22 19:26:09','2022-03-22 19:26:09'),(29,22,1,507.00,50.70,'[]',39,'Audio Equipment',844.00,0,'2022-03-22 19:26:09','2022-03-22 19:26:09'),(30,23,1,569.00,56.90,'[]',61,'Apple MacBook Air Retina 12-Inch Laptop',626.00,0,'2022-03-22 19:26:09','2022-03-22 19:26:09'),(31,23,1,669.00,66.90,'[]',75,'Baxter Care Hair Kit For Bearded Mens',581.00,0,'2022-03-22 19:26:09','2022-03-22 19:26:09'),(32,24,3,507.00,50.70,'[]',39,'Audio Equipment',2532.00,0,'2022-03-22 19:26:09','2022-03-22 19:26:09'),(33,25,3,515.00,51.50,'[]',59,'Apple MacBook Air Retina 13.3-Inch Laptop',1857.00,0,'2022-03-22 19:26:09','2022-03-22 19:26:09'),(34,26,3,1296.00,129.60,'[]',66,'Aveeno Moisturizing Body Shower 450ml',1863.00,0,'2022-03-22 19:26:10','2022-03-22 19:26:10'),(35,27,3,567.00,56.70,'[]',32,'Red & Black Headphone',1839.00,0,'2022-03-22 19:26:10','2022-03-22 19:26:10'),(36,28,1,535.00,53.50,'[]',49,'EPSION Plaster Printer',789.00,0,'2022-03-22 19:26:10','2022-03-22 19:26:10'),(37,29,1,820.00,82.00,'[]',74,'MVMTH Classical Leather Watch In Black',680.00,0,'2022-03-22 19:26:10','2022-03-22 19:26:10'),(38,30,3,40.50,4.05,'[]',28,'Smart Watches',1968.00,0,'2022-03-22 19:26:10','2022-03-22 19:26:10'),(39,31,1,406.00,40.60,'[]',36,'Nikon HD camera',846.00,0,'2022-03-22 19:26:10','2022-03-22 19:26:10'),(40,32,1,507.00,50.70,'[]',38,'Audio Equipment',844.00,0,'2022-03-22 19:26:10','2022-03-22 19:26:10'),(41,33,2,597.00,59.70,'[]',57,'B&O Play Mini Bluetooth Speaker',1470.00,0,'2022-03-22 19:26:10','2022-03-22 19:26:10'),(42,33,1,597.00,59.70,'[]',58,'B&O Play Mini Bluetooth Speaker',735.00,0,'2022-03-22 19:26:10','2022-03-22 19:26:10'),(43,34,3,1231.00,123.10,'[]',42,'Smart Televisions',1662.00,0,'2022-03-22 19:26:10','2022-03-22 19:26:10'),(44,35,2,1296.00,129.60,'[]',66,'Aveeno Moisturizing Body Shower 450ml',1242.00,0,'2022-03-22 19:26:10','2022-03-22 19:26:10'),(45,36,2,1282.00,128.20,'[]',45,'Herschel Leather Duffle Bag In Brown Color',1446.00,0,'2022-03-22 19:26:10','2022-03-22 19:26:10'),(46,37,2,669.00,66.90,'[]',75,'Baxter Care Hair Kit For Bearded Mens',1162.00,0,'2022-03-22 19:26:10','2022-03-22 19:26:10'),(47,38,3,1231.00,123.10,'[]',42,'Smart Televisions',1662.00,0,'2022-03-22 19:26:10','2022-03-22 19:26:10'),(48,38,2,535.00,53.50,'[]',48,'EPSION Plaster Printer',1578.00,0,'2022-03-22 19:26:10','2022-03-22 19:26:10'),(49,39,2,513.00,51.30,'[]',52,'Sound Intone I65 Earphone White Version',1664.00,0,'2022-03-22 19:26:10','2022-03-22 19:26:10'),(50,40,1,1231.00,123.10,'[]',41,'Smart Televisions',554.00,0,'2022-03-22 19:26:10','2022-03-22 19:26:10'),(51,40,3,535.00,53.50,'[]',50,'EPSION Plaster Printer',2367.00,0,'2022-03-22 19:26:10','2022-03-22 19:26:10'),(52,41,1,513.00,51.30,'[]',54,'Sound Intone I65 Earphone White Version',832.00,0,'2022-03-22 19:26:10','2022-03-22 19:26:10'),(53,42,3,597.00,59.70,'[]',56,'B&O Play Mini Bluetooth Speaker',2205.00,0,'2022-03-22 19:26:10','2022-03-22 19:26:10'),(54,43,1,80.25,8.03,'[]',25,'Dual Camera 20MP',572.00,0,'2022-03-22 19:26:10','2022-03-22 19:26:10'),(55,44,2,597.00,59.70,'[]',57,'B&O Play Mini Bluetooth Speaker',1470.00,0,'2022-03-22 19:26:10','2022-03-22 19:26:10'),(56,45,2,669.00,66.90,'[]',75,'Baxter Care Hair Kit For Bearded Mens',1162.00,0,'2022-03-22 19:26:10','2022-03-22 19:26:10'),(57,46,2,787.00,78.70,'[]',35,'Smart Watch External',1488.00,0,'2022-03-22 19:26:10','2022-03-22 19:26:10'),(58,47,2,1231.00,123.10,'[]',41,'Smart Televisions',1108.00,0,'2022-03-22 19:26:10','2022-03-22 19:26:10'),(59,48,3,513.00,51.30,'[]',51,'Sound Intone I65 Earphone White Version',2496.00,0,'2022-03-22 19:26:10','2022-03-22 19:26:10'),(60,49,3,1222.00,122.20,'[]',47,'Xbox One Wireless Controller Black Color',2055.00,0,'2022-03-22 19:26:10','2022-03-22 19:26:10'),(61,50,1,513.00,51.30,'[]',51,'Sound Intone I65 Earphone White Version',832.00,0,'2022-03-22 19:26:10','2022-03-22 19:26:10'),(62,51,1,669.00,66.90,'[]',75,'Baxter Care Hair Kit For Bearded Mens',581.00,0,'2022-03-22 19:26:10','2022-03-22 19:26:10');
/*!40000 ALTER TABLE `ec_order_product` ENABLE KEYS */;
UNLOCK TABLES;

--
-- Table structure for table `ec_orders`
--

DROP TABLE IF EXISTS `ec_orders`;
/*!40101 SET @saved_cs_client     = @@character_set_client */;
/*!40101 SET character_set_client = utf8 */;
CREATE TABLE `ec_orders` (
  `id` bigint(20) unsigned NOT NULL AUTO_INCREMENT,
  `user_id` int(10) unsigned NOT NULL,
  `shipping_option` varchar(60) COLLATE utf8mb4_unicode_ci DEFAULT NULL,
  `shipping_method` varchar(60) COLLATE utf8mb4_unicode_ci NOT NULL DEFAULT 'default',
  `status` varchar(120) COLLATE utf8mb4_unicode_ci NOT NULL DEFAULT 'pending',
  `amount` decimal(15,2) NOT NULL,
  `tax_amount` decimal(15,2) DEFAULT NULL,
  `shipping_amount` decimal(15,2) DEFAULT NULL,
  `description` text COLLATE utf8mb4_unicode_ci DEFAULT NULL,
  `coupon_code` varchar(120) COLLATE utf8mb4_unicode_ci DEFAULT NULL,
  `discount_amount` decimal(15,2) DEFAULT NULL,
  `sub_total` decimal(15,2) NOT NULL,
  `is_confirmed` tinyint(1) NOT NULL DEFAULT 0,
  `discount_description` varchar(255) COLLATE utf8mb4_unicode_ci DEFAULT NULL,
  `is_finished` tinyint(1) DEFAULT 1,
  `token` varchar(120) COLLATE utf8mb4_unicode_ci DEFAULT NULL,
  `payment_id` int(10) unsigned DEFAULT NULL,
  `created_at` timestamp NULL DEFAULT NULL,
  `updated_at` timestamp NULL DEFAULT NULL,
  `store_id` int(10) unsigned DEFAULT NULL,
  PRIMARY KEY (`id`)
) ENGINE=InnoDB AUTO_INCREMENT=52 DEFAULT CHARSET=utf8mb4 COLLATE=utf8mb4_unicode_ci;
/*!40101 SET character_set_client = @saved_cs_client */;

--
-- Dumping data for table `ec_orders`
--

LOCK TABLES `ec_orders` WRITE;
/*!40000 ALTER TABLE `ec_orders` DISABLE KEYS */;
INSERT INTO `ec_orders` VALUES (1,8,'1','default','pending',1792.95,60.45,0.00,NULL,NULL,0.00,1732.50,1,NULL,1,'DqvX726HCWPIFryda1OsiopWWDZCl',1,'2022-03-16 03:26:09','2022-03-22 19:26:09',2),(2,8,'1','default','completed',667.90,58.90,0.00,NULL,NULL,0.00,609.00,1,NULL,1,'HBiqw2yFBTistAg7FjV9L6070Z01m',2,'2022-03-21 03:26:09','2022-03-22 19:26:09',3),(3,1,'1','default','pending',1410.20,128.20,0.00,NULL,NULL,0.00,1282.00,1,NULL,1,'MOhWGBQxJUMrCgAp99Woc4jPqNGZZ',3,'2022-03-18 01:26:09','2022-03-22 19:26:09',2),(4,1,'1','default','completed',2566.20,122.20,0.00,NULL,NULL,0.00,2444.00,1,NULL,1,'zlarhlr8xC3vwnnSls8oHmKzwuhNv',4,'2022-03-21 05:26:09','2022-03-22 19:26:09',1),(5,1,'1','default','pending',1077.30,51.30,0.00,NULL,NULL,0.00,1026.00,1,NULL,1,'cDxJAZsnrIy9uKQ4S2vcgsTN45kr7',5,'2022-03-18 01:26:09','2022-03-22 19:26:09',4),(6,1,'1','default','completed',1763.90,56.90,0.00,NULL,NULL,0.00,1707.00,1,NULL,1,'nZ1vW8aZk8dSAxyXzx8MDMVWFfuIF',6,'2022-03-21 05:26:09','2022-03-22 19:26:09',3),(7,4,'1','default','pending',4290.40,138.40,0.00,NULL,NULL,0.00,4152.00,1,NULL,1,'SpoWchOpZw7Dp1n6Qlowt8mz5wqZ6',7,'2022-03-18 07:26:09','2022-03-22 19:26:09',6),(8,8,'1','default','pending',623.70,56.70,0.00,NULL,NULL,0.00,567.00,1,NULL,1,'t1br3srfaKYROi7TqOMWAV5qzR2hR',8,'2022-03-12 21:26:09','2022-03-22 19:26:09',5),(9,8,'1','default','completed',1410.20,128.20,0.00,NULL,NULL,0.00,1282.00,1,NULL,1,'sAPw6Vkqu5GizE2pWWqp3u2Pmq7N0',9,'2022-03-19 23:26:09','2022-03-22 19:26:09',2),(10,8,'1','default','completed',1344.20,122.20,0.00,NULL,NULL,0.00,1222.00,1,NULL,1,'BSqVkYfMRSOX6tozjfm6q6umsvhp4',10,'2022-03-11 11:26:09','2022-03-22 19:26:09',1),(11,1,'1','default','completed',168.53,8.03,0.00,NULL,NULL,0.00,160.50,1,NULL,1,'DSYRrwlslBM5zjExtxKVHzEpX9hWs',11,'2022-03-13 11:26:09','2022-03-22 19:26:09',2),(12,1,'1','default','pending',2477.60,176.60,0.00,NULL,NULL,0.00,2301.00,1,NULL,1,'rvsWOOaRf9MFUhd7kUfOQVacnK7JB',12,'2022-03-10 19:26:09','2022-03-22 19:26:09',1),(13,1,'1','default','completed',1850.70,59.70,0.00,NULL,NULL,0.00,1791.00,1,NULL,1,'p6NH7RwFf3m5kXGtGXDDsrO4uBUjk',13,'2022-03-10 19:26:09','2022-03-22 19:26:09',6),(14,7,'1','default','completed',1656.75,54.75,0.00,NULL,NULL,0.00,1602.00,1,NULL,1,'2gPzOw0UEvIzOPkpbsdbFtmAIbjKI',14,'2022-03-17 19:26:09','2022-03-22 19:26:09',2),(15,7,'1','default','completed',446.60,40.60,0.00,NULL,NULL,0.00,406.00,1,NULL,1,'VcqP1lRXYv4w2A83k7thYaPy02UNk',15,'2022-03-21 13:26:09','2022-03-22 19:26:09',5),(16,7,'1','default','completed',1850.70,59.70,0.00,NULL,NULL,0.00,1791.00,1,NULL,1,'VI4cOsQrUFDYeoMoMxNqbK49gG9G1',16,'2022-03-19 01:26:09','2022-03-22 19:26:09',6),(17,7,'1','default','completed',1571.70,50.70,0.00,NULL,NULL,0.00,1521.00,1,NULL,1,'3rB8JpfBgwg3CDa0cvNyNmB6XseAl',17,'2022-03-20 11:26:09','2022-03-22 19:26:09',2),(18,7,'1','default','completed',2542.00,82.00,0.00,NULL,NULL,0.00,2460.00,1,NULL,1,'b5ZuIxi0dkNDG06qzirgC4DuS4dll',18,'2022-03-16 23:26:09','2022-03-22 19:26:09',3),(19,4,'1','default','completed',1910.40,119.40,0.00,NULL,NULL,0.00,1791.00,1,NULL,1,'6cAvggEXdPrZeyGz1s9LqYHHMHtbb',19,'2022-03-18 11:26:09','2022-03-22 19:26:09',6),(20,4,'1','default','pending',620.40,56.40,0.00,NULL,NULL,0.00,564.00,1,NULL,1,'XOh2DdjYyeOy1O8BbH1q0CVfH3pe6',20,'2022-03-16 07:26:09','2022-03-22 19:26:09',2),(21,4,'1','default','pending',902.00,82.00,0.00,NULL,NULL,0.00,820.00,1,NULL,1,'d6BelHszwsDk70dFO7bx3av2PhgAO',21,'2022-03-21 17:26:09','2022-03-22 19:26:09',3),(22,7,'1','default','completed',726.23,58.73,0.00,NULL,NULL,0.00,667.50,1,NULL,1,'PApE4Pzmh4UFnF5lZ7uhK2uXIEnUD',22,'2022-03-16 19:26:09','2022-03-22 19:26:09',2),(23,7,'1','default','pending',1361.80,123.80,0.00,NULL,NULL,0.00,1238.00,1,NULL,1,'SPThETNTnOTVYl5xZdUydwKrK8K9A',23,'2022-03-15 19:26:09','2022-03-22 19:26:09',3),(24,4,'1','default','completed',1571.70,50.70,0.00,NULL,NULL,0.00,1521.00,1,NULL,1,'CrZcSbZ5asouoac8NlR3AvhLJ5QF0',24,'2022-03-14 13:26:09','2022-03-22 19:26:09',2),(25,4,'1','default','completed',1596.50,51.50,0.00,NULL,NULL,0.00,1545.00,1,NULL,1,'tylbPVgi505hnq6xU9Gbz1Yi2zzvK',25,'2022-03-15 11:26:09','2022-03-22 19:26:10',6),(26,4,'1','default','pending',4017.60,129.60,0.00,NULL,NULL,0.00,3888.00,1,NULL,1,'z7u73sCNs92MgEX2BWgb9c3R2DyI5',26,'2022-03-19 03:26:10','2022-03-22 19:26:10',5),(27,1,'1','default','pending',1757.70,56.70,0.00,NULL,NULL,0.00,1701.00,1,NULL,1,'h1u5gsvQOTTQy60fP1QlU9JYjUJSB',27,'2022-03-19 11:26:10','2022-03-22 19:26:10',5),(28,1,'1','default','completed',588.50,53.50,0.00,NULL,NULL,0.00,535.00,1,NULL,1,'u1B0V9qfwbJSrATd6FyppMn1Sb4JR',28,'2022-03-18 15:26:10','2022-03-22 19:26:10',1),(29,1,'1','default','completed',902.00,82.00,0.00,NULL,NULL,0.00,820.00,1,NULL,1,'ZRxXkdsrXtudIdIuHO6QmemaLXOch',29,'2022-03-20 07:26:10','2022-03-22 19:26:10',3),(30,7,'1','default','pending',125.55,4.05,0.00,NULL,NULL,0.00,121.50,1,NULL,1,'PQVD6eDthUjHVzfuC4vFj61QNE84U',30,'2022-03-18 07:26:10','2022-03-22 19:26:10',2),(31,7,'1','default','pending',446.60,40.60,0.00,NULL,NULL,0.00,406.00,1,NULL,1,'UaAz0EA4YYV5GSDk6UbwzbOJuk1ND',31,'2022-03-19 19:26:10','2022-03-22 19:26:10',5),(32,8,'1','default','pending',557.70,50.70,0.00,NULL,NULL,0.00,507.00,1,NULL,1,'4SK9eA0rta0eeOANL3UDj9N207IG9',32,'2022-03-16 19:26:10','2022-03-22 19:26:10',2),(33,8,'1','default','completed',1910.40,119.40,0.00,NULL,NULL,0.00,1791.00,1,NULL,1,'oDKguHqeGkSPXFQbPGaERKge21aGO',33,'2022-03-16 19:26:10','2022-03-22 19:26:10',6),(34,7,'1','default','completed',3816.10,123.10,0.00,NULL,NULL,0.00,3693.00,1,NULL,1,'QxJc6MDbvu82WAxvjJ9bTyJCKn17i',34,'2022-03-18 03:26:10','2022-03-22 19:26:10',1),(35,7,'1','default','pending',2721.60,129.60,0.00,NULL,NULL,0.00,2592.00,1,NULL,1,'kHBgIRSc4riK6qWbf4lEmw0eaH7v3',35,'2022-03-16 23:26:10','2022-03-22 19:26:10',5),(36,8,'1','default','completed',2692.20,128.20,0.00,NULL,NULL,0.00,2564.00,1,NULL,1,'nvMuUyZOj4wy0wB9g0W6birxzBFu7',36,'2022-03-19 19:26:10','2022-03-22 19:26:10',2),(37,8,'1','default','completed',1404.90,66.90,0.00,NULL,NULL,0.00,1338.00,1,NULL,1,'q3Rz0M7Y6V5ep7XUXmwuvMszghFrq',37,'2022-03-17 19:26:10','2022-03-22 19:26:10',3),(38,4,'1','default','pending',4939.60,176.60,0.00,NULL,NULL,0.00,4763.00,1,NULL,1,'QyqE9bt1vpz9L6DXTydy1CFnezb9R',38,'2022-03-19 11:26:10','2022-03-22 19:26:10',1),(39,4,'1','default','completed',1077.30,51.30,0.00,NULL,NULL,0.00,1026.00,1,NULL,1,'iG6UOoSHYxP5sZSppRnk3PX8Ng7p8',39,'2022-03-20 17:26:10','2022-03-22 19:26:10',4),(40,7,'1','default','completed',3012.60,176.60,0.00,NULL,NULL,0.00,2836.00,1,NULL,1,'wQypaB8J71NNISqQTnR3zzZ4l2h1Y',40,'2022-03-21 19:26:10','2022-03-22 19:26:10',1),(41,7,'1','default','pending',564.30,51.30,0.00,NULL,NULL,0.00,513.00,1,NULL,1,'hJPBfYCuhZjt1MBonv9mfELZ69MPO',41,'2022-03-22 03:26:10','2022-03-22 19:26:10',4),(42,7,'1','default','pending',1850.70,59.70,0.00,NULL,NULL,0.00,1791.00,1,NULL,1,'m4IByY5VUEtI65262gZCreBaELnHX',42,'2022-03-21 03:26:10','2022-03-22 19:26:10',6),(43,1,'1','default','completed',88.28,8.03,0.00,NULL,NULL,0.00,80.25,1,NULL,1,'ogG0B00v1Nmn3vyaxvkV2GnJfHAEE',43,'2022-03-21 07:26:10','2022-03-22 19:26:10',2),(44,1,'1','default','completed',1253.70,59.70,0.00,NULL,NULL,0.00,1194.00,1,NULL,1,'QPCNl2EWUYStgZCTZ5EJrUqlBakAi',44,'2022-03-21 07:26:10','2022-03-22 19:26:10',6),(45,1,'1','default','pending',1404.90,66.90,0.00,NULL,NULL,0.00,1338.00,1,NULL,1,'BG5rMzX582P5xESCNthR2eR2djZ8R',45,'2022-03-22 01:26:10','2022-03-22 19:26:10',3),(46,4,'1','default','pending',1652.70,78.70,0.00,NULL,NULL,0.00,1574.00,1,NULL,1,'EQF5bblVF9EgLfQCdnCabABdZiVV9',46,'2022-03-21 03:26:10','2022-03-22 19:26:10',6),(47,4,'1','default','pending',2585.10,123.10,0.00,NULL,NULL,0.00,2462.00,1,NULL,1,'mgNDLcc5XlxJ4T9q3eeKEdXly2WP9',47,'2022-03-22 03:26:10','2022-03-22 19:26:10',1),(48,4,'1','default','pending',1590.30,51.30,0.00,NULL,NULL,0.00,1539.00,1,NULL,1,'QcyGaAsB4BTLSVmHSKVeyMX1nSxMc',48,'2022-03-21 11:26:10','2022-03-22 19:26:10',4),(49,8,'1','default','completed',3788.20,122.20,0.00,NULL,NULL,0.00,3666.00,1,NULL,1,'i3nPSVdbmYPUmpZ7sInS8IJaKk2m9',49,'2022-03-22 07:26:10','2022-03-22 19:26:10',1),(50,8,'1','default','pending',564.30,51.30,0.00,NULL,NULL,0.00,513.00,1,NULL,1,'RcirKS5uULFyt8KvOWo2O39F9xPTQ',50,'2022-03-22 03:26:10','2022-03-22 19:26:10',4),(51,8,'1','default','completed',735.90,66.90,0.00,NULL,NULL,0.00,669.00,1,NULL,1,'1mZw5qdOmdjobsQb6iJQ16CHiZW0w',51,'2022-03-22 05:26:10','2022-03-22 19:26:10',3);
/*!40000 ALTER TABLE `ec_orders` ENABLE KEYS */;
UNLOCK TABLES;

--
-- Table structure for table `ec_product_attribute_sets`
--

DROP TABLE IF EXISTS `ec_product_attribute_sets`;
/*!40101 SET @saved_cs_client     = @@character_set_client */;
/*!40101 SET character_set_client = utf8 */;
CREATE TABLE `ec_product_attribute_sets` (
  `id` bigint(20) unsigned NOT NULL AUTO_INCREMENT,
  `title` varchar(120) COLLATE utf8mb4_unicode_ci NOT NULL,
  `slug` varchar(120) COLLATE utf8mb4_unicode_ci DEFAULT NULL,
  `display_layout` varchar(191) COLLATE utf8mb4_unicode_ci NOT NULL DEFAULT 'swatch_dropdown',
  `is_searchable` tinyint(3) unsigned NOT NULL DEFAULT 1,
  `is_comparable` tinyint(3) unsigned NOT NULL DEFAULT 1,
  `is_use_in_product_listing` tinyint(3) unsigned NOT NULL DEFAULT 0,
  `status` varchar(60) COLLATE utf8mb4_unicode_ci NOT NULL DEFAULT 'published',
  `order` tinyint(3) unsigned NOT NULL DEFAULT 0,
  `created_at` timestamp NULL DEFAULT NULL,
  `updated_at` timestamp NULL DEFAULT NULL,
  `use_image_from_product_variation` tinyint(3) unsigned NOT NULL DEFAULT 0,
  PRIMARY KEY (`id`)
) ENGINE=InnoDB AUTO_INCREMENT=3 DEFAULT CHARSET=utf8mb4 COLLATE=utf8mb4_unicode_ci;
/*!40101 SET character_set_client = @saved_cs_client */;

--
-- Dumping data for table `ec_product_attribute_sets`
--

LOCK TABLES `ec_product_attribute_sets` WRITE;
/*!40000 ALTER TABLE `ec_product_attribute_sets` DISABLE KEYS */;
INSERT INTO `ec_product_attribute_sets` VALUES (1,'Color','color','visual',1,1,1,'published',0,'2022-03-22 19:26:09','2022-03-22 19:26:09',0),(2,'Size','size','text',1,1,1,'published',1,'2022-03-22 19:26:09','2022-03-22 19:26:09',0);
/*!40000 ALTER TABLE `ec_product_attribute_sets` ENABLE KEYS */;
UNLOCK TABLES;

--
-- Table structure for table `ec_product_attribute_sets_translations`
--

DROP TABLE IF EXISTS `ec_product_attribute_sets_translations`;
/*!40101 SET @saved_cs_client     = @@character_set_client */;
/*!40101 SET character_set_client = utf8 */;
CREATE TABLE `ec_product_attribute_sets_translations` (
  `lang_code` varchar(191) COLLATE utf8mb4_unicode_ci NOT NULL,
  `ec_product_attribute_sets_id` int(11) NOT NULL,
  `title` varchar(191) COLLATE utf8mb4_unicode_ci DEFAULT NULL,
  PRIMARY KEY (`lang_code`,`ec_product_attribute_sets_id`)
) ENGINE=InnoDB DEFAULT CHARSET=utf8mb4 COLLATE=utf8mb4_unicode_ci;
/*!40101 SET character_set_client = @saved_cs_client */;

--
-- Dumping data for table `ec_product_attribute_sets_translations`
--

LOCK TABLES `ec_product_attribute_sets_translations` WRITE;
/*!40000 ALTER TABLE `ec_product_attribute_sets_translations` DISABLE KEYS */;
INSERT INTO `ec_product_attribute_sets_translations` VALUES ('vi',1,'Màu sắc'),('vi',2,'Kích thước');
/*!40000 ALTER TABLE `ec_product_attribute_sets_translations` ENABLE KEYS */;
UNLOCK TABLES;

--
-- Table structure for table `ec_product_attributes`
--

DROP TABLE IF EXISTS `ec_product_attributes`;
/*!40101 SET @saved_cs_client     = @@character_set_client */;
/*!40101 SET character_set_client = utf8 */;
CREATE TABLE `ec_product_attributes` (
  `id` bigint(20) unsigned NOT NULL AUTO_INCREMENT,
  `attribute_set_id` int(10) unsigned NOT NULL,
  `title` varchar(120) COLLATE utf8mb4_unicode_ci NOT NULL,
  `slug` varchar(120) COLLATE utf8mb4_unicode_ci DEFAULT NULL,
  `color` varchar(50) COLLATE utf8mb4_unicode_ci DEFAULT NULL,
  `image` varchar(191) COLLATE utf8mb4_unicode_ci DEFAULT NULL,
  `is_default` tinyint(3) unsigned NOT NULL DEFAULT 0,
  `order` tinyint(3) unsigned NOT NULL DEFAULT 0,
  `status` varchar(60) COLLATE utf8mb4_unicode_ci NOT NULL DEFAULT 'published',
  `created_at` timestamp NULL DEFAULT NULL,
  `updated_at` timestamp NULL DEFAULT NULL,
  PRIMARY KEY (`id`)
) ENGINE=InnoDB AUTO_INCREMENT=11 DEFAULT CHARSET=utf8mb4 COLLATE=utf8mb4_unicode_ci;
/*!40101 SET character_set_client = @saved_cs_client */;

--
-- Dumping data for table `ec_product_attributes`
--

LOCK TABLES `ec_product_attributes` WRITE;
/*!40000 ALTER TABLE `ec_product_attributes` DISABLE KEYS */;
INSERT INTO `ec_product_attributes` VALUES (1,1,'Green','green','#5FB7D4',NULL,1,1,'published','2022-03-22 19:26:09','2022-03-22 19:26:09'),(2,1,'Blue','blue','#333333',NULL,0,2,'published','2022-03-22 19:26:09','2022-03-22 19:26:09'),(3,1,'Red','red','#DA323F',NULL,0,3,'published','2022-03-22 19:26:09','2022-03-22 19:26:09'),(4,1,'Black','back','#2F366C',NULL,0,4,'published','2022-03-22 19:26:09','2022-03-22 19:26:09'),(5,1,'Brown','brown','#87554B',NULL,0,5,'published','2022-03-22 19:26:09','2022-03-22 19:26:09'),(6,2,'S','s',NULL,NULL,1,1,'published','2022-03-22 19:26:09','2022-03-22 19:26:09'),(7,2,'M','m',NULL,NULL,0,2,'published','2022-03-22 19:26:09','2022-03-22 19:26:09'),(8,2,'L','l',NULL,NULL,0,3,'published','2022-03-22 19:26:09','2022-03-22 19:26:09'),(9,2,'XL','xl',NULL,NULL,0,4,'published','2022-03-22 19:26:09','2022-03-22 19:26:09'),(10,2,'XXL','xxl',NULL,NULL,0,5,'published','2022-03-22 19:26:09','2022-03-22 19:26:09');
/*!40000 ALTER TABLE `ec_product_attributes` ENABLE KEYS */;
UNLOCK TABLES;

--
-- Table structure for table `ec_product_attributes_translations`
--

DROP TABLE IF EXISTS `ec_product_attributes_translations`;
/*!40101 SET @saved_cs_client     = @@character_set_client */;
/*!40101 SET character_set_client = utf8 */;
CREATE TABLE `ec_product_attributes_translations` (
  `lang_code` varchar(191) COLLATE utf8mb4_unicode_ci NOT NULL,
  `ec_product_attributes_id` int(11) NOT NULL,
  `title` varchar(191) COLLATE utf8mb4_unicode_ci DEFAULT NULL,
  PRIMARY KEY (`lang_code`,`ec_product_attributes_id`)
) ENGINE=InnoDB DEFAULT CHARSET=utf8mb4 COLLATE=utf8mb4_unicode_ci;
/*!40101 SET character_set_client = @saved_cs_client */;

--
-- Dumping data for table `ec_product_attributes_translations`
--

LOCK TABLES `ec_product_attributes_translations` WRITE;
/*!40000 ALTER TABLE `ec_product_attributes_translations` DISABLE KEYS */;
INSERT INTO `ec_product_attributes_translations` VALUES ('vi',1,'Xanh lá cây'),('vi',2,'Xanh da trời'),('vi',3,'Đỏ'),('vi',4,'Đen'),('vi',5,'Nâu'),('vi',6,'S'),('vi',7,'M'),('vi',8,'L'),('vi',9,'XL'),('vi',10,'XXL');
/*!40000 ALTER TABLE `ec_product_attributes_translations` ENABLE KEYS */;
UNLOCK TABLES;

--
-- Table structure for table `ec_product_categories`
--

DROP TABLE IF EXISTS `ec_product_categories`;
/*!40101 SET @saved_cs_client     = @@character_set_client */;
/*!40101 SET character_set_client = utf8 */;
CREATE TABLE `ec_product_categories` (
  `id` bigint(20) unsigned NOT NULL AUTO_INCREMENT,
  `name` varchar(191) COLLATE utf8mb4_unicode_ci NOT NULL,
  `parent_id` int(10) unsigned DEFAULT 0,
  `description` mediumtext COLLATE utf8mb4_unicode_ci DEFAULT NULL,
  `status` varchar(60) COLLATE utf8mb4_unicode_ci NOT NULL DEFAULT 'published',
  `order` int(10) unsigned NOT NULL DEFAULT 0,
  `image` varchar(255) COLLATE utf8mb4_unicode_ci DEFAULT NULL,
  `is_featured` tinyint(3) unsigned NOT NULL DEFAULT 0,
  `created_at` timestamp NULL DEFAULT NULL,
  `updated_at` timestamp NULL DEFAULT NULL,
  PRIMARY KEY (`id`)
) ENGINE=InnoDB AUTO_INCREMENT=38 DEFAULT CHARSET=utf8mb4 COLLATE=utf8mb4_unicode_ci;
/*!40101 SET character_set_client = @saved_cs_client */;

--
-- Dumping data for table `ec_product_categories`
--

LOCK TABLES `ec_product_categories` WRITE;
/*!40000 ALTER TABLE `ec_product_categories` DISABLE KEYS */;
INSERT INTO `ec_product_categories` VALUES (1,'Hot Promotions',0,NULL,'published',0,NULL,0,'2022-01-03 21:23:43','2022-01-03 21:23:43'),(2,'Electronics',0,NULL,'published',1,'product-categories/1.jpg',1,'2022-01-03 21:23:43','2022-01-03 21:23:43'),(3,'Consumer Electronic',2,NULL,'published',0,NULL,0,'2022-01-03 21:23:43','2022-01-03 21:23:43'),(4,'Home Audio & Theaters',3,NULL,'published',0,NULL,0,'2022-01-03 21:23:43','2022-01-03 21:23:43'),(5,'TV & Videos',3,NULL,'published',1,NULL,0,'2022-01-03 21:23:43','2022-01-03 21:23:43'),(6,'Camera, Photos & Videos',3,NULL,'published',2,NULL,0,'2022-01-03 21:23:43','2022-01-03 21:23:43'),(7,'Cellphones & Accessories',3,NULL,'published',3,NULL,0,'2022-01-03 21:23:43','2022-01-03 21:23:43'),(8,'Headphones',3,NULL,'published',4,NULL,0,'2022-01-03 21:23:43','2022-01-03 21:23:43'),(9,'Videos games',3,NULL,'published',5,NULL,0,'2022-01-03 21:23:43','2022-01-03 21:23:43'),(10,'Wireless Speakers',3,NULL,'published',6,NULL,0,'2022-01-03 21:23:43','2022-01-03 21:23:43'),(11,'Office Electronic',3,NULL,'published',7,NULL,0,'2022-01-03 21:23:43','2022-01-03 21:23:43'),(12,'Accessories & Parts',2,NULL,'published',1,NULL,0,'2022-01-03 21:23:43','2022-01-03 21:23:43'),(13,'Digital Cables',12,NULL,'published',0,NULL,0,'2022-01-03 21:23:43','2022-01-03 21:23:43'),(14,'Audio & Video Cables',12,NULL,'published',1,NULL,0,'2022-01-03 21:23:43','2022-01-03 21:23:43'),(15,'Batteries',12,NULL,'published',2,NULL,0,'2022-01-03 21:23:43','2022-01-03 21:23:43'),(16,'Clothing',0,NULL,'published',2,'product-categories/2.jpg',1,'2022-01-03 21:23:43','2022-01-03 21:23:43'),(17,'Computers',0,NULL,'published',3,'product-categories/3.jpg',1,'2022-01-03 21:23:43','2022-01-03 21:23:43'),(18,'Computer & Technologies',17,NULL,'published',0,NULL,0,'2022-01-03 21:23:43','2022-01-03 21:23:43'),(19,'Computer & Tablets',18,NULL,'published',0,NULL,0,'2022-01-03 21:23:43','2022-01-03 21:23:43'),(20,'Laptop',18,NULL,'published',1,NULL,0,'2022-01-03 21:23:43','2022-01-03 21:23:43'),(21,'Monitors',18,NULL,'published',2,NULL,0,'2022-01-03 21:23:43','2022-01-03 21:23:43'),(22,'Computer Components',18,NULL,'published',3,NULL,0,'2022-01-03 21:23:43','2022-01-03 21:23:43'),(23,'Networking',17,NULL,'published',1,NULL,0,'2022-01-03 21:23:43','2022-01-03 21:23:43'),(24,'Drive & Storages',23,NULL,'published',0,NULL,0,'2022-01-03 21:23:43','2022-01-03 21:23:43'),(25,'Gaming Laptop',23,NULL,'published',1,NULL,0,'2022-01-03 21:23:43','2022-01-03 21:23:43'),(26,'Security & Protection',23,NULL,'published',2,NULL,0,'2022-01-03 21:23:43','2022-01-03 21:23:43'),(27,'Accessories',23,NULL,'published',3,NULL,0,'2022-01-03 21:23:43','2022-01-03 21:23:43'),(28,'Home & Kitchen',0,NULL,'published',4,'product-categories/4.jpg',1,'2022-01-03 21:23:43','2022-01-03 21:23:43'),(29,'Health & Beauty',0,NULL,'published',5,'product-categories/5.jpg',1,'2022-01-03 21:23:43','2022-01-03 21:23:43'),(30,'Jewelry & Watch',0,NULL,'published',6,'product-categories/6.jpg',1,'2022-01-03 21:23:43','2022-01-03 21:23:43'),(31,'Technology Toys',0,NULL,'published',7,'product-categories/7.jpg',1,'2022-01-03 21:23:43','2022-01-03 21:23:43'),(32,'Phones',0,NULL,'published',8,'product-categories/8.jpg',1,'2022-01-03 21:23:43','2022-01-03 21:23:43'),(33,'Babies & Moms',0,NULL,'published',9,NULL,0,'2022-01-03 21:23:43','2022-01-03 21:23:43'),(34,'Sport & Outdoor',0,NULL,'published',10,NULL,0,'2022-01-03 21:23:43','2022-01-03 21:23:43'),(35,'Books & Office',0,NULL,'published',11,NULL,0,'2022-01-03 21:23:43','2022-01-03 21:23:43'),(36,'Cars & Motorcycles',0,NULL,'published',12,NULL,0,'2022-01-03 21:23:43','2022-01-03 21:23:43'),(37,'Home Improvements',0,NULL,'published',13,NULL,0,'2022-01-03 21:23:43','2022-01-03 21:23:43');
/*!40000 ALTER TABLE `ec_product_categories` ENABLE KEYS */;
UNLOCK TABLES;

--
-- Table structure for table `ec_product_categories_translations`
--

DROP TABLE IF EXISTS `ec_product_categories_translations`;
/*!40101 SET @saved_cs_client     = @@character_set_client */;
/*!40101 SET character_set_client = utf8 */;
CREATE TABLE `ec_product_categories_translations` (
  `lang_code` varchar(191) COLLATE utf8mb4_unicode_ci NOT NULL,
  `ec_product_categories_id` int(11) NOT NULL,
  `name` varchar(191) COLLATE utf8mb4_unicode_ci DEFAULT NULL,
  `description` text COLLATE utf8mb4_unicode_ci DEFAULT NULL,
  PRIMARY KEY (`lang_code`,`ec_product_categories_id`)
) ENGINE=InnoDB DEFAULT CHARSET=utf8mb4 COLLATE=utf8mb4_unicode_ci;
/*!40101 SET character_set_client = @saved_cs_client */;

--
-- Dumping data for table `ec_product_categories_translations`
--

LOCK TABLES `ec_product_categories_translations` WRITE;
/*!40000 ALTER TABLE `ec_product_categories_translations` DISABLE KEYS */;
INSERT INTO `ec_product_categories_translations` VALUES ('vi',1,'Khuyến mãi hấp dẫn',NULL),('vi',2,'Điện tử',NULL),('vi',3,'Điện tử tiêu dùng',NULL),('vi',4,'Thiết bị nghe nhìn',NULL),('vi',5,'TV & Videos',NULL),('vi',6,'Camera, Photos & Videos',NULL),('vi',7,'Điện thoại di động & Phụ kiện',NULL),('vi',8,'Tai nghe',NULL),('vi',9,'Trò chơi video',NULL),('vi',10,'Loa không dây',NULL),('vi',11,'Điện tử văn phòng',NULL),('vi',12,'Phụ kiện & Phụ tùng',NULL),('vi',13,'Digital Cables',NULL),('vi',14,'Audio & Video Cables',NULL),('vi',15,'Pin',NULL),('vi',16,'Quần áo',NULL),('vi',17,'Máy tính',NULL),('vi',18,'Máy tính & Công nghệ',NULL),('vi',19,'Máy tính & Máy tính bảng',NULL),('vi',20,'Máy tính xách tay',NULL),('vi',21,'Màn hình',NULL),('vi',22,'Linh kiện Máy tính',NULL),('vi',23,'Mạng máy tính',NULL),('vi',24,'Thiết bị lưu trữ',NULL),('vi',25,'Máy tính xách tay chơi game',NULL),('vi',26,'Thiết bị bảo mật',NULL),('vi',27,'Phụ kiện',NULL),('vi',28,'Đồ dùng làm bếp',NULL),('vi',29,'Sức khỏe & làm đẹp',NULL),('vi',30,'Trang sức & Đồng hồ',NULL),('vi',31,'Đồ chơi công nghệ',NULL),('vi',32,'Điện thoại',NULL),('vi',33,'Mẹ và bé',NULL),('vi',34,'Thể thao & ngoài trời',NULL),('vi',35,'Sách & Văn phòng',NULL),('vi',36,'Ô tô & Xe máy',NULL),('vi',37,'Cải tiến nhà cửa',NULL);
/*!40000 ALTER TABLE `ec_product_categories_translations` ENABLE KEYS */;
UNLOCK TABLES;

--
-- Table structure for table `ec_product_category_product`
--

DROP TABLE IF EXISTS `ec_product_category_product`;
/*!40101 SET @saved_cs_client     = @@character_set_client */;
/*!40101 SET character_set_client = utf8 */;
CREATE TABLE `ec_product_category_product` (
  `id` bigint(20) unsigned NOT NULL AUTO_INCREMENT,
  `category_id` int(10) unsigned NOT NULL,
  `product_id` int(10) unsigned NOT NULL,
  PRIMARY KEY (`id`),
  KEY `ec_product_category_product_category_id_index` (`category_id`),
  KEY `ec_product_category_product_product_id_index` (`product_id`)
) ENGINE=InnoDB AUTO_INCREMENT=92 DEFAULT CHARSET=utf8mb4 COLLATE=utf8mb4_unicode_ci;
/*!40101 SET character_set_client = @saved_cs_client */;

--
-- Dumping data for table `ec_product_category_product`
--

LOCK TABLES `ec_product_category_product` WRITE;
/*!40000 ALTER TABLE `ec_product_category_product` DISABLE KEYS */;
INSERT INTO `ec_product_category_product` VALUES (1,19,1),(2,9,1),(3,18,1),(4,35,1),(5,12,2),(6,16,2),(7,1,2),(8,37,2),(9,1,3),(10,9,3),(11,21,3),(12,30,3),(13,27,4),(14,3,4),(15,23,4),(16,29,5),(17,20,5),(18,24,5),(19,33,5),(20,33,6),(21,25,6),(22,13,6),(23,23,6),(24,6,7),(25,1,7),(26,14,7),(27,16,7),(28,28,8),(29,10,8),(30,11,8),(31,23,8),(32,23,9),(33,6,9),(34,5,9),(35,24,9),(36,30,10),(37,33,10),(38,34,10),(39,23,10),(40,4,11),(41,6,11),(42,23,11),(43,19,11),(44,15,12),(45,22,12),(46,23,12),(47,16,12),(48,26,13),(49,20,13),(50,9,13),(51,29,13),(52,7,14),(53,24,14),(54,4,14),(55,37,14),(56,13,15),(57,33,15),(58,9,15),(59,27,15),(60,13,16),(61,21,16),(62,19,16),(63,27,16),(64,6,17),(65,1,17),(66,4,17),(67,16,17),(68,27,18),(69,26,18),(70,2,18),(71,23,18),(72,22,19),(73,24,19),(74,6,19),(75,17,19),(76,33,20),(77,37,20),(78,19,20),(79,36,20),(80,28,21),(81,21,21),(82,3,21),(83,31,21),(84,6,22),(85,20,22),(86,8,22),(87,21,22),(88,2,23),(89,18,23),(90,23,23),(91,32,23);
/*!40000 ALTER TABLE `ec_product_category_product` ENABLE KEYS */;
UNLOCK TABLES;

--
-- Table structure for table `ec_product_collection_products`
--

DROP TABLE IF EXISTS `ec_product_collection_products`;
/*!40101 SET @saved_cs_client     = @@character_set_client */;
/*!40101 SET character_set_client = utf8 */;
CREATE TABLE `ec_product_collection_products` (
  `id` bigint(20) unsigned NOT NULL AUTO_INCREMENT,
  `product_collection_id` int(10) unsigned NOT NULL,
  `product_id` int(10) unsigned NOT NULL,
  PRIMARY KEY (`id`),
  KEY `ec_product_collection_products_product_collection_id_index` (`product_collection_id`),
  KEY `ec_product_collection_products_product_id_index` (`product_id`)
) ENGINE=InnoDB AUTO_INCREMENT=24 DEFAULT CHARSET=utf8mb4 COLLATE=utf8mb4_unicode_ci;
/*!40101 SET character_set_client = @saved_cs_client */;

--
-- Dumping data for table `ec_product_collection_products`
--

LOCK TABLES `ec_product_collection_products` WRITE;
/*!40000 ALTER TABLE `ec_product_collection_products` DISABLE KEYS */;
INSERT INTO `ec_product_collection_products` VALUES (1,1,1),(2,3,2),(3,2,3),(4,3,4),(5,2,5),(6,1,6),(7,3,7),(8,1,8),(9,1,9),(10,1,10),(11,1,11),(12,3,12),(13,1,13),(14,3,14),(15,1,15),(16,2,16),(17,2,17),(18,1,18),(19,2,19),(20,2,20),(21,1,21),(22,2,22),(23,3,23);
/*!40000 ALTER TABLE `ec_product_collection_products` ENABLE KEYS */;
UNLOCK TABLES;

--
-- Table structure for table `ec_product_collections`
--

DROP TABLE IF EXISTS `ec_product_collections`;
/*!40101 SET @saved_cs_client     = @@character_set_client */;
/*!40101 SET character_set_client = utf8 */;
CREATE TABLE `ec_product_collections` (
  `id` bigint(20) unsigned NOT NULL AUTO_INCREMENT,
  `name` varchar(191) COLLATE utf8mb4_unicode_ci NOT NULL,
  `slug` varchar(191) COLLATE utf8mb4_unicode_ci NOT NULL,
  `description` varchar(400) COLLATE utf8mb4_unicode_ci DEFAULT NULL,
  `image` varchar(255) COLLATE utf8mb4_unicode_ci DEFAULT NULL,
  `status` varchar(60) COLLATE utf8mb4_unicode_ci NOT NULL DEFAULT 'published',
  `created_at` timestamp NULL DEFAULT NULL,
  `updated_at` timestamp NULL DEFAULT NULL,
  `is_featured` tinyint(3) unsigned NOT NULL DEFAULT 0,
  PRIMARY KEY (`id`)
) ENGINE=InnoDB AUTO_INCREMENT=4 DEFAULT CHARSET=utf8mb4 COLLATE=utf8mb4_unicode_ci;
/*!40101 SET character_set_client = @saved_cs_client */;

--
-- Dumping data for table `ec_product_collections`
--

LOCK TABLES `ec_product_collections` WRITE;
/*!40000 ALTER TABLE `ec_product_collections` DISABLE KEYS */;
INSERT INTO `ec_product_collections` VALUES (1,'New Arrival','new-arrival',NULL,NULL,'published','2022-01-03 21:23:43','2022-01-03 21:23:43',0),(2,'Best Sellers','best-sellers',NULL,NULL,'published','2022-01-03 21:23:43','2022-01-03 21:23:43',0),(3,'Special Offer','special-offer',NULL,NULL,'published','2022-01-03 21:23:43','2022-01-03 21:23:43',0);
/*!40000 ALTER TABLE `ec_product_collections` ENABLE KEYS */;
UNLOCK TABLES;

--
-- Table structure for table `ec_product_collections_translations`
--

DROP TABLE IF EXISTS `ec_product_collections_translations`;
/*!40101 SET @saved_cs_client     = @@character_set_client */;
/*!40101 SET character_set_client = utf8 */;
CREATE TABLE `ec_product_collections_translations` (
  `lang_code` varchar(191) COLLATE utf8mb4_unicode_ci NOT NULL,
  `ec_product_collections_id` int(11) NOT NULL,
  `name` varchar(191) COLLATE utf8mb4_unicode_ci DEFAULT NULL,
  `description` varchar(191) COLLATE utf8mb4_unicode_ci DEFAULT NULL,
  PRIMARY KEY (`lang_code`,`ec_product_collections_id`)
) ENGINE=InnoDB DEFAULT CHARSET=utf8mb4 COLLATE=utf8mb4_unicode_ci;
/*!40101 SET character_set_client = @saved_cs_client */;

--
-- Dumping data for table `ec_product_collections_translations`
--

LOCK TABLES `ec_product_collections_translations` WRITE;
/*!40000 ALTER TABLE `ec_product_collections_translations` DISABLE KEYS */;
INSERT INTO `ec_product_collections_translations` VALUES ('vi',1,'Hàng mới về',NULL),('vi',2,'Bán chạy nhất',NULL),('vi',3,'Khuyến mãi đặc biệt',NULL);
/*!40000 ALTER TABLE `ec_product_collections_translations` ENABLE KEYS */;
UNLOCK TABLES;

--
-- Table structure for table `ec_product_cross_sale_relations`
--

DROP TABLE IF EXISTS `ec_product_cross_sale_relations`;
/*!40101 SET @saved_cs_client     = @@character_set_client */;
/*!40101 SET character_set_client = utf8 */;
CREATE TABLE `ec_product_cross_sale_relations` (
  `id` bigint(20) unsigned NOT NULL AUTO_INCREMENT,
  `from_product_id` int(10) unsigned NOT NULL,
  `to_product_id` int(10) unsigned NOT NULL,
  PRIMARY KEY (`id`),
  KEY `ec_product_cross_sale_relations_from_product_id_index` (`from_product_id`),
  KEY `ec_product_cross_sale_relations_to_product_id_index` (`to_product_id`)
) ENGINE=InnoDB AUTO_INCREMENT=141 DEFAULT CHARSET=utf8mb4 COLLATE=utf8mb4_unicode_ci;
/*!40101 SET character_set_client = @saved_cs_client */;

--
-- Dumping data for table `ec_product_cross_sale_relations`
--

LOCK TABLES `ec_product_cross_sale_relations` WRITE;
/*!40000 ALTER TABLE `ec_product_cross_sale_relations` DISABLE KEYS */;
INSERT INTO `ec_product_cross_sale_relations` VALUES (1,1,3),(2,1,15),(3,1,11),(4,1,12),(5,1,18),(6,1,20),(7,2,11),(8,2,5),(9,2,9),(10,2,1),(11,2,13),(12,2,19),(13,2,17),(14,3,11),(15,3,19),(16,3,14),(17,3,2),(18,3,16),(19,3,12),(20,4,7),(21,4,19),(22,4,12),(23,4,1),(24,4,6),(25,4,3),(26,4,20),(27,5,15),(28,5,6),(29,5,20),(30,5,9),(31,6,5),(32,6,16),(33,6,1),(34,6,8),(35,6,13),(36,6,17),(37,7,20),(38,7,4),(39,7,16),(40,7,15),(41,7,17),(42,7,18),(43,8,4),(44,8,2),(45,8,11),(46,8,1),(47,8,9),(48,8,17),(49,9,6),(50,9,12),(51,9,14),(52,9,20),(53,9,4),(54,9,13),(55,10,8),(56,10,3),(57,10,20),(58,10,13),(59,10,6),(60,10,14),(61,10,2),(62,11,8),(63,11,3),(64,11,12),(65,11,14),(66,11,1),(67,11,19),(68,12,7),(69,12,2),(70,12,19),(71,12,16),(72,12,18),(73,12,8),(74,13,11),(75,13,7),(76,13,17),(77,13,6),(78,13,19),(79,13,4),(80,14,8),(81,14,17),(82,14,10),(83,14,9),(84,14,3),(85,15,2),(86,15,9),(87,15,1),(88,15,3),(89,15,4),(90,16,8),(91,16,9),(92,16,11),(93,16,19),(94,16,14),(95,16,5),(96,16,4),(97,17,18),(98,17,12),(99,17,15),(100,17,9),(101,17,20),(102,17,4),(103,18,2),(104,18,19),(105,18,13),(106,18,6),(107,18,4),(108,18,8),(109,19,8),(110,19,3),(111,19,9),(112,19,14),(113,19,1),(114,19,13),(115,20,9),(116,20,5),(117,20,1),(118,20,18),(119,20,13),(120,20,2),(121,21,10),(122,21,7),(123,21,6),(124,21,2),(125,21,3),(126,21,1),(127,22,13),(128,22,11),(129,22,15),(130,22,7),(131,22,10),(132,22,1),(133,22,8),(134,23,7),(135,23,6),(136,23,18),(137,23,8),(138,23,5),(139,23,9),(140,23,10);
/*!40000 ALTER TABLE `ec_product_cross_sale_relations` ENABLE KEYS */;
UNLOCK TABLES;

--
-- Table structure for table `ec_product_label_products`
--

DROP TABLE IF EXISTS `ec_product_label_products`;
/*!40101 SET @saved_cs_client     = @@character_set_client */;
/*!40101 SET character_set_client = utf8 */;
CREATE TABLE `ec_product_label_products` (
  `product_label_id` int(10) unsigned NOT NULL,
  `product_id` int(10) unsigned NOT NULL,
  PRIMARY KEY (`product_label_id`,`product_id`),
  KEY `ec_product_label_products_product_label_id_index` (`product_label_id`),
  KEY `ec_product_label_products_product_id_index` (`product_id`)
) ENGINE=InnoDB DEFAULT CHARSET=utf8mb4 COLLATE=utf8mb4_unicode_ci;
/*!40101 SET character_set_client = @saved_cs_client */;

--
-- Dumping data for table `ec_product_label_products`
--

LOCK TABLES `ec_product_label_products` WRITE;
/*!40000 ALTER TABLE `ec_product_label_products` DISABLE KEYS */;
INSERT INTO `ec_product_label_products` VALUES (1,9),(1,18),(2,3),(2,12),(2,21),(3,6),(3,15);
/*!40000 ALTER TABLE `ec_product_label_products` ENABLE KEYS */;
UNLOCK TABLES;

--
-- Table structure for table `ec_product_labels`
--

DROP TABLE IF EXISTS `ec_product_labels`;
/*!40101 SET @saved_cs_client     = @@character_set_client */;
/*!40101 SET character_set_client = utf8 */;
CREATE TABLE `ec_product_labels` (
  `id` bigint(20) unsigned NOT NULL AUTO_INCREMENT,
  `name` varchar(255) COLLATE utf8mb4_unicode_ci NOT NULL,
  `color` varchar(120) COLLATE utf8mb4_unicode_ci DEFAULT NULL,
  `status` varchar(60) COLLATE utf8mb4_unicode_ci NOT NULL DEFAULT 'published',
  `created_at` timestamp NULL DEFAULT NULL,
  `updated_at` timestamp NULL DEFAULT NULL,
  PRIMARY KEY (`id`)
) ENGINE=InnoDB AUTO_INCREMENT=4 DEFAULT CHARSET=utf8mb4 COLLATE=utf8mb4_unicode_ci;
/*!40101 SET character_set_client = @saved_cs_client */;

--
-- Dumping data for table `ec_product_labels`
--

LOCK TABLES `ec_product_labels` WRITE;
/*!40000 ALTER TABLE `ec_product_labels` DISABLE KEYS */;
INSERT INTO `ec_product_labels` VALUES (1,'Hot','#ec2434','published','2022-01-03 21:23:43','2022-01-03 21:23:43'),(2,'New','#00c9a7','published','2022-01-03 21:23:43','2022-01-03 21:23:43'),(3,'Sale','#fe9931','published','2022-01-03 21:23:43','2022-01-03 21:23:43');
/*!40000 ALTER TABLE `ec_product_labels` ENABLE KEYS */;
UNLOCK TABLES;

--
-- Table structure for table `ec_product_labels_translations`
--

DROP TABLE IF EXISTS `ec_product_labels_translations`;
/*!40101 SET @saved_cs_client     = @@character_set_client */;
/*!40101 SET character_set_client = utf8 */;
CREATE TABLE `ec_product_labels_translations` (
  `lang_code` varchar(191) COLLATE utf8mb4_unicode_ci NOT NULL,
  `ec_product_labels_id` int(11) NOT NULL,
  `name` varchar(191) COLLATE utf8mb4_unicode_ci DEFAULT NULL,
  `description` varchar(191) COLLATE utf8mb4_unicode_ci DEFAULT NULL,
  PRIMARY KEY (`lang_code`,`ec_product_labels_id`)
) ENGINE=InnoDB DEFAULT CHARSET=utf8mb4 COLLATE=utf8mb4_unicode_ci;
/*!40101 SET character_set_client = @saved_cs_client */;

--
-- Dumping data for table `ec_product_labels_translations`
--

LOCK TABLES `ec_product_labels_translations` WRITE;
/*!40000 ALTER TABLE `ec_product_labels_translations` DISABLE KEYS */;
INSERT INTO `ec_product_labels_translations` VALUES ('vi',1,'Nổi bật',NULL),('vi',2,'Mới',NULL),('vi',3,'Giảm giá',NULL);
/*!40000 ALTER TABLE `ec_product_labels_translations` ENABLE KEYS */;
UNLOCK TABLES;

--
-- Table structure for table `ec_product_related_relations`
--

DROP TABLE IF EXISTS `ec_product_related_relations`;
/*!40101 SET @saved_cs_client     = @@character_set_client */;
/*!40101 SET character_set_client = utf8 */;
CREATE TABLE `ec_product_related_relations` (
  `id` bigint(20) unsigned NOT NULL AUTO_INCREMENT,
  `from_product_id` int(10) unsigned NOT NULL,
  `to_product_id` int(10) unsigned NOT NULL,
  PRIMARY KEY (`id`),
  KEY `ec_product_related_relations_from_product_id_index` (`from_product_id`),
  KEY `ec_product_related_relations_to_product_id_index` (`to_product_id`)
) ENGINE=InnoDB DEFAULT CHARSET=utf8mb4 COLLATE=utf8mb4_unicode_ci;
/*!40101 SET character_set_client = @saved_cs_client */;

--
-- Dumping data for table `ec_product_related_relations`
--

LOCK TABLES `ec_product_related_relations` WRITE;
/*!40000 ALTER TABLE `ec_product_related_relations` DISABLE KEYS */;
/*!40000 ALTER TABLE `ec_product_related_relations` ENABLE KEYS */;
UNLOCK TABLES;

--
-- Table structure for table `ec_product_tag_product`
--

DROP TABLE IF EXISTS `ec_product_tag_product`;
/*!40101 SET @saved_cs_client     = @@character_set_client */;
/*!40101 SET character_set_client = utf8 */;
CREATE TABLE `ec_product_tag_product` (
  `product_id` int(10) unsigned NOT NULL,
  `tag_id` int(10) unsigned NOT NULL,
  PRIMARY KEY (`product_id`,`tag_id`),
  KEY `ec_product_tag_product_product_id_index` (`product_id`),
  KEY `ec_product_tag_product_tag_id_index` (`tag_id`)
) ENGINE=InnoDB DEFAULT CHARSET=utf8mb4 COLLATE=utf8mb4_unicode_ci;
/*!40101 SET character_set_client = @saved_cs_client */;

--
-- Dumping data for table `ec_product_tag_product`
--

LOCK TABLES `ec_product_tag_product` WRITE;
/*!40000 ALTER TABLE `ec_product_tag_product` DISABLE KEYS */;
INSERT INTO `ec_product_tag_product` VALUES (1,3),(1,5),(1,6),(2,1),(2,4),(2,5),(3,4),(3,5),(4,1),(4,4),(5,3),(5,5),(5,6),(6,2),(6,4),(6,5),(7,3),(7,4),(7,6),(8,1),(8,2),(9,1),(9,5),(9,6),(10,1),(10,2),(11,2),(11,4),(11,5),(12,2),(12,4),(12,6),(13,1),(13,6),(14,4),(14,5),(15,5),(15,6),(16,1),(16,3),(16,4),(17,2),(17,5),(18,3),(18,6),(19,1),(19,2),(19,3),(20,1),(20,3),(20,6),(21,1),(21,3),(21,6),(22,1),(22,5),(23,2),(23,4),(23,5);
/*!40000 ALTER TABLE `ec_product_tag_product` ENABLE KEYS */;
UNLOCK TABLES;

--
-- Table structure for table `ec_product_tags`
--

DROP TABLE IF EXISTS `ec_product_tags`;
/*!40101 SET @saved_cs_client     = @@character_set_client */;
/*!40101 SET character_set_client = utf8 */;
CREATE TABLE `ec_product_tags` (
  `id` bigint(20) unsigned NOT NULL AUTO_INCREMENT,
  `name` varchar(120) COLLATE utf8mb4_unicode_ci NOT NULL,
  `description` varchar(400) COLLATE utf8mb4_unicode_ci DEFAULT NULL,
  `status` varchar(60) COLLATE utf8mb4_unicode_ci NOT NULL DEFAULT 'published',
  `created_at` timestamp NULL DEFAULT NULL,
  `updated_at` timestamp NULL DEFAULT NULL,
  PRIMARY KEY (`id`)
) ENGINE=InnoDB AUTO_INCREMENT=7 DEFAULT CHARSET=utf8mb4 COLLATE=utf8mb4_unicode_ci;
/*!40101 SET character_set_client = @saved_cs_client */;

--
-- Dumping data for table `ec_product_tags`
--

LOCK TABLES `ec_product_tags` WRITE;
/*!40000 ALTER TABLE `ec_product_tags` DISABLE KEYS */;
INSERT INTO `ec_product_tags` VALUES (1,'Electronic',NULL,'published','2022-01-03 21:24:00','2022-01-03 21:24:00'),(2,'Mobile',NULL,'published','2022-01-03 21:24:00','2022-01-03 21:24:00'),(3,'Iphone',NULL,'published','2022-01-03 21:24:00','2022-01-03 21:24:00'),(4,'Printer',NULL,'published','2022-01-03 21:24:00','2022-01-03 21:24:00'),(5,'Office',NULL,'published','2022-01-03 21:24:00','2022-01-03 21:24:00'),(6,'IT',NULL,'published','2022-01-03 21:24:00','2022-01-03 21:24:00');
/*!40000 ALTER TABLE `ec_product_tags` ENABLE KEYS */;
UNLOCK TABLES;

--
-- Table structure for table `ec_product_tags_translations`
--

DROP TABLE IF EXISTS `ec_product_tags_translations`;
/*!40101 SET @saved_cs_client     = @@character_set_client */;
/*!40101 SET character_set_client = utf8 */;
CREATE TABLE `ec_product_tags_translations` (
  `lang_code` varchar(191) COLLATE utf8mb4_unicode_ci NOT NULL,
  `ec_product_tags_id` int(11) NOT NULL,
  `name` varchar(191) COLLATE utf8mb4_unicode_ci DEFAULT NULL,
  PRIMARY KEY (`lang_code`,`ec_product_tags_id`)
) ENGINE=InnoDB DEFAULT CHARSET=utf8mb4 COLLATE=utf8mb4_unicode_ci;
/*!40101 SET character_set_client = @saved_cs_client */;

--
-- Dumping data for table `ec_product_tags_translations`
--

LOCK TABLES `ec_product_tags_translations` WRITE;
/*!40000 ALTER TABLE `ec_product_tags_translations` DISABLE KEYS */;
INSERT INTO `ec_product_tags_translations` VALUES ('vi',1,'Electronic'),('vi',2,'Mobile'),('vi',3,'Iphone'),('vi',4,'Printer'),('vi',5,'Office'),('vi',6,'IT');
/*!40000 ALTER TABLE `ec_product_tags_translations` ENABLE KEYS */;
UNLOCK TABLES;

--
-- Table structure for table `ec_product_up_sale_relations`
--

DROP TABLE IF EXISTS `ec_product_up_sale_relations`;
/*!40101 SET @saved_cs_client     = @@character_set_client */;
/*!40101 SET character_set_client = utf8 */;
CREATE TABLE `ec_product_up_sale_relations` (
  `id` bigint(20) unsigned NOT NULL AUTO_INCREMENT,
  `from_product_id` int(10) unsigned NOT NULL,
  `to_product_id` int(10) unsigned NOT NULL,
  PRIMARY KEY (`id`),
  KEY `ec_product_up_sale_relations_from_product_id_index` (`from_product_id`),
  KEY `ec_product_up_sale_relations_to_product_id_index` (`to_product_id`)
) ENGINE=InnoDB DEFAULT CHARSET=utf8mb4 COLLATE=utf8mb4_unicode_ci;
/*!40101 SET character_set_client = @saved_cs_client */;

--
-- Dumping data for table `ec_product_up_sale_relations`
--

LOCK TABLES `ec_product_up_sale_relations` WRITE;
/*!40000 ALTER TABLE `ec_product_up_sale_relations` DISABLE KEYS */;
/*!40000 ALTER TABLE `ec_product_up_sale_relations` ENABLE KEYS */;
UNLOCK TABLES;

--
-- Table structure for table `ec_product_variation_items`
--

DROP TABLE IF EXISTS `ec_product_variation_items`;
/*!40101 SET @saved_cs_client     = @@character_set_client */;
/*!40101 SET character_set_client = utf8 */;
CREATE TABLE `ec_product_variation_items` (
  `id` bigint(20) unsigned NOT NULL AUTO_INCREMENT,
  `attribute_id` int(10) unsigned NOT NULL,
  `variation_id` int(10) unsigned NOT NULL,
  PRIMARY KEY (`id`)
) ENGINE=InnoDB AUTO_INCREMENT=107 DEFAULT CHARSET=utf8mb4 COLLATE=utf8mb4_unicode_ci;
/*!40101 SET character_set_client = @saved_cs_client */;

--
-- Dumping data for table `ec_product_variation_items`
--

LOCK TABLES `ec_product_variation_items` WRITE;
/*!40000 ALTER TABLE `ec_product_variation_items` DISABLE KEYS */;
INSERT INTO `ec_product_variation_items` VALUES (1,5,1),(2,9,1),(3,2,2),(4,8,2),(5,3,3),(6,8,3),(7,4,4),(8,6,4),(9,5,5),(10,9,5),(11,3,6),(12,6,6),(13,3,7),(14,8,7),(15,5,8),(16,8,8),(17,3,9),(18,10,9),(19,3,10),(20,8,10),(21,4,11),(22,8,11),(23,5,12),(24,6,12),(25,4,13),(26,6,13),(27,2,14),(28,6,14),(29,2,15),(30,6,15),(31,5,16),(32,8,16),(33,4,17),(34,7,17),(35,4,18),(36,6,18),(37,5,19),(38,6,19),(39,2,20),(40,7,20),(41,2,21),(42,8,21),(43,4,22),(44,10,22),(45,3,23),(46,8,23),(47,2,24),(48,7,24),(49,2,25),(50,9,25),(51,5,26),(52,9,26),(53,4,27),(54,10,27),(55,3,28),(56,7,28),(57,2,29),(58,9,29),(59,3,30),(60,10,30),(61,4,31),(62,8,31),(63,2,32),(64,8,32),(65,3,33),(66,6,33),(67,2,34),(68,8,34),(69,1,35),(70,8,35),(71,3,36),(72,7,36),(73,1,37),(74,10,37),(75,4,38),(76,8,38),(77,5,39),(78,9,39),(79,5,40),(80,9,40),(81,1,41),(82,10,41),(83,1,42),(84,6,42),(85,1,43),(86,8,43),(87,5,44),(88,10,44),(89,3,45),(90,8,45),(91,1,46),(92,8,46),(93,5,47),(94,8,47),(95,4,48),(96,8,48),(97,4,49),(98,9,49),(99,3,50),(100,10,50),(101,1,51),(102,6,51),(103,5,52),(104,10,52),(105,5,53),(106,8,53);
/*!40000 ALTER TABLE `ec_product_variation_items` ENABLE KEYS */;
UNLOCK TABLES;

--
-- Table structure for table `ec_product_variations`
--

DROP TABLE IF EXISTS `ec_product_variations`;
/*!40101 SET @saved_cs_client     = @@character_set_client */;
/*!40101 SET character_set_client = utf8 */;
CREATE TABLE `ec_product_variations` (
  `id` bigint(20) unsigned NOT NULL AUTO_INCREMENT,
  `product_id` int(10) unsigned DEFAULT NULL,
  `configurable_product_id` int(10) unsigned NOT NULL,
  `is_default` tinyint(4) NOT NULL DEFAULT 0,
  PRIMARY KEY (`id`)
) ENGINE=InnoDB AUTO_INCREMENT=54 DEFAULT CHARSET=utf8mb4 COLLATE=utf8mb4_unicode_ci;
/*!40101 SET character_set_client = @saved_cs_client */;

--
-- Dumping data for table `ec_product_variations`
--

LOCK TABLES `ec_product_variations` WRITE;
/*!40000 ALTER TABLE `ec_product_variations` DISABLE KEYS */;
INSERT INTO `ec_product_variations` VALUES (1,24,1,1),(2,25,1,0),(3,26,2,1),(4,27,2,0),(5,28,2,0),(6,29,3,1),(7,30,3,0),(8,31,3,0),(9,32,4,1),(10,33,4,0),(11,34,5,1),(12,35,5,0),(13,36,6,1),(14,37,6,0),(15,38,7,1),(16,39,7,0),(17,40,7,0),(18,41,8,1),(19,42,8,0),(20,43,9,1),(21,44,10,1),(22,45,10,0),(23,46,10,0),(24,47,11,1),(25,48,12,1),(26,49,12,0),(27,50,12,0),(28,51,13,1),(29,52,13,0),(30,53,13,0),(31,54,13,0),(32,55,14,1),(33,56,14,0),(34,57,14,0),(35,58,14,0),(36,59,15,1),(37,60,15,0),(38,61,16,1),(39,62,16,0),(40,63,16,0),(41,64,17,1),(42,65,17,0),(43,66,18,1),(44,67,18,0),(45,68,18,0),(46,69,18,0),(47,70,19,1),(48,71,20,1),(49,72,20,0),(50,73,21,1),(51,74,21,0),(52,75,22,1),(53,76,23,1);
/*!40000 ALTER TABLE `ec_product_variations` ENABLE KEYS */;
UNLOCK TABLES;

--
-- Table structure for table `ec_product_with_attribute`
--

DROP TABLE IF EXISTS `ec_product_with_attribute`;
/*!40101 SET @saved_cs_client     = @@character_set_client */;
/*!40101 SET character_set_client = utf8 */;
CREATE TABLE `ec_product_with_attribute` (
  `id` bigint(20) unsigned NOT NULL AUTO_INCREMENT,
  `attribute_id` int(10) unsigned NOT NULL,
  `product_id` int(10) unsigned NOT NULL,
  PRIMARY KEY (`id`)
) ENGINE=InnoDB AUTO_INCREMENT=47 DEFAULT CHARSET=utf8mb4 COLLATE=utf8mb4_unicode_ci;
/*!40101 SET character_set_client = @saved_cs_client */;

--
-- Dumping data for table `ec_product_with_attribute`
--

LOCK TABLES `ec_product_with_attribute` WRITE;
/*!40000 ALTER TABLE `ec_product_with_attribute` DISABLE KEYS */;
INSERT INTO `ec_product_with_attribute` VALUES (1,2,1),(2,9,1),(3,4,2),(4,10,2),(5,4,3),(6,6,3),(7,2,4),(8,8,4),(9,3,5),(10,8,5),(11,2,6),(12,8,6),(13,1,7),(14,9,7),(15,1,8),(16,7,8),(17,2,9),(18,10,9),(19,2,10),(20,10,10),(21,5,11),(22,6,11),(23,2,12),(24,7,12),(25,5,13),(26,8,13),(27,4,14),(28,6,14),(29,4,15),(30,9,15),(31,1,16),(32,7,16),(33,5,17),(34,9,17),(35,4,18),(36,7,18),(37,1,19),(38,10,19),(39,3,20),(40,10,20),(41,3,21),(42,9,21),(43,4,22),(44,9,22),(45,4,23),(46,10,23);
/*!40000 ALTER TABLE `ec_product_with_attribute` ENABLE KEYS */;
UNLOCK TABLES;

--
-- Table structure for table `ec_product_with_attribute_set`
--

DROP TABLE IF EXISTS `ec_product_with_attribute_set`;
/*!40101 SET @saved_cs_client     = @@character_set_client */;
/*!40101 SET character_set_client = utf8 */;
CREATE TABLE `ec_product_with_attribute_set` (
  `id` bigint(20) unsigned NOT NULL AUTO_INCREMENT,
  `attribute_set_id` int(10) unsigned NOT NULL,
  `product_id` int(10) unsigned NOT NULL,
  `order` tinyint(3) unsigned NOT NULL DEFAULT 0,
  PRIMARY KEY (`id`)
) ENGINE=InnoDB AUTO_INCREMENT=47 DEFAULT CHARSET=utf8mb4 COLLATE=utf8mb4_unicode_ci;
/*!40101 SET character_set_client = @saved_cs_client */;

--
-- Dumping data for table `ec_product_with_attribute_set`
--

LOCK TABLES `ec_product_with_attribute_set` WRITE;
/*!40000 ALTER TABLE `ec_product_with_attribute_set` DISABLE KEYS */;
INSERT INTO `ec_product_with_attribute_set` VALUES (1,1,1,0),(2,2,1,0),(3,1,2,0),(4,2,2,0),(5,1,3,0),(6,2,3,0),(7,1,4,0),(8,2,4,0),(9,1,5,0),(10,2,5,0),(11,1,6,0),(12,2,6,0),(13,1,7,0),(14,2,7,0),(15,1,8,0),(16,2,8,0),(17,1,9,0),(18,2,9,0),(19,1,10,0),(20,2,10,0),(21,1,11,0),(22,2,11,0),(23,1,12,0),(24,2,12,0),(25,1,13,0),(26,2,13,0),(27,1,14,0),(28,2,14,0),(29,1,15,0),(30,2,15,0),(31,1,16,0),(32,2,16,0),(33,1,17,0),(34,2,17,0),(35,1,18,0),(36,2,18,0),(37,1,19,0),(38,2,19,0),(39,1,20,0),(40,2,20,0),(41,1,21,0),(42,2,21,0),(43,1,22,0),(44,2,22,0),(45,1,23,0),(46,2,23,0);
/*!40000 ALTER TABLE `ec_product_with_attribute_set` ENABLE KEYS */;
UNLOCK TABLES;

--
-- Table structure for table `ec_products`
--

DROP TABLE IF EXISTS `ec_products`;
/*!40101 SET @saved_cs_client     = @@character_set_client */;
/*!40101 SET character_set_client = utf8 */;
CREATE TABLE `ec_products` (
  `id` bigint(20) unsigned NOT NULL AUTO_INCREMENT,
  `name` varchar(191) COLLATE utf8mb4_unicode_ci NOT NULL,
  `description` text COLLATE utf8mb4_unicode_ci DEFAULT NULL,
  `content` longtext COLLATE utf8mb4_unicode_ci DEFAULT NULL,
  `status` varchar(60) COLLATE utf8mb4_unicode_ci NOT NULL DEFAULT 'published',
  `images` text COLLATE utf8mb4_unicode_ci DEFAULT NULL,
  `sku` varchar(191) COLLATE utf8mb4_unicode_ci DEFAULT NULL,
  `order` int(10) unsigned NOT NULL DEFAULT 0,
  `quantity` int(10) unsigned DEFAULT NULL,
  `allow_checkout_when_out_of_stock` tinyint(3) unsigned NOT NULL DEFAULT 0,
  `with_storehouse_management` tinyint(3) unsigned NOT NULL DEFAULT 0,
  `is_featured` tinyint(3) unsigned NOT NULL DEFAULT 0,
  `brand_id` int(10) unsigned DEFAULT NULL,
  `is_variation` tinyint(4) NOT NULL DEFAULT 0,
  `sale_type` tinyint(4) NOT NULL DEFAULT 0,
  `price` double unsigned DEFAULT NULL,
  `sale_price` double unsigned DEFAULT NULL,
  `start_date` timestamp NULL DEFAULT NULL,
  `end_date` timestamp NULL DEFAULT NULL,
  `length` double(8,2) DEFAULT NULL,
  `wide` double(8,2) DEFAULT NULL,
  `height` double(8,2) DEFAULT NULL,
  `weight` double(8,2) DEFAULT NULL,
  `created_at` timestamp NULL DEFAULT NULL,
  `updated_at` timestamp NULL DEFAULT NULL,
  `tax_id` int(10) unsigned DEFAULT NULL,
  `views` bigint(20) NOT NULL DEFAULT 0,
  `stock_status` varchar(191) COLLATE utf8mb4_unicode_ci DEFAULT 'in_stock',
  `store_id` int(10) unsigned DEFAULT NULL,
  `created_by_id` int(11) DEFAULT 0,
  `created_by_type` varchar(255) COLLATE utf8mb4_unicode_ci NOT NULL DEFAULT 'Botble\\ACL\\Models\\User',
  `approved_by` int(11) DEFAULT 0,
  `image` varchar(255) COLLATE utf8mb4_unicode_ci DEFAULT NULL,
  PRIMARY KEY (`id`)
) ENGINE=InnoDB AUTO_INCREMENT=77 DEFAULT CHARSET=utf8mb4 COLLATE=utf8mb4_unicode_ci;
/*!40101 SET character_set_client = @saved_cs_client */;

--
-- Dumping data for table `ec_products`
--

LOCK TABLES `ec_products` WRITE;
/*!40000 ALTER TABLE `ec_products` DISABLE KEYS */;
INSERT INTO `ec_products` VALUES (1,'Dual Camera 20MP','<ul><li> Unrestrained and portable active stereo speaker</li>\n            <li> Free from the confines of wires and chords</li>\n            <li> 20 hours of portable capabilities</li>\n            <li> Double-ended Coil Cord with 3.5mm Stereo Plugs Included</li>\n            <li> 3/4″ Dome Tweeters: 2X and 4″ Woofer: 1X</li></ul>','<p>Short Hooded Coat features a straight body, large pockets with button flaps, ventilation air holes, and a string detail along the hemline. The style is completed with a drawstring hood, featuring Rains&rsquo; signature built-in cap. Made from waterproof, matte PU, this lightweight unisex rain jacket is an ode to nostalgia through its classic silhouette and utilitarian design details.</p>\n                                <p>- Casual unisex fit</p>\n\n                                <p>- 64% polyester, 36% polyurethane</p>\n\n                                <p>- Water column pressure: 4000 mm</p>\n\n                                <p>- Model is 187cm tall and wearing a size S / M</p>\n\n                                <p>- Unisex fit</p>\n\n                                <p>- Drawstring hood with built-in cap</p>\n\n                                <p>- Front placket with snap buttons</p>\n\n                                <p>- Ventilation under armpit</p>\n\n                                <p>- Adjustable cuffs</p>\n\n                                <p>- Double welted front pockets</p>\n\n                                <p>- Adjustable elastic string at hempen</p>\n\n                                <p>- Ultrasonically welded seams</p>\n\n                                <p>This is a unisex item, please check our clothing &amp; footwear sizing guide for specific Rains jacket sizing information. RAINS comes from the rainy nation of Denmark at the edge of the European continent, close to the ocean and with prevailing westerly winds; all factors that contribute to an average of 121 rain days each year. Arising from these rainy weather conditions comes the attitude that a quick rain shower may be beautiful, as well as moody- but first and foremost requires the right outfit. Rains focus on the whole experience of going outside on rainy days, issuing an invitation to explore even in the most mercurial weather.</p>','published','[\"products\\/1.jpg\"]','SW-162-A0',0,19,0,1,1,7,0,0,80.25,NULL,NULL,NULL,14.00,20.00,11.00,572.00,'2022-01-03 21:23:57','2022-01-03 21:24:12',1,27271,'in_stock',2,0,'Botble\\ACL\\Models\\User',0,NULL),(2,'Smart Watches','<ul><li> Unrestrained and portable active stereo speaker</li>\n            <li> Free from the confines of wires and chords</li>\n            <li> 20 hours of portable capabilities</li>\n            <li> Double-ended Coil Cord with 3.5mm Stereo Plugs Included</li>\n            <li> 3/4″ Dome Tweeters: 2X and 4″ Woofer: 1X</li></ul>','<p>Short Hooded Coat features a straight body, large pockets with button flaps, ventilation air holes, and a string detail along the hemline. The style is completed with a drawstring hood, featuring Rains&rsquo; signature built-in cap. Made from waterproof, matte PU, this lightweight unisex rain jacket is an ode to nostalgia through its classic silhouette and utilitarian design details.</p>\n                                <p>- Casual unisex fit</p>\n\n                                <p>- 64% polyester, 36% polyurethane</p>\n\n                                <p>- Water column pressure: 4000 mm</p>\n\n                                <p>- Model is 187cm tall and wearing a size S / M</p>\n\n                                <p>- Unisex fit</p>\n\n                                <p>- Drawstring hood with built-in cap</p>\n\n                                <p>- Front placket with snap buttons</p>\n\n                                <p>- Ventilation under armpit</p>\n\n                                <p>- Adjustable cuffs</p>\n\n                                <p>- Double welted front pockets</p>\n\n                                <p>- Adjustable elastic string at hempen</p>\n\n                                <p>- Ultrasonically welded seams</p>\n\n                                <p>This is a unisex item, please check our clothing &amp; footwear sizing guide for specific Rains jacket sizing information. RAINS comes from the rainy nation of Denmark at the edge of the European continent, close to the ocean and with prevailing westerly winds; all factors that contribute to an average of 121 rain days each year. Arising from these rainy weather conditions comes the attitude that a quick rain shower may be beautiful, as well as moody- but first and foremost requires the right outfit. Rains focus on the whole experience of going outside on rainy days, issuing an invitation to explore even in the most mercurial weather.</p>','published','[\"products\\/2.jpg\",\"products\\/2-1.jpg\",\"products\\/2-2.jpg\",\"products\\/2-3.jpg\"]','SW-126-A0',0,14,0,1,1,4,0,0,40.5,NULL,NULL,NULL,19.00,16.00,16.00,656.00,'2022-01-03 21:23:57','2022-01-03 21:24:12',1,106922,'in_stock',2,0,'Botble\\ACL\\Models\\User',0,NULL),(3,'Beat Headphone','<ul><li> Unrestrained and portable active stereo speaker</li>\n            <li> Free from the confines of wires and chords</li>\n            <li> 20 hours of portable capabilities</li>\n            <li> Double-ended Coil Cord with 3.5mm Stereo Plugs Included</li>\n            <li> 3/4″ Dome Tweeters: 2X and 4″ Woofer: 1X</li></ul>','<p>Short Hooded Coat features a straight body, large pockets with button flaps, ventilation air holes, and a string detail along the hemline. The style is completed with a drawstring hood, featuring Rains&rsquo; signature built-in cap. Made from waterproof, matte PU, this lightweight unisex rain jacket is an ode to nostalgia through its classic silhouette and utilitarian design details.</p>\n                                <p>- Casual unisex fit</p>\n\n                                <p>- 64% polyester, 36% polyurethane</p>\n\n                                <p>- Water column pressure: 4000 mm</p>\n\n                                <p>- Model is 187cm tall and wearing a size S / M</p>\n\n                                <p>- Unisex fit</p>\n\n                                <p>- Drawstring hood with built-in cap</p>\n\n                                <p>- Front placket with snap buttons</p>\n\n                                <p>- Ventilation under armpit</p>\n\n                                <p>- Adjustable cuffs</p>\n\n                                <p>- Double welted front pockets</p>\n\n                                <p>- Adjustable elastic string at hempen</p>\n\n                                <p>- Ultrasonically welded seams</p>\n\n                                <p>This is a unisex item, please check our clothing &amp; footwear sizing guide for specific Rains jacket sizing information. RAINS comes from the rainy nation of Denmark at the edge of the European continent, close to the ocean and with prevailing westerly winds; all factors that contribute to an average of 121 rain days each year. Arising from these rainy weather conditions comes the attitude that a quick rain shower may be beautiful, as well as moody- but first and foremost requires the right outfit. Rains focus on the whole experience of going outside on rainy days, issuing an invitation to explore even in the most mercurial weather.</p>','published','[\"products\\/3.jpg\"]','SW-102-A0',0,13,0,1,1,5,0,0,20,NULL,NULL,NULL,16.00,17.00,20.00,779.00,'2022-01-03 21:23:57','2022-01-03 21:24:12',1,110634,'in_stock',3,0,'Botble\\ACL\\Models\\User',0,NULL),(4,'Red & Black Headphone','<ul><li> Unrestrained and portable active stereo speaker</li>\n            <li> Free from the confines of wires and chords</li>\n            <li> 20 hours of portable capabilities</li>\n            <li> Double-ended Coil Cord with 3.5mm Stereo Plugs Included</li>\n            <li> 3/4″ Dome Tweeters: 2X and 4″ Woofer: 1X</li></ul>','<p>Short Hooded Coat features a straight body, large pockets with button flaps, ventilation air holes, and a string detail along the hemline. The style is completed with a drawstring hood, featuring Rains&rsquo; signature built-in cap. Made from waterproof, matte PU, this lightweight unisex rain jacket is an ode to nostalgia through its classic silhouette and utilitarian design details.</p>\n                                <p>- Casual unisex fit</p>\n\n                                <p>- 64% polyester, 36% polyurethane</p>\n\n                                <p>- Water column pressure: 4000 mm</p>\n\n                                <p>- Model is 187cm tall and wearing a size S / M</p>\n\n                                <p>- Unisex fit</p>\n\n                                <p>- Drawstring hood with built-in cap</p>\n\n                                <p>- Front placket with snap buttons</p>\n\n                                <p>- Ventilation under armpit</p>\n\n                                <p>- Adjustable cuffs</p>\n\n                                <p>- Double welted front pockets</p>\n\n                                <p>- Adjustable elastic string at hempen</p>\n\n                                <p>- Ultrasonically welded seams</p>\n\n                                <p>This is a unisex item, please check our clothing &amp; footwear sizing guide for specific Rains jacket sizing information. RAINS comes from the rainy nation of Denmark at the edge of the European continent, close to the ocean and with prevailing westerly winds; all factors that contribute to an average of 121 rain days each year. Arising from these rainy weather conditions comes the attitude that a quick rain shower may be beautiful, as well as moody- but first and foremost requires the right outfit. Rains focus on the whole experience of going outside on rainy days, issuing an invitation to explore even in the most mercurial weather.</p>','published','[\"products\\/4.jpg\",\"products\\/4-1.jpg\",\"products\\/4-2.jpg\",\"products\\/4-3.jpg\"]','SW-171-A0',0,13,0,1,1,4,0,0,567,510.3,NULL,NULL,19.00,11.00,12.00,613.00,'2022-01-03 21:23:57','2022-01-03 21:24:12',1,19336,'in_stock',5,0,'Botble\\ACL\\Models\\User',0,NULL),(5,'Smart Watch External','<ul><li> Unrestrained and portable active stereo speaker</li>\n            <li> Free from the confines of wires and chords</li>\n            <li> 20 hours of portable capabilities</li>\n            <li> Double-ended Coil Cord with 3.5mm Stereo Plugs Included</li>\n            <li> 3/4″ Dome Tweeters: 2X and 4″ Woofer: 1X</li></ul>','<p>Short Hooded Coat features a straight body, large pockets with button flaps, ventilation air holes, and a string detail along the hemline. The style is completed with a drawstring hood, featuring Rains&rsquo; signature built-in cap. Made from waterproof, matte PU, this lightweight unisex rain jacket is an ode to nostalgia through its classic silhouette and utilitarian design details.</p>\n                                <p>- Casual unisex fit</p>\n\n                                <p>- 64% polyester, 36% polyurethane</p>\n\n                                <p>- Water column pressure: 4000 mm</p>\n\n                                <p>- Model is 187cm tall and wearing a size S / M</p>\n\n                                <p>- Unisex fit</p>\n\n                                <p>- Drawstring hood with built-in cap</p>\n\n                                <p>- Front placket with snap buttons</p>\n\n                                <p>- Ventilation under armpit</p>\n\n                                <p>- Adjustable cuffs</p>\n\n                                <p>- Double welted front pockets</p>\n\n                                <p>- Adjustable elastic string at hempen</p>\n\n                                <p>- Ultrasonically welded seams</p>\n\n                                <p>This is a unisex item, please check our clothing &amp; footwear sizing guide for specific Rains jacket sizing information. RAINS comes from the rainy nation of Denmark at the edge of the European continent, close to the ocean and with prevailing westerly winds; all factors that contribute to an average of 121 rain days each year. Arising from these rainy weather conditions comes the attitude that a quick rain shower may be beautiful, as well as moody- but first and foremost requires the right outfit. Rains focus on the whole experience of going outside on rainy days, issuing an invitation to explore even in the most mercurial weather.</p>','published','[\"products\\/5.jpg\",\"products\\/5-1.jpg\",\"products\\/5-2.jpg\",\"products\\/5-3.jpg\"]','SW-141-A0',0,18,0,1,1,5,0,0,787,NULL,NULL,NULL,17.00,17.00,18.00,744.00,'2022-01-03 21:23:57','2022-01-03 21:24:12',1,177906,'in_stock',6,0,'Botble\\ACL\\Models\\User',0,NULL),(6,'Nikon HD camera','<ul><li> Unrestrained and portable active stereo speaker</li>\n            <li> Free from the confines of wires and chords</li>\n            <li> 20 hours of portable capabilities</li>\n            <li> Double-ended Coil Cord with 3.5mm Stereo Plugs Included</li>\n            <li> 3/4″ Dome Tweeters: 2X and 4″ Woofer: 1X</li></ul>','<p>Short Hooded Coat features a straight body, large pockets with button flaps, ventilation air holes, and a string detail along the hemline. The style is completed with a drawstring hood, featuring Rains&rsquo; signature built-in cap. Made from waterproof, matte PU, this lightweight unisex rain jacket is an ode to nostalgia through its classic silhouette and utilitarian design details.</p>\n                                <p>- Casual unisex fit</p>\n\n                                <p>- 64% polyester, 36% polyurethane</p>\n\n                                <p>- Water column pressure: 4000 mm</p>\n\n                                <p>- Model is 187cm tall and wearing a size S / M</p>\n\n                                <p>- Unisex fit</p>\n\n                                <p>- Drawstring hood with built-in cap</p>\n\n                                <p>- Front placket with snap buttons</p>\n\n                                <p>- Ventilation under armpit</p>\n\n                                <p>- Adjustable cuffs</p>\n\n                                <p>- Double welted front pockets</p>\n\n                                <p>- Adjustable elastic string at hempen</p>\n\n                                <p>- Ultrasonically welded seams</p>\n\n                                <p>This is a unisex item, please check our clothing &amp; footwear sizing guide for specific Rains jacket sizing information. RAINS comes from the rainy nation of Denmark at the edge of the European continent, close to the ocean and with prevailing westerly winds; all factors that contribute to an average of 121 rain days each year. Arising from these rainy weather conditions comes the attitude that a quick rain shower may be beautiful, as well as moody- but first and foremost requires the right outfit. Rains focus on the whole experience of going outside on rainy days, issuing an invitation to explore even in the most mercurial weather.</p>','published','[\"products\\/6.jpg\"]','SW-107-A0',0,14,0,1,1,3,0,0,406,NULL,NULL,NULL,18.00,18.00,20.00,846.00,'2022-01-03 21:23:57','2022-01-03 21:24:12',1,111739,'in_stock',5,0,'Botble\\ACL\\Models\\User',0,NULL),(7,'Audio Equipment','<ul><li> Unrestrained and portable active stereo speaker</li>\n            <li> Free from the confines of wires and chords</li>\n            <li> 20 hours of portable capabilities</li>\n            <li> Double-ended Coil Cord with 3.5mm Stereo Plugs Included</li>\n            <li> 3/4″ Dome Tweeters: 2X and 4″ Woofer: 1X</li></ul>','<p>Short Hooded Coat features a straight body, large pockets with button flaps, ventilation air holes, and a string detail along the hemline. The style is completed with a drawstring hood, featuring Rains&rsquo; signature built-in cap. Made from waterproof, matte PU, this lightweight unisex rain jacket is an ode to nostalgia through its classic silhouette and utilitarian design details.</p>\n                                <p>- Casual unisex fit</p>\n\n                                <p>- 64% polyester, 36% polyurethane</p>\n\n                                <p>- Water column pressure: 4000 mm</p>\n\n                                <p>- Model is 187cm tall and wearing a size S / M</p>\n\n                                <p>- Unisex fit</p>\n\n                                <p>- Drawstring hood with built-in cap</p>\n\n                                <p>- Front placket with snap buttons</p>\n\n                                <p>- Ventilation under armpit</p>\n\n                                <p>- Adjustable cuffs</p>\n\n                                <p>- Double welted front pockets</p>\n\n                                <p>- Adjustable elastic string at hempen</p>\n\n                                <p>- Ultrasonically welded seams</p>\n\n                                <p>This is a unisex item, please check our clothing &amp; footwear sizing guide for specific Rains jacket sizing information. RAINS comes from the rainy nation of Denmark at the edge of the European continent, close to the ocean and with prevailing westerly winds; all factors that contribute to an average of 121 rain days each year. Arising from these rainy weather conditions comes the attitude that a quick rain shower may be beautiful, as well as moody- but first and foremost requires the right outfit. Rains focus on the whole experience of going outside on rainy days, issuing an invitation to explore even in the most mercurial weather.</p>','published','[\"products\\/7.jpg\"]','SW-132-A0',0,20,0,1,1,1,0,0,507,NULL,NULL,NULL,15.00,16.00,19.00,844.00,'2022-01-03 21:23:57','2022-01-03 21:24:12',1,41856,'in_stock',2,0,'Botble\\ACL\\Models\\User',0,NULL),(8,'Smart Televisions','<ul><li> Unrestrained and portable active stereo speaker</li>\n            <li> Free from the confines of wires and chords</li>\n            <li> 20 hours of portable capabilities</li>\n            <li> Double-ended Coil Cord with 3.5mm Stereo Plugs Included</li>\n            <li> 3/4″ Dome Tweeters: 2X and 4″ Woofer: 1X</li></ul>','<p>Short Hooded Coat features a straight body, large pockets with button flaps, ventilation air holes, and a string detail along the hemline. The style is completed with a drawstring hood, featuring Rains&rsquo; signature built-in cap. Made from waterproof, matte PU, this lightweight unisex rain jacket is an ode to nostalgia through its classic silhouette and utilitarian design details.</p>\n                                <p>- Casual unisex fit</p>\n\n                                <p>- 64% polyester, 36% polyurethane</p>\n\n                                <p>- Water column pressure: 4000 mm</p>\n\n                                <p>- Model is 187cm tall and wearing a size S / M</p>\n\n                                <p>- Unisex fit</p>\n\n                                <p>- Drawstring hood with built-in cap</p>\n\n                                <p>- Front placket with snap buttons</p>\n\n                                <p>- Ventilation under armpit</p>\n\n                                <p>- Adjustable cuffs</p>\n\n                                <p>- Double welted front pockets</p>\n\n                                <p>- Adjustable elastic string at hempen</p>\n\n                                <p>- Ultrasonically welded seams</p>\n\n                                <p>This is a unisex item, please check our clothing &amp; footwear sizing guide for specific Rains jacket sizing information. RAINS comes from the rainy nation of Denmark at the edge of the European continent, close to the ocean and with prevailing westerly winds; all factors that contribute to an average of 121 rain days each year. Arising from these rainy weather conditions comes the attitude that a quick rain shower may be beautiful, as well as moody- but first and foremost requires the right outfit. Rains focus on the whole experience of going outside on rainy days, issuing an invitation to explore even in the most mercurial weather.</p>','published','[\"products\\/8.jpg\",\"products\\/8-1.jpg\",\"products\\/8-2.jpg\",\"products\\/8-3.jpg\"]','SW-112-A0',0,20,0,1,1,4,0,0,1231,997.11,NULL,NULL,15.00,18.00,11.00,554.00,'2022-01-03 21:23:57','2022-01-03 21:24:12',1,182474,'in_stock',1,0,'Botble\\ACL\\Models\\User',0,NULL),(9,'Samsung Smart Phone','<ul><li> Unrestrained and portable active stereo speaker</li>\n            <li> Free from the confines of wires and chords</li>\n            <li> 20 hours of portable capabilities</li>\n            <li> Double-ended Coil Cord with 3.5mm Stereo Plugs Included</li>\n            <li> 3/4″ Dome Tweeters: 2X and 4″ Woofer: 1X</li></ul>','<p>Short Hooded Coat features a straight body, large pockets with button flaps, ventilation air holes, and a string detail along the hemline. The style is completed with a drawstring hood, featuring Rains&rsquo; signature built-in cap. Made from waterproof, matte PU, this lightweight unisex rain jacket is an ode to nostalgia through its classic silhouette and utilitarian design details.</p>\n                                <p>- Casual unisex fit</p>\n\n                                <p>- 64% polyester, 36% polyurethane</p>\n\n                                <p>- Water column pressure: 4000 mm</p>\n\n                                <p>- Model is 187cm tall and wearing a size S / M</p>\n\n                                <p>- Unisex fit</p>\n\n                                <p>- Drawstring hood with built-in cap</p>\n\n                                <p>- Front placket with snap buttons</p>\n\n                                <p>- Ventilation under armpit</p>\n\n                                <p>- Adjustable cuffs</p>\n\n                                <p>- Double welted front pockets</p>\n\n                                <p>- Adjustable elastic string at hempen</p>\n\n                                <p>- Ultrasonically welded seams</p>\n\n                                <p>This is a unisex item, please check our clothing &amp; footwear sizing guide for specific Rains jacket sizing information. RAINS comes from the rainy nation of Denmark at the edge of the European continent, close to the ocean and with prevailing westerly winds; all factors that contribute to an average of 121 rain days each year. Arising from these rainy weather conditions comes the attitude that a quick rain shower may be beautiful, as well as moody- but first and foremost requires the right outfit. Rains focus on the whole experience of going outside on rainy days, issuing an invitation to explore even in the most mercurial weather.</p>','published','[\"products\\/9.jpg\",\"products\\/9-1.jpg\",\"products\\/9-2.jpg\"]','SW-137-A0',0,16,0,1,1,5,0,0,575,NULL,NULL,NULL,18.00,18.00,12.00,548.00,'2022-01-03 21:23:57','2022-01-03 21:24:12',1,58589,'in_stock',4,0,'Botble\\ACL\\Models\\User',0,NULL),(10,'Herschel Leather Duffle Bag In Brown Color','<ul><li> Unrestrained and portable active stereo speaker</li>\n            <li> Free from the confines of wires and chords</li>\n            <li> 20 hours of portable capabilities</li>\n            <li> Double-ended Coil Cord with 3.5mm Stereo Plugs Included</li>\n            <li> 3/4″ Dome Tweeters: 2X and 4″ Woofer: 1X</li></ul>','<p>Short Hooded Coat features a straight body, large pockets with button flaps, ventilation air holes, and a string detail along the hemline. The style is completed with a drawstring hood, featuring Rains&rsquo; signature built-in cap. Made from waterproof, matte PU, this lightweight unisex rain jacket is an ode to nostalgia through its classic silhouette and utilitarian design details.</p>\n                                <p>- Casual unisex fit</p>\n\n                                <p>- 64% polyester, 36% polyurethane</p>\n\n                                <p>- Water column pressure: 4000 mm</p>\n\n                                <p>- Model is 187cm tall and wearing a size S / M</p>\n\n                                <p>- Unisex fit</p>\n\n                                <p>- Drawstring hood with built-in cap</p>\n\n                                <p>- Front placket with snap buttons</p>\n\n                                <p>- Ventilation under armpit</p>\n\n                                <p>- Adjustable cuffs</p>\n\n                                <p>- Double welted front pockets</p>\n\n                                <p>- Adjustable elastic string at hempen</p>\n\n                                <p>- Ultrasonically welded seams</p>\n\n                                <p>This is a unisex item, please check our clothing &amp; footwear sizing guide for specific Rains jacket sizing information. RAINS comes from the rainy nation of Denmark at the edge of the European continent, close to the ocean and with prevailing westerly winds; all factors that contribute to an average of 121 rain days each year. Arising from these rainy weather conditions comes the attitude that a quick rain shower may be beautiful, as well as moody- but first and foremost requires the right outfit. Rains focus on the whole experience of going outside on rainy days, issuing an invitation to explore even in the most mercurial weather.</p>','published','[\"products\\/10.jpg\",\"products\\/10-1.jpg\",\"products\\/10-2.jpg\"]','SW-128-A0',0,12,0,1,0,3,0,0,1282,NULL,NULL,NULL,18.00,14.00,18.00,723.00,'2022-01-03 21:23:57','2022-01-03 21:24:12',1,67379,'in_stock',2,0,'Botble\\ACL\\Models\\User',0,NULL),(11,'Xbox One Wireless Controller Black Color','<ul><li> Unrestrained and portable active stereo speaker</li>\n            <li> Free from the confines of wires and chords</li>\n            <li> 20 hours of portable capabilities</li>\n            <li> Double-ended Coil Cord with 3.5mm Stereo Plugs Included</li>\n            <li> 3/4″ Dome Tweeters: 2X and 4″ Woofer: 1X</li></ul>','<p>Short Hooded Coat features a straight body, large pockets with button flaps, ventilation air holes, and a string detail along the hemline. The style is completed with a drawstring hood, featuring Rains&rsquo; signature built-in cap. Made from waterproof, matte PU, this lightweight unisex rain jacket is an ode to nostalgia through its classic silhouette and utilitarian design details.</p>\n                                <p>- Casual unisex fit</p>\n\n                                <p>- 64% polyester, 36% polyurethane</p>\n\n                                <p>- Water column pressure: 4000 mm</p>\n\n                                <p>- Model is 187cm tall and wearing a size S / M</p>\n\n                                <p>- Unisex fit</p>\n\n                                <p>- Drawstring hood with built-in cap</p>\n\n                                <p>- Front placket with snap buttons</p>\n\n                                <p>- Ventilation under armpit</p>\n\n                                <p>- Adjustable cuffs</p>\n\n                                <p>- Double welted front pockets</p>\n\n                                <p>- Adjustable elastic string at hempen</p>\n\n                                <p>- Ultrasonically welded seams</p>\n\n                                <p>This is a unisex item, please check our clothing &amp; footwear sizing guide for specific Rains jacket sizing information. RAINS comes from the rainy nation of Denmark at the edge of the European continent, close to the ocean and with prevailing westerly winds; all factors that contribute to an average of 121 rain days each year. Arising from these rainy weather conditions comes the attitude that a quick rain shower may be beautiful, as well as moody- but first and foremost requires the right outfit. Rains focus on the whole experience of going outside on rainy days, issuing an invitation to explore even in the most mercurial weather.</p>','published','[\"products\\/11.jpg\",\"products\\/11-1.jpg\",\"products\\/11-2.jpg\",\"products\\/11-3.jpg\"]','SW-132-A0',0,16,0,1,0,6,0,0,1222,NULL,NULL,NULL,13.00,14.00,11.00,685.00,'2022-01-03 21:23:57','2022-01-03 21:24:12',1,159162,'in_stock',1,0,'Botble\\ACL\\Models\\User',0,NULL),(12,'EPSION Plaster Printer','<ul><li> Unrestrained and portable active stereo speaker</li>\n            <li> Free from the confines of wires and chords</li>\n            <li> 20 hours of portable capabilities</li>\n            <li> Double-ended Coil Cord with 3.5mm Stereo Plugs Included</li>\n            <li> 3/4″ Dome Tweeters: 2X and 4″ Woofer: 1X</li></ul>','<p>Short Hooded Coat features a straight body, large pockets with button flaps, ventilation air holes, and a string detail along the hemline. The style is completed with a drawstring hood, featuring Rains&rsquo; signature built-in cap. Made from waterproof, matte PU, this lightweight unisex rain jacket is an ode to nostalgia through its classic silhouette and utilitarian design details.</p>\n                                <p>- Casual unisex fit</p>\n\n                                <p>- 64% polyester, 36% polyurethane</p>\n\n                                <p>- Water column pressure: 4000 mm</p>\n\n                                <p>- Model is 187cm tall and wearing a size S / M</p>\n\n                                <p>- Unisex fit</p>\n\n                                <p>- Drawstring hood with built-in cap</p>\n\n                                <p>- Front placket with snap buttons</p>\n\n                                <p>- Ventilation under armpit</p>\n\n                                <p>- Adjustable cuffs</p>\n\n                                <p>- Double welted front pockets</p>\n\n                                <p>- Adjustable elastic string at hempen</p>\n\n                                <p>- Ultrasonically welded seams</p>\n\n                                <p>This is a unisex item, please check our clothing &amp; footwear sizing guide for specific Rains jacket sizing information. RAINS comes from the rainy nation of Denmark at the edge of the European continent, close to the ocean and with prevailing westerly winds; all factors that contribute to an average of 121 rain days each year. Arising from these rainy weather conditions comes the attitude that a quick rain shower may be beautiful, as well as moody- but first and foremost requires the right outfit. Rains focus on the whole experience of going outside on rainy days, issuing an invitation to explore even in the most mercurial weather.</p>','published','[\"products\\/12.jpg\",\"products\\/12-1.jpg\",\"products\\/12-2.jpg\",\"products\\/12-3.jpg\"]','SW-156-A0',0,16,0,1,0,1,0,0,535,411.95,NULL,NULL,15.00,20.00,15.00,789.00,'2022-01-03 21:23:57','2022-01-03 21:24:12',1,67345,'in_stock',1,0,'Botble\\ACL\\Models\\User',0,NULL),(13,'Sound Intone I65 Earphone White Version','<ul><li> Unrestrained and portable active stereo speaker</li>\n            <li> Free from the confines of wires and chords</li>\n            <li> 20 hours of portable capabilities</li>\n            <li> Double-ended Coil Cord with 3.5mm Stereo Plugs Included</li>\n            <li> 3/4″ Dome Tweeters: 2X and 4″ Woofer: 1X</li></ul>','<p>Short Hooded Coat features a straight body, large pockets with button flaps, ventilation air holes, and a string detail along the hemline. The style is completed with a drawstring hood, featuring Rains&rsquo; signature built-in cap. Made from waterproof, matte PU, this lightweight unisex rain jacket is an ode to nostalgia through its classic silhouette and utilitarian design details.</p>\n                                <p>- Casual unisex fit</p>\n\n                                <p>- 64% polyester, 36% polyurethane</p>\n\n                                <p>- Water column pressure: 4000 mm</p>\n\n                                <p>- Model is 187cm tall and wearing a size S / M</p>\n\n                                <p>- Unisex fit</p>\n\n                                <p>- Drawstring hood with built-in cap</p>\n\n                                <p>- Front placket with snap buttons</p>\n\n                                <p>- Ventilation under armpit</p>\n\n                                <p>- Adjustable cuffs</p>\n\n                                <p>- Double welted front pockets</p>\n\n                                <p>- Adjustable elastic string at hempen</p>\n\n                                <p>- Ultrasonically welded seams</p>\n\n                                <p>This is a unisex item, please check our clothing &amp; footwear sizing guide for specific Rains jacket sizing information. RAINS comes from the rainy nation of Denmark at the edge of the European continent, close to the ocean and with prevailing westerly winds; all factors that contribute to an average of 121 rain days each year. Arising from these rainy weather conditions comes the attitude that a quick rain shower may be beautiful, as well as moody- but first and foremost requires the right outfit. Rains focus on the whole experience of going outside on rainy days, issuing an invitation to explore even in the most mercurial weather.</p>','published','[\"products\\/13.jpg\",\"products\\/13-1.jpg\"]','SW-170-A0',0,20,0,1,0,4,0,0,513,NULL,NULL,NULL,10.00,18.00,17.00,832.00,'2022-01-03 21:23:57','2022-01-03 21:24:12',1,183158,'in_stock',4,0,'Botble\\ACL\\Models\\User',0,NULL),(14,'B&O Play Mini Bluetooth Speaker','<ul><li> Unrestrained and portable active stereo speaker</li>\n            <li> Free from the confines of wires and chords</li>\n            <li> 20 hours of portable capabilities</li>\n            <li> Double-ended Coil Cord with 3.5mm Stereo Plugs Included</li>\n            <li> 3/4″ Dome Tweeters: 2X and 4″ Woofer: 1X</li></ul>','<p>Short Hooded Coat features a straight body, large pockets with button flaps, ventilation air holes, and a string detail along the hemline. The style is completed with a drawstring hood, featuring Rains&rsquo; signature built-in cap. Made from waterproof, matte PU, this lightweight unisex rain jacket is an ode to nostalgia through its classic silhouette and utilitarian design details.</p>\n                                <p>- Casual unisex fit</p>\n\n                                <p>- 64% polyester, 36% polyurethane</p>\n\n                                <p>- Water column pressure: 4000 mm</p>\n\n                                <p>- Model is 187cm tall and wearing a size S / M</p>\n\n                                <p>- Unisex fit</p>\n\n                                <p>- Drawstring hood with built-in cap</p>\n\n                                <p>- Front placket with snap buttons</p>\n\n                                <p>- Ventilation under armpit</p>\n\n                                <p>- Adjustable cuffs</p>\n\n                                <p>- Double welted front pockets</p>\n\n                                <p>- Adjustable elastic string at hempen</p>\n\n                                <p>- Ultrasonically welded seams</p>\n\n                                <p>This is a unisex item, please check our clothing &amp; footwear sizing guide for specific Rains jacket sizing information. RAINS comes from the rainy nation of Denmark at the edge of the European continent, close to the ocean and with prevailing westerly winds; all factors that contribute to an average of 121 rain days each year. Arising from these rainy weather conditions comes the attitude that a quick rain shower may be beautiful, as well as moody- but first and foremost requires the right outfit. Rains focus on the whole experience of going outside on rainy days, issuing an invitation to explore even in the most mercurial weather.</p>','published','[\"products\\/14.jpg\"]','SW-124-A0',0,18,0,1,0,1,0,0,597,NULL,NULL,NULL,14.00,13.00,20.00,735.00,'2022-01-03 21:23:57','2022-01-03 21:24:12',1,86698,'in_stock',6,0,'Botble\\ACL\\Models\\User',0,NULL),(15,'Apple MacBook Air Retina 13.3-Inch Laptop','<ul><li> Unrestrained and portable active stereo speaker</li>\n            <li> Free from the confines of wires and chords</li>\n            <li> 20 hours of portable capabilities</li>\n            <li> Double-ended Coil Cord with 3.5mm Stereo Plugs Included</li>\n            <li> 3/4″ Dome Tweeters: 2X and 4″ Woofer: 1X</li></ul>','<p>Short Hooded Coat features a straight body, large pockets with button flaps, ventilation air holes, and a string detail along the hemline. The style is completed with a drawstring hood, featuring Rains&rsquo; signature built-in cap. Made from waterproof, matte PU, this lightweight unisex rain jacket is an ode to nostalgia through its classic silhouette and utilitarian design details.</p>\n                                <p>- Casual unisex fit</p>\n\n                                <p>- 64% polyester, 36% polyurethane</p>\n\n                                <p>- Water column pressure: 4000 mm</p>\n\n                                <p>- Model is 187cm tall and wearing a size S / M</p>\n\n                                <p>- Unisex fit</p>\n\n                                <p>- Drawstring hood with built-in cap</p>\n\n                                <p>- Front placket with snap buttons</p>\n\n                                <p>- Ventilation under armpit</p>\n\n                                <p>- Adjustable cuffs</p>\n\n                                <p>- Double welted front pockets</p>\n\n                                <p>- Adjustable elastic string at hempen</p>\n\n                                <p>- Ultrasonically welded seams</p>\n\n                                <p>This is a unisex item, please check our clothing &amp; footwear sizing guide for specific Rains jacket sizing information. RAINS comes from the rainy nation of Denmark at the edge of the European continent, close to the ocean and with prevailing westerly winds; all factors that contribute to an average of 121 rain days each year. Arising from these rainy weather conditions comes the attitude that a quick rain shower may be beautiful, as well as moody- but first and foremost requires the right outfit. Rains focus on the whole experience of going outside on rainy days, issuing an invitation to explore even in the most mercurial weather.</p>','published','[\"products\\/15.jpg\",\"products\\/15-1.jpg\"]','SW-105-A0',0,20,0,1,0,7,0,0,515,NULL,NULL,NULL,14.00,12.00,13.00,619.00,'2022-01-03 21:23:57','2022-01-03 21:24:12',1,128637,'in_stock',6,0,'Botble\\ACL\\Models\\User',0,NULL),(16,'Apple MacBook Air Retina 12-Inch Laptop','<ul><li> Unrestrained and portable active stereo speaker</li>\n            <li> Free from the confines of wires and chords</li>\n            <li> 20 hours of portable capabilities</li>\n            <li> Double-ended Coil Cord with 3.5mm Stereo Plugs Included</li>\n            <li> 3/4″ Dome Tweeters: 2X and 4″ Woofer: 1X</li></ul>','<p>Short Hooded Coat features a straight body, large pockets with button flaps, ventilation air holes, and a string detail along the hemline. The style is completed with a drawstring hood, featuring Rains&rsquo; signature built-in cap. Made from waterproof, matte PU, this lightweight unisex rain jacket is an ode to nostalgia through its classic silhouette and utilitarian design details.</p>\n                                <p>- Casual unisex fit</p>\n\n                                <p>- 64% polyester, 36% polyurethane</p>\n\n                                <p>- Water column pressure: 4000 mm</p>\n\n                                <p>- Model is 187cm tall and wearing a size S / M</p>\n\n                                <p>- Unisex fit</p>\n\n                                <p>- Drawstring hood with built-in cap</p>\n\n                                <p>- Front placket with snap buttons</p>\n\n                                <p>- Ventilation under armpit</p>\n\n                                <p>- Adjustable cuffs</p>\n\n                                <p>- Double welted front pockets</p>\n\n                                <p>- Adjustable elastic string at hempen</p>\n\n                                <p>- Ultrasonically welded seams</p>\n\n                                <p>This is a unisex item, please check our clothing &amp; footwear sizing guide for specific Rains jacket sizing information. RAINS comes from the rainy nation of Denmark at the edge of the European continent, close to the ocean and with prevailing westerly winds; all factors that contribute to an average of 121 rain days each year. Arising from these rainy weather conditions comes the attitude that a quick rain shower may be beautiful, as well as moody- but first and foremost requires the right outfit. Rains focus on the whole experience of going outside on rainy days, issuing an invitation to explore even in the most mercurial weather.</p>','published','[\"products\\/16.jpg\"]','SW-144-A0',0,16,0,1,0,4,0,0,569,403.99,NULL,NULL,18.00,14.00,11.00,626.00,'2022-01-03 21:23:57','2022-01-03 21:24:12',1,106347,'in_stock',3,0,'Botble\\ACL\\Models\\User',0,NULL),(17,'Samsung Gear VR Virtual Reality Headset','<ul><li> Unrestrained and portable active stereo speaker</li>\n            <li> Free from the confines of wires and chords</li>\n            <li> 20 hours of portable capabilities</li>\n            <li> Double-ended Coil Cord with 3.5mm Stereo Plugs Included</li>\n            <li> 3/4″ Dome Tweeters: 2X and 4″ Woofer: 1X</li></ul>','<p>Short Hooded Coat features a straight body, large pockets with button flaps, ventilation air holes, and a string detail along the hemline. The style is completed with a drawstring hood, featuring Rains&rsquo; signature built-in cap. Made from waterproof, matte PU, this lightweight unisex rain jacket is an ode to nostalgia through its classic silhouette and utilitarian design details.</p>\n                                <p>- Casual unisex fit</p>\n\n                                <p>- 64% polyester, 36% polyurethane</p>\n\n                                <p>- Water column pressure: 4000 mm</p>\n\n                                <p>- Model is 187cm tall and wearing a size S / M</p>\n\n                                <p>- Unisex fit</p>\n\n                                <p>- Drawstring hood with built-in cap</p>\n\n                                <p>- Front placket with snap buttons</p>\n\n                                <p>- Ventilation under armpit</p>\n\n                                <p>- Adjustable cuffs</p>\n\n                                <p>- Double welted front pockets</p>\n\n                                <p>- Adjustable elastic string at hempen</p>\n\n                                <p>- Ultrasonically welded seams</p>\n\n                                <p>This is a unisex item, please check our clothing &amp; footwear sizing guide for specific Rains jacket sizing information. RAINS comes from the rainy nation of Denmark at the edge of the European continent, close to the ocean and with prevailing westerly winds; all factors that contribute to an average of 121 rain days each year. Arising from these rainy weather conditions comes the attitude that a quick rain shower may be beautiful, as well as moody- but first and foremost requires the right outfit. Rains focus on the whole experience of going outside on rainy days, issuing an invitation to explore even in the most mercurial weather.</p>','published','[\"products\\/17.jpg\",\"products\\/17-1.jpg\",\"products\\/17-2.jpg\",\"products\\/17-3.jpg\"]','SW-160-A0',0,13,0,1,0,1,0,0,564,NULL,NULL,NULL,11.00,12.00,15.00,631.00,'2022-01-03 21:23:57','2022-01-03 21:24:12',1,186825,'in_stock',2,0,'Botble\\ACL\\Models\\User',0,NULL),(18,'Aveeno Moisturizing Body Shower 450ml','<ul><li> Unrestrained and portable active stereo speaker</li>\n            <li> Free from the confines of wires and chords</li>\n            <li> 20 hours of portable capabilities</li>\n            <li> Double-ended Coil Cord with 3.5mm Stereo Plugs Included</li>\n            <li> 3/4″ Dome Tweeters: 2X and 4″ Woofer: 1X</li></ul>','<p>Short Hooded Coat features a straight body, large pockets with button flaps, ventilation air holes, and a string detail along the hemline. The style is completed with a drawstring hood, featuring Rains&rsquo; signature built-in cap. Made from waterproof, matte PU, this lightweight unisex rain jacket is an ode to nostalgia through its classic silhouette and utilitarian design details.</p>\n                                <p>- Casual unisex fit</p>\n\n                                <p>- 64% polyester, 36% polyurethane</p>\n\n                                <p>- Water column pressure: 4000 mm</p>\n\n                                <p>- Model is 187cm tall and wearing a size S / M</p>\n\n                                <p>- Unisex fit</p>\n\n                                <p>- Drawstring hood with built-in cap</p>\n\n                                <p>- Front placket with snap buttons</p>\n\n                                <p>- Ventilation under armpit</p>\n\n                                <p>- Adjustable cuffs</p>\n\n                                <p>- Double welted front pockets</p>\n\n                                <p>- Adjustable elastic string at hempen</p>\n\n                                <p>- Ultrasonically welded seams</p>\n\n                                <p>This is a unisex item, please check our clothing &amp; footwear sizing guide for specific Rains jacket sizing information. RAINS comes from the rainy nation of Denmark at the edge of the European continent, close to the ocean and with prevailing westerly winds; all factors that contribute to an average of 121 rain days each year. Arising from these rainy weather conditions comes the attitude that a quick rain shower may be beautiful, as well as moody- but first and foremost requires the right outfit. Rains focus on the whole experience of going outside on rainy days, issuing an invitation to explore even in the most mercurial weather.</p>','published','[\"products\\/18.jpg\",\"products\\/18-1.jpg\",\"products\\/18-2.jpg\",\"products\\/18-3.jpg\"]','SW-147-A0',0,12,0,1,0,1,0,0,1296,NULL,NULL,NULL,17.00,16.00,18.00,621.00,'2022-01-03 21:23:57','2022-01-03 21:24:12',1,177257,'in_stock',5,0,'Botble\\ACL\\Models\\User',0,NULL),(19,'NYX Beauty Couton Pallete Makeup 12','<ul><li> Unrestrained and portable active stereo speaker</li>\n            <li> Free from the confines of wires and chords</li>\n            <li> 20 hours of portable capabilities</li>\n            <li> Double-ended Coil Cord with 3.5mm Stereo Plugs Included</li>\n            <li> 3/4″ Dome Tweeters: 2X and 4″ Woofer: 1X</li></ul>','<p>Short Hooded Coat features a straight body, large pockets with button flaps, ventilation air holes, and a string detail along the hemline. The style is completed with a drawstring hood, featuring Rains&rsquo; signature built-in cap. Made from waterproof, matte PU, this lightweight unisex rain jacket is an ode to nostalgia through its classic silhouette and utilitarian design details.</p>\n                                <p>- Casual unisex fit</p>\n\n                                <p>- 64% polyester, 36% polyurethane</p>\n\n                                <p>- Water column pressure: 4000 mm</p>\n\n                                <p>- Model is 187cm tall and wearing a size S / M</p>\n\n                                <p>- Unisex fit</p>\n\n                                <p>- Drawstring hood with built-in cap</p>\n\n                                <p>- Front placket with snap buttons</p>\n\n                                <p>- Ventilation under armpit</p>\n\n                                <p>- Adjustable cuffs</p>\n\n                                <p>- Double welted front pockets</p>\n\n                                <p>- Adjustable elastic string at hempen</p>\n\n                                <p>- Ultrasonically welded seams</p>\n\n                                <p>This is a unisex item, please check our clothing &amp; footwear sizing guide for specific Rains jacket sizing information. RAINS comes from the rainy nation of Denmark at the edge of the European continent, close to the ocean and with prevailing westerly winds; all factors that contribute to an average of 121 rain days each year. Arising from these rainy weather conditions comes the attitude that a quick rain shower may be beautiful, as well as moody- but first and foremost requires the right outfit. Rains focus on the whole experience of going outside on rainy days, issuing an invitation to explore even in the most mercurial weather.</p>','published','[\"products\\/19.jpg\",\"products\\/19-1.jpg\",\"products\\/19-2.jpg\",\"products\\/19-3.jpg\"]','SW-182-A0',0,11,0,1,0,2,0,0,1094,NULL,NULL,NULL,18.00,20.00,20.00,744.00,'2022-01-03 21:23:57','2022-01-03 21:24:12',1,65448,'in_stock',1,0,'Botble\\ACL\\Models\\User',0,NULL),(20,'NYX Beauty Couton Pallete Makeup 12','<ul><li> Unrestrained and portable active stereo speaker</li>\n            <li> Free from the confines of wires and chords</li>\n            <li> 20 hours of portable capabilities</li>\n            <li> Double-ended Coil Cord with 3.5mm Stereo Plugs Included</li>\n            <li> 3/4″ Dome Tweeters: 2X and 4″ Woofer: 1X</li></ul>','<p>Short Hooded Coat features a straight body, large pockets with button flaps, ventilation air holes, and a string detail along the hemline. The style is completed with a drawstring hood, featuring Rains&rsquo; signature built-in cap. Made from waterproof, matte PU, this lightweight unisex rain jacket is an ode to nostalgia through its classic silhouette and utilitarian design details.</p>\n                                <p>- Casual unisex fit</p>\n\n                                <p>- 64% polyester, 36% polyurethane</p>\n\n                                <p>- Water column pressure: 4000 mm</p>\n\n                                <p>- Model is 187cm tall and wearing a size S / M</p>\n\n                                <p>- Unisex fit</p>\n\n                                <p>- Drawstring hood with built-in cap</p>\n\n                                <p>- Front placket with snap buttons</p>\n\n                                <p>- Ventilation under armpit</p>\n\n                                <p>- Adjustable cuffs</p>\n\n                                <p>- Double welted front pockets</p>\n\n                                <p>- Adjustable elastic string at hempen</p>\n\n                                <p>- Ultrasonically welded seams</p>\n\n                                <p>This is a unisex item, please check our clothing &amp; footwear sizing guide for specific Rains jacket sizing information. RAINS comes from the rainy nation of Denmark at the edge of the European continent, close to the ocean and with prevailing westerly winds; all factors that contribute to an average of 121 rain days each year. Arising from these rainy weather conditions comes the attitude that a quick rain shower may be beautiful, as well as moody- but first and foremost requires the right outfit. Rains focus on the whole experience of going outside on rainy days, issuing an invitation to explore even in the most mercurial weather.</p>','published','[\"products\\/20.jpg\",\"products\\/20-1.jpg\",\"products\\/20-2.jpg\",\"products\\/20-3.jpg\"]','SW-172-A0',0,11,0,1,0,3,0,0,798,566.58,NULL,NULL,16.00,18.00,18.00,563.00,'2022-01-03 21:23:57','2022-01-03 21:24:12',1,173994,'in_stock',6,0,'Botble\\ACL\\Models\\User',0,NULL),(21,'MVMTH Classical Leather Watch In Black','<ul><li> Unrestrained and portable active stereo speaker</li>\n            <li> Free from the confines of wires and chords</li>\n            <li> 20 hours of portable capabilities</li>\n            <li> Double-ended Coil Cord with 3.5mm Stereo Plugs Included</li>\n            <li> 3/4″ Dome Tweeters: 2X and 4″ Woofer: 1X</li></ul>','<p>Short Hooded Coat features a straight body, large pockets with button flaps, ventilation air holes, and a string detail along the hemline. The style is completed with a drawstring hood, featuring Rains&rsquo; signature built-in cap. Made from waterproof, matte PU, this lightweight unisex rain jacket is an ode to nostalgia through its classic silhouette and utilitarian design details.</p>\n                                <p>- Casual unisex fit</p>\n\n                                <p>- 64% polyester, 36% polyurethane</p>\n\n                                <p>- Water column pressure: 4000 mm</p>\n\n                                <p>- Model is 187cm tall and wearing a size S / M</p>\n\n                                <p>- Unisex fit</p>\n\n                                <p>- Drawstring hood with built-in cap</p>\n\n                                <p>- Front placket with snap buttons</p>\n\n                                <p>- Ventilation under armpit</p>\n\n                                <p>- Adjustable cuffs</p>\n\n                                <p>- Double welted front pockets</p>\n\n                                <p>- Adjustable elastic string at hempen</p>\n\n                                <p>- Ultrasonically welded seams</p>\n\n                                <p>This is a unisex item, please check our clothing &amp; footwear sizing guide for specific Rains jacket sizing information. RAINS comes from the rainy nation of Denmark at the edge of the European continent, close to the ocean and with prevailing westerly winds; all factors that contribute to an average of 121 rain days each year. Arising from these rainy weather conditions comes the attitude that a quick rain shower may be beautiful, as well as moody- but first and foremost requires the right outfit. Rains focus on the whole experience of going outside on rainy days, issuing an invitation to explore even in the most mercurial weather.</p>','published','[\"products\\/21.jpg\",\"products\\/21-1.jpg\",\"products\\/21-2.jpg\"]','SW-118-A0',0,13,0,1,0,4,0,0,820,NULL,NULL,NULL,16.00,15.00,20.00,680.00,'2022-01-03 21:23:57','2022-01-03 21:24:12',1,125158,'in_stock',3,0,'Botble\\ACL\\Models\\User',0,NULL),(22,'Baxter Care Hair Kit For Bearded Mens','<ul><li> Unrestrained and portable active stereo speaker</li>\n            <li> Free from the confines of wires and chords</li>\n            <li> 20 hours of portable capabilities</li>\n            <li> Double-ended Coil Cord with 3.5mm Stereo Plugs Included</li>\n            <li> 3/4″ Dome Tweeters: 2X and 4″ Woofer: 1X</li></ul>','<p>Short Hooded Coat features a straight body, large pockets with button flaps, ventilation air holes, and a string detail along the hemline. The style is completed with a drawstring hood, featuring Rains&rsquo; signature built-in cap. Made from waterproof, matte PU, this lightweight unisex rain jacket is an ode to nostalgia through its classic silhouette and utilitarian design details.</p>\n                                <p>- Casual unisex fit</p>\n\n                                <p>- 64% polyester, 36% polyurethane</p>\n\n                                <p>- Water column pressure: 4000 mm</p>\n\n                                <p>- Model is 187cm tall and wearing a size S / M</p>\n\n                                <p>- Unisex fit</p>\n\n                                <p>- Drawstring hood with built-in cap</p>\n\n                                <p>- Front placket with snap buttons</p>\n\n                                <p>- Ventilation under armpit</p>\n\n                                <p>- Adjustable cuffs</p>\n\n                                <p>- Double welted front pockets</p>\n\n                                <p>- Adjustable elastic string at hempen</p>\n\n                                <p>- Ultrasonically welded seams</p>\n\n                                <p>This is a unisex item, please check our clothing &amp; footwear sizing guide for specific Rains jacket sizing information. RAINS comes from the rainy nation of Denmark at the edge of the European continent, close to the ocean and with prevailing westerly winds; all factors that contribute to an average of 121 rain days each year. Arising from these rainy weather conditions comes the attitude that a quick rain shower may be beautiful, as well as moody- but first and foremost requires the right outfit. Rains focus on the whole experience of going outside on rainy days, issuing an invitation to explore even in the most mercurial weather.</p>','published','[\"products\\/22.jpg\",\"products\\/22-1.jpg\",\"products\\/22-2.jpg\",\"products\\/22-3.jpg\"]','SW-123-A0',0,12,0,1,0,2,0,0,669,NULL,NULL,NULL,12.00,13.00,11.00,581.00,'2022-01-03 21:23:57','2022-01-03 21:24:12',1,139873,'in_stock',3,0,'Botble\\ACL\\Models\\User',0,NULL),(23,'Ciate Palemore Lipstick Bold Red Color','<ul><li> Unrestrained and portable active stereo speaker</li>\n            <li> Free from the confines of wires and chords</li>\n            <li> 20 hours of portable capabilities</li>\n            <li> Double-ended Coil Cord with 3.5mm Stereo Plugs Included</li>\n            <li> 3/4″ Dome Tweeters: 2X and 4″ Woofer: 1X</li></ul>','<p>Short Hooded Coat features a straight body, large pockets with button flaps, ventilation air holes, and a string detail along the hemline. The style is completed with a drawstring hood, featuring Rains&rsquo; signature built-in cap. Made from waterproof, matte PU, this lightweight unisex rain jacket is an ode to nostalgia through its classic silhouette and utilitarian design details.</p>\n                                <p>- Casual unisex fit</p>\n\n                                <p>- 64% polyester, 36% polyurethane</p>\n\n                                <p>- Water column pressure: 4000 mm</p>\n\n                                <p>- Model is 187cm tall and wearing a size S / M</p>\n\n                                <p>- Unisex fit</p>\n\n                                <p>- Drawstring hood with built-in cap</p>\n\n                                <p>- Front placket with snap buttons</p>\n\n                                <p>- Ventilation under armpit</p>\n\n                                <p>- Adjustable cuffs</p>\n\n                                <p>- Double welted front pockets</p>\n\n                                <p>- Adjustable elastic string at hempen</p>\n\n                                <p>- Ultrasonically welded seams</p>\n\n                                <p>This is a unisex item, please check our clothing &amp; footwear sizing guide for specific Rains jacket sizing information. RAINS comes from the rainy nation of Denmark at the edge of the European continent, close to the ocean and with prevailing westerly winds; all factors that contribute to an average of 121 rain days each year. Arising from these rainy weather conditions comes the attitude that a quick rain shower may be beautiful, as well as moody- but first and foremost requires the right outfit. Rains focus on the whole experience of going outside on rainy days, issuing an invitation to explore even in the most mercurial weather.</p>','published','[\"products\\/23.jpg\",\"products\\/23-1.jpg\",\"products\\/23-2.jpg\",\"products\\/23-3.jpg\"]','SW-160-A0',0,10,0,1,0,5,0,0,945,NULL,NULL,NULL,14.00,17.00,15.00,865.00,'2022-01-03 21:23:57','2022-01-03 21:24:12',1,3624,'in_stock',3,0,'Botble\\ACL\\Models\\User',0,NULL),(24,'Dual Camera 20MP',NULL,NULL,'published','[\"products\\/1.jpg\"]','SW-162-A0',0,19,0,1,0,7,1,0,80.25,NULL,NULL,NULL,14.00,20.00,11.00,572.00,'2022-01-03 21:23:57','2022-03-22 19:25:22',NULL,0,'in_stock',NULL,0,'Botble\\ACL\\Models\\User',0,NULL),(25,'Dual Camera 20MP',NULL,NULL,'published','[\"products\\/1.jpg\"]','SW-162-A0-A1',0,19,0,1,0,7,1,0,80.25,NULL,NULL,NULL,14.00,20.00,11.00,572.00,'2022-01-03 21:23:57','2022-03-22 19:25:22',NULL,0,'in_stock',NULL,0,'Botble\\ACL\\Models\\User',0,NULL),(26,'Smart Watches',NULL,NULL,'published','[\"products\\/2.jpg\"]','SW-126-A0',0,14,0,1,0,4,1,0,40.5,NULL,NULL,NULL,19.00,16.00,16.00,656.00,'2022-01-03 21:23:57','2022-03-22 19:25:22',NULL,0,'in_stock',NULL,0,'Botble\\ACL\\Models\\User',0,NULL),(27,'Smart Watches',NULL,NULL,'published','[\"products\\/2-1.jpg\"]','SW-126-A0-A1',0,14,0,1,0,4,1,0,40.5,NULL,NULL,NULL,19.00,16.00,16.00,656.00,'2022-01-03 21:23:57','2022-03-22 19:25:22',NULL,0,'in_stock',NULL,0,'Botble\\ACL\\Models\\User',0,NULL),(28,'Smart Watches',NULL,NULL,'published','[\"products\\/2-2.jpg\"]','SW-126-A0-A2',0,14,0,1,0,4,1,0,40.5,NULL,NULL,NULL,19.00,16.00,16.00,656.00,'2022-01-03 21:23:57','2022-03-22 19:25:22',NULL,0,'in_stock',NULL,0,'Botble\\ACL\\Models\\User',0,NULL),(29,'Beat Headphone',NULL,NULL,'published','[\"products\\/3.jpg\"]','SW-102-A0',0,13,0,1,0,5,1,0,20,NULL,NULL,NULL,16.00,17.00,20.00,779.00,'2022-01-03 21:23:57','2022-03-22 19:25:22',NULL,0,'in_stock',NULL,0,'Botble\\ACL\\Models\\User',0,NULL),(30,'Beat Headphone',NULL,NULL,'published','[\"products\\/3.jpg\"]','SW-102-A0-A1',0,13,0,1,0,5,1,0,20,NULL,NULL,NULL,16.00,17.00,20.00,779.00,'2022-01-03 21:23:57','2022-03-22 19:25:22',NULL,0,'in_stock',NULL,0,'Botble\\ACL\\Models\\User',0,NULL),(31,'Beat Headphone',NULL,NULL,'published','[\"products\\/3.jpg\"]','SW-102-A0-A2',0,13,0,1,0,5,1,0,20,NULL,NULL,NULL,16.00,17.00,20.00,779.00,'2022-01-03 21:23:57','2022-03-22 19:25:22',NULL,0,'in_stock',NULL,0,'Botble\\ACL\\Models\\User',0,NULL),(32,'Red & Black Headphone',NULL,NULL,'published','[\"products\\/4.jpg\"]','SW-171-A0',0,13,0,1,0,4,1,0,567,510.3,NULL,NULL,19.00,11.00,12.00,613.00,'2022-01-03 21:23:57','2022-03-22 19:25:22',NULL,0,'in_stock',NULL,0,'Botble\\ACL\\Models\\User',0,NULL),(33,'Red & Black Headphone',NULL,NULL,'published','[\"products\\/4-1.jpg\"]','SW-171-A0-A1',0,13,0,1,0,4,1,0,567,453.6,NULL,NULL,19.00,11.00,12.00,613.00,'2022-01-03 21:23:57','2022-03-22 19:25:22',NULL,0,'in_stock',NULL,0,'Botble\\ACL\\Models\\User',0,NULL),(34,'Smart Watch External',NULL,NULL,'published','[\"products\\/5.jpg\"]','SW-141-A0',0,18,0,1,0,5,1,0,787,NULL,NULL,NULL,17.00,17.00,18.00,744.00,'2022-01-03 21:23:57','2022-03-22 19:25:22',NULL,0,'in_stock',NULL,0,'Botble\\ACL\\Models\\User',0,NULL),(35,'Smart Watch External',NULL,NULL,'published','[\"products\\/5-1.jpg\"]','SW-141-A0-A1',0,18,0,1,0,5,1,0,787,NULL,NULL,NULL,17.00,17.00,18.00,744.00,'2022-01-03 21:23:57','2022-03-22 19:25:22',NULL,0,'in_stock',NULL,0,'Botble\\ACL\\Models\\User',0,NULL),(36,'Nikon HD camera',NULL,NULL,'published','[\"products\\/6.jpg\"]','SW-107-A0',0,14,0,1,0,3,1,0,406,NULL,NULL,NULL,18.00,18.00,20.00,846.00,'2022-01-03 21:23:57','2022-03-22 19:25:22',NULL,0,'in_stock',NULL,0,'Botble\\ACL\\Models\\User',0,NULL),(37,'Nikon HD camera',NULL,NULL,'published','[\"products\\/6.jpg\"]','SW-107-A0-A1',0,14,0,1,0,3,1,0,406,NULL,NULL,NULL,18.00,18.00,20.00,846.00,'2022-01-03 21:23:57','2022-03-22 19:25:22',NULL,0,'in_stock',NULL,0,'Botble\\ACL\\Models\\User',0,NULL),(38,'Audio Equipment',NULL,NULL,'published','[\"products\\/7.jpg\"]','SW-132-A0',0,20,0,1,0,1,1,0,507,NULL,NULL,NULL,15.00,16.00,19.00,844.00,'2022-01-03 21:23:57','2022-03-22 19:25:22',NULL,0,'in_stock',NULL,0,'Botble\\ACL\\Models\\User',0,NULL),(39,'Audio Equipment',NULL,NULL,'published','[\"products\\/7.jpg\"]','SW-132-A0-A1',0,20,0,1,0,1,1,0,507,NULL,NULL,NULL,15.00,16.00,19.00,844.00,'2022-01-03 21:23:57','2022-03-22 19:25:22',NULL,0,'in_stock',NULL,0,'Botble\\ACL\\Models\\User',0,NULL),(40,'Audio Equipment',NULL,NULL,'published','[\"products\\/7.jpg\"]','SW-132-A0-A2',0,20,0,1,0,1,1,0,507,NULL,NULL,NULL,15.00,16.00,19.00,844.00,'2022-01-03 21:23:57','2022-03-22 19:25:22',NULL,0,'in_stock',NULL,0,'Botble\\ACL\\Models\\User',0,NULL),(41,'Smart Televisions',NULL,NULL,'published','[\"products\\/8.jpg\"]','SW-112-A0',0,20,0,1,0,4,1,0,1231,997.11,NULL,NULL,15.00,18.00,11.00,554.00,'2022-01-03 21:23:57','2022-03-22 19:25:22',NULL,0,'in_stock',NULL,0,'Botble\\ACL\\Models\\User',0,NULL),(42,'Smart Televisions',NULL,NULL,'published','[\"products\\/8-1.jpg\"]','SW-112-A0-A1',0,20,0,1,0,4,1,0,1231,1034.04,NULL,NULL,15.00,18.00,11.00,554.00,'2022-01-03 21:23:57','2022-03-22 19:25:22',NULL,0,'in_stock',NULL,0,'Botble\\ACL\\Models\\User',0,NULL),(43,'Samsung Smart Phone',NULL,NULL,'published','[\"products\\/9.jpg\"]','SW-137-A0',0,16,0,1,0,5,1,0,575,NULL,NULL,NULL,18.00,18.00,12.00,548.00,'2022-01-03 21:23:57','2022-03-22 19:25:22',NULL,0,'in_stock',NULL,0,'Botble\\ACL\\Models\\User',0,NULL),(44,'Herschel Leather Duffle Bag In Brown Color',NULL,NULL,'published','[\"products\\/10.jpg\"]','SW-128-A0',0,12,0,1,0,3,1,0,1282,NULL,NULL,NULL,18.00,14.00,18.00,723.00,'2022-01-03 21:23:57','2022-03-22 19:25:22',NULL,0,'in_stock',NULL,0,'Botble\\ACL\\Models\\User',0,NULL),(45,'Herschel Leather Duffle Bag In Brown Color',NULL,NULL,'published','[\"products\\/10-1.jpg\"]','SW-128-A0-A1',0,12,0,1,0,3,1,0,1282,NULL,NULL,NULL,18.00,14.00,18.00,723.00,'2022-01-03 21:23:57','2022-03-22 19:25:22',NULL,0,'in_stock',NULL,0,'Botble\\ACL\\Models\\User',0,NULL),(46,'Herschel Leather Duffle Bag In Brown Color',NULL,NULL,'published','[\"products\\/10-2.jpg\"]','SW-128-A0-A2',0,12,0,1,0,3,1,0,1282,NULL,NULL,NULL,18.00,14.00,18.00,723.00,'2022-01-03 21:23:57','2022-03-22 19:25:22',NULL,0,'in_stock',NULL,0,'Botble\\ACL\\Models\\User',0,NULL),(47,'Xbox One Wireless Controller Black Color',NULL,NULL,'published','[\"products\\/11.jpg\"]','SW-132-A0',0,16,0,1,0,6,1,0,1222,NULL,NULL,NULL,13.00,14.00,11.00,685.00,'2022-01-03 21:23:57','2022-03-22 19:25:22',NULL,0,'in_stock',NULL,0,'Botble\\ACL\\Models\\User',0,NULL),(48,'EPSION Plaster Printer',NULL,NULL,'published','[\"products\\/12.jpg\"]','SW-156-A0',0,16,0,1,0,1,1,0,535,411.95,NULL,NULL,15.00,20.00,15.00,789.00,'2022-01-03 21:23:57','2022-03-22 19:25:22',NULL,0,'in_stock',NULL,0,'Botble\\ACL\\Models\\User',0,NULL),(49,'EPSION Plaster Printer',NULL,NULL,'published','[\"products\\/12-1.jpg\"]','SW-156-A0-A1',0,16,0,1,0,1,1,0,535,417.3,NULL,NULL,15.00,20.00,15.00,789.00,'2022-01-03 21:23:57','2022-03-22 19:25:22',NULL,0,'in_stock',NULL,0,'Botble\\ACL\\Models\\User',0,NULL),(50,'EPSION Plaster Printer',NULL,NULL,'published','[\"products\\/12-2.jpg\"]','SW-156-A0-A2',0,16,0,1,0,1,1,0,535,449.4,NULL,NULL,15.00,20.00,15.00,789.00,'2022-01-03 21:23:57','2022-03-22 19:25:22',NULL,0,'in_stock',NULL,0,'Botble\\ACL\\Models\\User',0,NULL),(51,'Sound Intone I65 Earphone White Version',NULL,NULL,'published','[\"products\\/13.jpg\"]','SW-170-A0',0,20,0,1,0,4,1,0,513,NULL,NULL,NULL,10.00,18.00,17.00,832.00,'2022-01-03 21:23:57','2022-03-22 19:25:22',NULL,0,'in_stock',NULL,0,'Botble\\ACL\\Models\\User',0,NULL),(52,'Sound Intone I65 Earphone White Version',NULL,NULL,'published','[\"products\\/13-1.jpg\"]','SW-170-A0-A1',0,20,0,1,0,4,1,0,513,NULL,NULL,NULL,10.00,18.00,17.00,832.00,'2022-01-03 21:23:57','2022-03-22 19:25:22',NULL,0,'in_stock',NULL,0,'Botble\\ACL\\Models\\User',0,NULL),(53,'Sound Intone I65 Earphone White Version',NULL,NULL,'published','[\"products\\/13.jpg\"]','SW-170-A0-A2',0,20,0,1,0,4,1,0,513,NULL,NULL,NULL,10.00,18.00,17.00,832.00,'2022-01-03 21:23:57','2022-03-22 19:25:22',NULL,0,'in_stock',NULL,0,'Botble\\ACL\\Models\\User',0,NULL),(54,'Sound Intone I65 Earphone White Version',NULL,NULL,'published','[\"products\\/13.jpg\"]','SW-170-A0-A3',0,20,0,1,0,4,1,0,513,NULL,NULL,NULL,10.00,18.00,17.00,832.00,'2022-01-03 21:23:57','2022-03-22 19:25:22',NULL,0,'in_stock',NULL,0,'Botble\\ACL\\Models\\User',0,NULL),(55,'B&O Play Mini Bluetooth Speaker',NULL,NULL,'published','[\"products\\/14.jpg\"]','SW-124-A0',0,18,0,1,0,1,1,0,597,NULL,NULL,NULL,14.00,13.00,20.00,735.00,'2022-01-03 21:23:57','2022-03-22 19:25:22',NULL,0,'in_stock',NULL,0,'Botble\\ACL\\Models\\User',0,NULL),(56,'B&O Play Mini Bluetooth Speaker',NULL,NULL,'published','[\"products\\/14.jpg\"]','SW-124-A0-A1',0,18,0,1,0,1,1,0,597,NULL,NULL,NULL,14.00,13.00,20.00,735.00,'2022-01-03 21:23:57','2022-03-22 19:25:22',NULL,0,'in_stock',NULL,0,'Botble\\ACL\\Models\\User',0,NULL),(57,'B&O Play Mini Bluetooth Speaker',NULL,NULL,'published','[\"products\\/14.jpg\"]','SW-124-A0-A2',0,18,0,1,0,1,1,0,597,NULL,NULL,NULL,14.00,13.00,20.00,735.00,'2022-01-03 21:23:57','2022-03-22 19:25:22',NULL,0,'in_stock',NULL,0,'Botble\\ACL\\Models\\User',0,NULL),(58,'B&O Play Mini Bluetooth Speaker',NULL,NULL,'published','[\"products\\/14.jpg\"]','SW-124-A0-A3',0,18,0,1,0,1,1,0,597,NULL,NULL,NULL,14.00,13.00,20.00,735.00,'2022-01-03 21:23:57','2022-03-22 19:25:22',NULL,0,'in_stock',NULL,0,'Botble\\ACL\\Models\\User',0,NULL),(59,'Apple MacBook Air Retina 13.3-Inch Laptop',NULL,NULL,'published','[\"products\\/15.jpg\"]','SW-105-A0',0,20,0,1,0,7,1,0,515,NULL,NULL,NULL,14.00,12.00,13.00,619.00,'2022-01-03 21:23:57','2022-03-22 19:25:22',NULL,0,'in_stock',NULL,0,'Botble\\ACL\\Models\\User',0,NULL),(60,'Apple MacBook Air Retina 13.3-Inch Laptop',NULL,NULL,'published','[\"products\\/15-1.jpg\"]','SW-105-A0-A1',0,20,0,1,0,7,1,0,515,NULL,NULL,NULL,14.00,12.00,13.00,619.00,'2022-01-03 21:23:57','2022-03-22 19:25:22',NULL,0,'in_stock',NULL,0,'Botble\\ACL\\Models\\User',0,NULL),(61,'Apple MacBook Air Retina 12-Inch Laptop',NULL,NULL,'published','[\"products\\/16.jpg\"]','SW-144-A0',0,16,0,1,0,4,1,0,569,403.99,NULL,NULL,18.00,14.00,11.00,626.00,'2022-01-03 21:23:57','2022-03-22 19:25:22',NULL,0,'in_stock',NULL,0,'Botble\\ACL\\Models\\User',0,NULL),(62,'Apple MacBook Air Retina 12-Inch Laptop',NULL,NULL,'published','[\"products\\/16.jpg\"]','SW-144-A0-A1',0,16,0,1,0,4,1,0,569,477.96,NULL,NULL,18.00,14.00,11.00,626.00,'2022-01-03 21:23:57','2022-03-22 19:25:22',NULL,0,'in_stock',NULL,0,'Botble\\ACL\\Models\\User',0,NULL),(63,'Apple MacBook Air Retina 12-Inch Laptop',NULL,NULL,'published','[\"products\\/16.jpg\"]','SW-144-A0-A2',0,16,0,1,0,4,1,0,569,472.27,NULL,NULL,18.00,14.00,11.00,626.00,'2022-01-03 21:23:57','2022-03-22 19:25:22',NULL,0,'in_stock',NULL,0,'Botble\\ACL\\Models\\User',0,NULL),(64,'Samsung Gear VR Virtual Reality Headset',NULL,NULL,'published','[\"products\\/17.jpg\"]','SW-160-A0',0,13,0,1,0,1,1,0,564,NULL,NULL,NULL,11.00,12.00,15.00,631.00,'2022-01-03 21:23:57','2022-03-22 19:25:22',NULL,0,'in_stock',NULL,0,'Botble\\ACL\\Models\\User',0,NULL),(65,'Samsung Gear VR Virtual Reality Headset',NULL,NULL,'published','[\"products\\/17-1.jpg\"]','SW-160-A0-A1',0,13,0,1,0,1,1,0,564,NULL,NULL,NULL,11.00,12.00,15.00,631.00,'2022-01-03 21:23:57','2022-03-22 19:25:22',NULL,0,'in_stock',NULL,0,'Botble\\ACL\\Models\\User',0,NULL),(66,'Aveeno Moisturizing Body Shower 450ml',NULL,NULL,'published','[\"products\\/18.jpg\"]','SW-147-A0',0,12,0,1,0,1,1,0,1296,NULL,NULL,NULL,17.00,16.00,18.00,621.00,'2022-01-03 21:23:57','2022-03-22 19:25:22',NULL,0,'in_stock',NULL,0,'Botble\\ACL\\Models\\User',0,NULL),(67,'Aveeno Moisturizing Body Shower 450ml',NULL,NULL,'published','[\"products\\/18-1.jpg\"]','SW-147-A0-A1',0,12,0,1,0,1,1,0,1296,NULL,NULL,NULL,17.00,16.00,18.00,621.00,'2022-01-03 21:23:57','2022-03-22 19:25:22',NULL,0,'in_stock',NULL,0,'Botble\\ACL\\Models\\User',0,NULL),(68,'Aveeno Moisturizing Body Shower 450ml',NULL,NULL,'published','[\"products\\/18-2.jpg\"]','SW-147-A0-A2',0,12,0,1,0,1,1,0,1296,NULL,NULL,NULL,17.00,16.00,18.00,621.00,'2022-01-03 21:23:57','2022-03-22 19:25:22',NULL,0,'in_stock',NULL,0,'Botble\\ACL\\Models\\User',0,NULL),(69,'Aveeno Moisturizing Body Shower 450ml',NULL,NULL,'published','[\"products\\/18-3.jpg\"]','SW-147-A0-A3',0,12,0,1,0,1,1,0,1296,NULL,NULL,NULL,17.00,16.00,18.00,621.00,'2022-01-03 21:23:57','2022-03-22 19:25:22',NULL,0,'in_stock',NULL,0,'Botble\\ACL\\Models\\User',0,NULL),(70,'NYX Beauty Couton Pallete Makeup 12',NULL,NULL,'published','[\"products\\/19.jpg\"]','SW-182-A0',0,11,0,1,0,2,1,0,1094,NULL,NULL,NULL,18.00,20.00,20.00,744.00,'2022-01-03 21:23:57','2022-03-22 19:25:22',NULL,0,'in_stock',NULL,0,'Botble\\ACL\\Models\\User',0,NULL),(71,'NYX Beauty Couton Pallete Makeup 12',NULL,NULL,'published','[\"products\\/20.jpg\"]','SW-172-A0',0,11,0,1,0,3,1,0,798,566.58,NULL,NULL,16.00,18.00,18.00,563.00,'2022-01-03 21:23:57','2022-03-22 19:25:22',NULL,0,'in_stock',NULL,0,'Botble\\ACL\\Models\\User',0,NULL),(72,'NYX Beauty Couton Pallete Makeup 12',NULL,NULL,'published','[\"products\\/20-1.jpg\"]','SW-172-A0-A1',0,11,0,1,0,3,1,0,798,654.36,NULL,NULL,16.00,18.00,18.00,563.00,'2022-01-03 21:23:57','2022-03-22 19:25:22',NULL,0,'in_stock',NULL,0,'Botble\\ACL\\Models\\User',0,NULL),(73,'MVMTH Classical Leather Watch In Black',NULL,NULL,'published','[\"products\\/21.jpg\"]','SW-118-A0',0,13,0,1,0,4,1,0,820,NULL,NULL,NULL,16.00,15.00,20.00,680.00,'2022-01-03 21:23:57','2022-03-22 19:25:22',NULL,0,'in_stock',NULL,0,'Botble\\ACL\\Models\\User',0,NULL),(74,'MVMTH Classical Leather Watch In Black',NULL,NULL,'published','[\"products\\/21-1.jpg\"]','SW-118-A0-A1',0,13,0,1,0,4,1,0,820,NULL,NULL,NULL,16.00,15.00,20.00,680.00,'2022-01-03 21:23:57','2022-03-22 19:25:22',NULL,0,'in_stock',NULL,0,'Botble\\ACL\\Models\\User',0,NULL),(75,'Baxter Care Hair Kit For Bearded Mens',NULL,NULL,'published','[\"products\\/22.jpg\"]','SW-123-A0',0,12,0,1,0,2,1,0,669,NULL,NULL,NULL,12.00,13.00,11.00,581.00,'2022-01-03 21:23:57','2022-03-22 19:25:22',NULL,0,'in_stock',NULL,0,'Botble\\ACL\\Models\\User',0,NULL),(76,'Ciate Palemore Lipstick Bold Red Color',NULL,NULL,'published','[\"products\\/23.jpg\"]','SW-160-A0',0,10,0,1,0,5,1,0,945,NULL,NULL,NULL,14.00,17.00,15.00,865.00,'2022-01-03 21:23:57','2022-03-22 19:25:22',NULL,0,'in_stock',NULL,0,'Botble\\ACL\\Models\\User',0,NULL);
/*!40000 ALTER TABLE `ec_products` ENABLE KEYS */;
UNLOCK TABLES;

--
-- Table structure for table `ec_products_translations`
--

DROP TABLE IF EXISTS `ec_products_translations`;
/*!40101 SET @saved_cs_client     = @@character_set_client */;
/*!40101 SET character_set_client = utf8 */;
CREATE TABLE `ec_products_translations` (
  `lang_code` varchar(191) COLLATE utf8mb4_unicode_ci NOT NULL,
  `ec_products_id` int(11) NOT NULL,
  `name` varchar(191) COLLATE utf8mb4_unicode_ci DEFAULT NULL,
  `description` text COLLATE utf8mb4_unicode_ci DEFAULT NULL,
  `content` text COLLATE utf8mb4_unicode_ci DEFAULT NULL,
  PRIMARY KEY (`lang_code`,`ec_products_id`)
) ENGINE=InnoDB DEFAULT CHARSET=utf8mb4 COLLATE=utf8mb4_unicode_ci;
/*!40101 SET character_set_client = @saved_cs_client */;

--
-- Dumping data for table `ec_products_translations`
--

LOCK TABLES `ec_products_translations` WRITE;
/*!40000 ALTER TABLE `ec_products_translations` DISABLE KEYS */;
INSERT INTO `ec_products_translations` VALUES ('vi',1,'Dual Camera 20MP',NULL,NULL),('vi',2,'Smart Watches',NULL,NULL),('vi',3,'Beat Headphone',NULL,NULL),('vi',4,'Red & Black Headphone',NULL,NULL),('vi',5,'Smart Watch External',NULL,NULL),('vi',6,'Nikon HD camera',NULL,NULL),('vi',7,'Audio Equipment',NULL,NULL),('vi',8,'Smart Televisions',NULL,NULL),('vi',9,'Samsung Smart Phone',NULL,NULL),('vi',10,'Herschel Leather Duffle Bag In Brown Color',NULL,NULL),('vi',11,'Xbox One Wireless Controller Black Color',NULL,NULL),('vi',12,'EPSION Plaster Printer',NULL,NULL),('vi',13,'Sound Intone I65 Earphone White Version',NULL,NULL),('vi',14,'B&O Play Mini Bluetooth Speaker',NULL,NULL),('vi',15,'Apple MacBook Air Retina 13.3-Inch Laptop',NULL,NULL),('vi',16,'Apple MacBook Air Retina 12-Inch Laptop',NULL,NULL),('vi',17,'Samsung Gear VR Virtual Reality Headset',NULL,NULL),('vi',18,'Aveeno Moisturizing Body Shower 450ml',NULL,NULL),('vi',19,'NYX Beauty Couton Pallete Makeup 12',NULL,NULL),('vi',20,'NYX Beauty Couton Pallete Makeup 12',NULL,NULL),('vi',21,'MVMTH Classical Leather Watch In Black',NULL,NULL),('vi',22,'Baxter Care Hair Kit For Bearded Mens',NULL,NULL),('vi',23,'Ciate Palemore Lipstick Bold Red Color',NULL,NULL),('vi',24,'Dual Camera 20MP',NULL,NULL),('vi',25,'Dual Camera 20MP',NULL,NULL),('vi',26,'Smart Watches',NULL,NULL),('vi',27,'Smart Watches',NULL,NULL),('vi',28,'Smart Watches',NULL,NULL),('vi',29,'Beat Headphone',NULL,NULL),('vi',30,'Beat Headphone',NULL,NULL),('vi',31,'Beat Headphone',NULL,NULL),('vi',32,'Red & Black Headphone',NULL,NULL),('vi',33,'Red & Black Headphone',NULL,NULL),('vi',34,'Smart Watch External',NULL,NULL),('vi',35,'Smart Watch External',NULL,NULL),('vi',36,'Nikon HD camera',NULL,NULL),('vi',37,'Nikon HD camera',NULL,NULL),('vi',38,'Audio Equipment',NULL,NULL),('vi',39,'Audio Equipment',NULL,NULL),('vi',40,'Audio Equipment',NULL,NULL),('vi',41,'Smart Televisions',NULL,NULL),('vi',42,'Smart Televisions',NULL,NULL),('vi',43,'Samsung Smart Phone',NULL,NULL),('vi',44,'Herschel Leather Duffle Bag In Brown Color',NULL,NULL),('vi',45,'Herschel Leather Duffle Bag In Brown Color',NULL,NULL),('vi',46,'Herschel Leather Duffle Bag In Brown Color',NULL,NULL),('vi',47,'Xbox One Wireless Controller Black Color',NULL,NULL),('vi',48,'EPSION Plaster Printer',NULL,NULL),('vi',49,'EPSION Plaster Printer',NULL,NULL),('vi',50,'EPSION Plaster Printer',NULL,NULL),('vi',51,'Sound Intone I65 Earphone White Version',NULL,NULL),('vi',52,'Sound Intone I65 Earphone White Version',NULL,NULL),('vi',53,'Sound Intone I65 Earphone White Version',NULL,NULL),('vi',54,'Sound Intone I65 Earphone White Version',NULL,NULL),('vi',55,'B&O Play Mini Bluetooth Speaker',NULL,NULL),('vi',56,'B&O Play Mini Bluetooth Speaker',NULL,NULL),('vi',57,'B&O Play Mini Bluetooth Speaker',NULL,NULL),('vi',58,'B&O Play Mini Bluetooth Speaker',NULL,NULL),('vi',59,'Apple MacBook Air Retina 13.3-Inch Laptop',NULL,NULL),('vi',60,'Apple MacBook Air Retina 13.3-Inch Laptop',NULL,NULL),('vi',61,'Apple MacBook Air Retina 12-Inch Laptop',NULL,NULL),('vi',62,'Apple MacBook Air Retina 12-Inch Laptop',NULL,NULL),('vi',63,'Apple MacBook Air Retina 12-Inch Laptop',NULL,NULL),('vi',64,'Samsung Gear VR Virtual Reality Headset',NULL,NULL),('vi',65,'Samsung Gear VR Virtual Reality Headset',NULL,NULL),('vi',66,'Aveeno Moisturizing Body Shower 450ml',NULL,NULL),('vi',67,'Aveeno Moisturizing Body Shower 450ml',NULL,NULL),('vi',68,'Aveeno Moisturizing Body Shower 450ml',NULL,NULL),('vi',69,'Aveeno Moisturizing Body Shower 450ml',NULL,NULL),('vi',70,'NYX Beauty Couton Pallete Makeup 12',NULL,NULL),('vi',71,'NYX Beauty Couton Pallete Makeup 12',NULL,NULL),('vi',72,'NYX Beauty Couton Pallete Makeup 12',NULL,NULL),('vi',73,'MVMTH Classical Leather Watch In Black',NULL,NULL),('vi',74,'MVMTH Classical Leather Watch In Black',NULL,NULL),('vi',75,'Baxter Care Hair Kit For Bearded Mens',NULL,NULL),('vi',76,'Ciate Palemore Lipstick Bold Red Color',NULL,NULL);
/*!40000 ALTER TABLE `ec_products_translations` ENABLE KEYS */;
UNLOCK TABLES;

--
-- Table structure for table `ec_reviews`
--

DROP TABLE IF EXISTS `ec_reviews`;
/*!40101 SET @saved_cs_client     = @@character_set_client */;
/*!40101 SET character_set_client = utf8 */;
CREATE TABLE `ec_reviews` (
  `id` bigint(20) unsigned NOT NULL AUTO_INCREMENT,
  `customer_id` int(10) unsigned NOT NULL,
  `product_id` int(10) unsigned NOT NULL,
  `star` double(8,2) NOT NULL,
  `comment` text COLLATE utf8mb4_unicode_ci NOT NULL,
  `status` varchar(60) COLLATE utf8mb4_unicode_ci NOT NULL DEFAULT 'published',
  `created_at` timestamp NULL DEFAULT NULL,
  `updated_at` timestamp NULL DEFAULT NULL,
  `images` text COLLATE utf8mb4_unicode_ci DEFAULT NULL,
  PRIMARY KEY (`id`)
) ENGINE=InnoDB AUTO_INCREMENT=101 DEFAULT CHARSET=utf8mb4 COLLATE=utf8mb4_unicode_ci;
/*!40101 SET character_set_client = @saved_cs_client */;

--
-- Dumping data for table `ec_reviews`
--

LOCK TABLES `ec_reviews` WRITE;
/*!40000 ALTER TABLE `ec_reviews` DISABLE KEYS */;
INSERT INTO `ec_reviews` VALUES (1,6,11,2.00,'Amazing code, amazing support. Overall, im really confident in Botble and im happy I made the right choice! Thank you so much guys for coding this masterpiece','published','2022-01-03 21:24:00','2022-01-03 21:24:00','[\"products\\/4.jpg\"]'),(2,5,18,2.00,'We have received brilliant service support and will be expanding the features with the developer. Nice product!','published','2022-01-03 21:24:00','2022-01-03 21:24:00','[\"products\\/3.jpg\",\"products\\/7.jpg\",\"products\\/8.jpg\"]'),(3,6,22,4.00,'I Love this Script. I also found how to add other fees. Now I just wait the BIG update for the Marketplace with the Bulk Import. Just do not forget to make it to be Multi-language for us the Botble Fans.','published','2022-01-03 21:24:00','2022-01-03 21:24:00','[\"products\\/3.jpg\",\"products\\/5.jpg\"]'),(4,5,20,5.00,'The best store template! Excellent coding! Very good support! Thank you so much for all the help, I really appreciated.','published','2022-01-03 21:24:00','2022-01-03 21:24:00','[\"products\\/4.jpg\",\"products\\/7.jpg\"]'),(5,1,14,4.00,'Those guys now what they are doing, the release such a good product that it\'s a pleasure to work with ! Even when I was stuck on the project, I created a ticket and the next day it was replied by the team. GOOD JOB guys. I love working with them :)','published','2022-01-03 21:24:00','2022-01-03 21:24:00','[\"products\\/1.jpg\",\"products\\/6.jpg\",\"products\\/9.jpg\"]'),(6,6,23,3.00,'Great E-commerce system. And much more : Wonderful Customer Support.','published','2022-01-03 21:24:00','2022-01-03 21:24:00','[\"products\\/3.jpg\",\"products\\/7.jpg\"]'),(7,1,4,5.00,'Great E-commerce system. And much more : Wonderful Customer Support.','published','2022-01-03 21:24:00','2022-01-03 21:24:00','[\"products\\/1.jpg\",\"products\\/7.jpg\"]'),(8,2,11,3.00,'The script is the best of its class, fast, easy to implement and work with , and the most important thing is the great support team , Recommend with no doubt.','published','2022-01-03 21:24:00','2022-01-03 21:24:00','[\"products\\/3.jpg\",\"products\\/7.jpg\"]'),(9,8,17,3.00,'It\'s not my first experience here on Codecanyon and I can honestly tell you all that Botble puts a LOT of effort into the support. They answer so fast, they helped me tons of times. REALLY by far THE BEST EXPERIENCE on Codecanyon. Those guys at Botble are so good that they deserve 5 stars. I recommend them, I trust them and I can\'t wait to see what they will sell in a near future. Thank you Botble :)','published','2022-01-03 21:24:00','2022-01-03 21:24:00','[\"products\\/3.jpg\",\"products\\/5.jpg\"]'),(10,6,10,2.00,'This web app is really good in design, code quality & features. Besides, the customer support provided by the Botble team was really fast & helpful. You guys are awesome!','published','2022-01-03 21:24:00','2022-01-03 21:24:00','[\"products\\/4.jpg\",\"products\\/5.jpg\",\"products\\/18.jpg\"]'),(11,5,8,3.00,'Great system, great support, good job Botble. I\'m looking forward to more great functional plugins.','published','2022-01-03 21:24:00','2022-01-03 21:24:00','[\"products\\/1.jpg\",\"products\\/22.jpg\"]'),(12,10,17,1.00,'Cool template. Excellent code quality. The support responds very quickly, which is very rare on themeforest and codecanyon.net, I buy a lot of templates, and everyone will have a response from technical support for two or three days. Thanks to tech support. I recommend to buy.','published','2022-01-03 21:24:00','2022-01-03 21:24:00','[\"products\\/4.jpg\"]'),(13,8,7,1.00,'Perfect +++++++++ i love it really also i get to fast ticket answers... Thanks Lot BOTBLE Teams','published','2022-01-03 21:24:00','2022-01-03 21:24:00','[\"products\\/1.jpg\",\"products\\/6.jpg\"]'),(14,4,22,2.00,'For me the best eCommerce script on Envato at this moment: modern, clean code, a lot of great features. The customer support is great too: I always get an answer within hours!','published','2022-01-03 21:24:00','2022-01-03 21:24:00','[\"products\\/4.jpg\",\"products\\/7.jpg\"]'),(15,3,21,3.00,'Cool template. Excellent code quality. The support responds very quickly, which is very rare on themeforest and codecanyon.net, I buy a lot of templates, and everyone will have a response from technical support for two or three days. Thanks to tech support. I recommend to buy.','published','2022-01-03 21:24:00','2022-01-03 21:24:00','[\"products\\/3.jpg\",\"products\\/7.jpg\"]'),(16,8,1,2.00,'The script is the best of its class, fast, easy to implement and work with , and the most important thing is the great support team , Recommend with no doubt.','published','2022-01-03 21:24:00','2022-01-03 21:24:00','[\"products\\/2.jpg\",\"products\\/6.jpg\",\"products\\/9.jpg\"]'),(17,8,16,2.00,'Solution is too robust for our purpose so we didn\'t use it at the end. But I appreciate customer support during initial configuration.','published','2022-01-03 21:24:00','2022-01-03 21:24:00','[\"products\\/1.jpg\",\"products\\/12.jpg\"]'),(18,2,22,1.00,'The code is good, in general, if you like it, can you give it 5 stars?','published','2022-01-03 21:24:00','2022-01-03 21:24:00','[\"products\\/4.jpg\",\"products\\/6.jpg\"]'),(19,6,10,5.00,'Second or third time that I buy a Botble product, happy with the products and support. You guys do a good job :)','published','2022-01-03 21:24:00','2022-01-03 21:24:00','[\"products\\/3.jpg\"]'),(20,2,5,3.00,'Great E-commerce system. And much more : Wonderful Customer Support.','published','2022-01-03 21:24:00','2022-01-03 21:24:00','[\"products\\/2.jpg\",\"products\\/6.jpg\"]'),(21,4,1,1.00,'Customer Support are grade (A*), however the code is a way too over engineered for it\'s purpose.','published','2022-01-03 21:24:00','2022-01-03 21:24:00','[\"products\\/4.jpg\",\"products\\/22.jpg\"]'),(22,7,6,5.00,'Perfect +++++++++ i love it really also i get to fast ticket answers... Thanks Lot BOTBLE Teams','published','2022-01-03 21:24:00','2022-01-03 21:24:00','[\"products\\/1.jpg\",\"products\\/6.jpg\"]'),(23,3,13,3.00,'Ok good product. I have some issues in customizations. But its not correct to blame the developer. The product is good. Good luck for your business.','published','2022-01-03 21:24:00','2022-01-03 21:24:00','[\"products\\/2.jpg\",\"products\\/6.jpg\",\"products\\/20.jpg\"]'),(24,7,4,1.00,'Solution is too robust for our purpose so we didn\'t use it at the end. But I appreciate customer support during initial configuration.','published','2022-01-03 21:24:00','2022-01-03 21:24:00','[\"products\\/4.jpg\"]'),(25,1,23,3.00,'For me the best eCommerce script on Envato at this moment: modern, clean code, a lot of great features. The customer support is great too: I always get an answer within hours!','published','2022-01-03 21:24:00','2022-01-03 21:24:00','[\"products\\/3.jpg\",\"products\\/7.jpg\"]'),(26,7,10,1.00,'Ok good product. I have some issues in customizations. But its not correct to blame the developer. The product is good. Good luck for your business.','published','2022-01-03 21:24:00','2022-01-03 21:24:00','[\"products\\/1.jpg\",\"products\\/5.jpg\"]'),(27,10,9,1.00,'It\'s not my first experience here on Codecanyon and I can honestly tell you all that Botble puts a LOT of effort into the support. They answer so fast, they helped me tons of times. REALLY by far THE BEST EXPERIENCE on Codecanyon. Those guys at Botble are so good that they deserve 5 stars. I recommend them, I trust them and I can\'t wait to see what they will sell in a near future. Thank you Botble :)','published','2022-01-03 21:24:00','2022-01-03 21:24:00','[\"products\\/4.jpg\",\"products\\/5.jpg\"]'),(28,9,23,5.00,'The code is good, in general, if you like it, can you give it 5 stars?','published','2022-01-03 21:24:00','2022-01-03 21:24:00','[\"products\\/3.jpg\",\"products\\/14.jpg\"]'),(29,9,2,4.00,'Best ecommerce CMS online store!','published','2022-01-03 21:24:00','2022-01-03 21:24:00','[\"products\\/1.jpg\",\"products\\/15.jpg\"]'),(30,7,22,4.00,'As a developer I reviewed this script. This is really awesome ecommerce script. I have convinced when I noticed that it\'s built on fully WordPress concept.','published','2022-01-03 21:24:00','2022-01-03 21:24:00','[\"products\\/1.jpg\"]'),(31,6,1,1.00,'Great E-commerce system. And much more : Wonderful Customer Support.','published','2022-01-03 21:24:00','2022-01-03 21:24:00','[\"products\\/4.jpg\",\"products\\/5.jpg\",\"products\\/18.jpg\"]'),(32,8,1,2.00,'Clean & perfect source code','published','2022-01-03 21:24:00','2022-01-03 21:24:00','[\"products\\/4.jpg\",\"products\\/7.jpg\"]'),(33,5,4,3.00,'For me the best eCommerce script on Envato at this moment: modern, clean code, a lot of great features. The customer support is great too: I always get an answer within hours!','published','2022-01-03 21:24:00','2022-01-03 21:24:00','[\"products\\/4.jpg\",\"products\\/7.jpg\"]'),(34,6,13,1.00,'Ok good product. I have some issues in customizations. But its not correct to blame the developer. The product is good. Good luck for your business.','published','2022-01-03 21:24:00','2022-01-03 21:24:00','[\"products\\/2.jpg\",\"products\\/7.jpg\",\"products\\/12.jpg\"]'),(35,1,22,2.00,'This script is well coded and is super fast. The support is pretty quick. Very patient and helpful team. I strongly recommend it and they deserve more than 5 stars.','published','2022-01-03 21:24:00','2022-01-03 21:24:00','[\"products\\/1.jpg\"]'),(36,8,5,2.00,'We have received brilliant service support and will be expanding the features with the developer. Nice product!','published','2022-01-03 21:24:00','2022-01-03 21:24:00','[\"products\\/1.jpg\"]'),(37,7,20,2.00,'Second or third time that I buy a Botble product, happy with the products and support. You guys do a good job :)','published','2022-01-03 21:24:00','2022-01-03 21:24:00','[\"products\\/4.jpg\",\"products\\/6.jpg\"]'),(38,9,19,5.00,'Clean & perfect source code','published','2022-01-03 21:24:00','2022-01-03 21:24:00','[\"products\\/2.jpg\"]'),(39,8,10,2.00,'Good app, good backup service and support. Good documentation.','published','2022-01-03 21:24:00','2022-01-03 21:24:00','[\"products\\/3.jpg\",\"products\\/20.jpg\"]'),(40,9,19,5.00,'Second or third time that I buy a Botble product, happy with the products and support. You guys do a good job :)','published','2022-01-03 21:24:00','2022-01-03 21:24:00','[\"products\\/1.jpg\"]'),(41,1,10,3.00,'It\'s not my first experience here on Codecanyon and I can honestly tell you all that Botble puts a LOT of effort into the support. They answer so fast, they helped me tons of times. REALLY by far THE BEST EXPERIENCE on Codecanyon. Those guys at Botble are so good that they deserve 5 stars. I recommend them, I trust them and I can\'t wait to see what they will sell in a near future. Thank you Botble :)','published','2022-01-03 21:24:00','2022-01-03 21:24:00','[\"products\\/3.jpg\",\"products\\/5.jpg\"]'),(42,2,1,4.00,'Ok good product. I have some issues in customizations. But its not correct to blame the developer. The product is good. Good luck for your business.','published','2022-01-03 21:24:00','2022-01-03 21:24:00','[\"products\\/4.jpg\",\"products\\/5.jpg\"]'),(43,8,23,2.00,'Very enthusiastic support! Excellent code is written. It\'s a true pleasure working with.','published','2022-01-03 21:24:00','2022-01-03 21:24:00','[\"products\\/1.jpg\",\"products\\/7.jpg\"]'),(44,6,21,2.00,'Solution is too robust for our purpose so we didn\'t use it at the end. But I appreciate customer support during initial configuration.','published','2022-01-03 21:24:00','2022-01-03 21:24:00','[\"products\\/3.jpg\",\"products\\/5.jpg\",\"products\\/13.jpg\"]'),(45,4,22,4.00,'Very enthusiastic support! Excellent code is written. It\'s a true pleasure working with.','published','2022-01-03 21:24:00','2022-01-03 21:24:00','[\"products\\/3.jpg\",\"products\\/5.jpg\"]'),(46,9,23,5.00,'For me the best eCommerce script on Envato at this moment: modern, clean code, a lot of great features. The customer support is great too: I always get an answer within hours!','published','2022-01-03 21:24:00','2022-01-03 21:24:00','[\"products\\/2.jpg\",\"products\\/7.jpg\",\"products\\/9.jpg\"]'),(47,7,16,3.00,'Perfect +++++++++ i love it really also i get to fast ticket answers... Thanks Lot BOTBLE Teams','published','2022-01-03 21:24:00','2022-01-03 21:24:00','[\"products\\/4.jpg\",\"products\\/5.jpg\"]'),(48,6,7,4.00,'The best store template! Excellent coding! Very good support! Thank you so much for all the help, I really appreciated.','published','2022-01-03 21:24:00','2022-01-03 21:24:00','[\"products\\/2.jpg\",\"products\\/7.jpg\"]'),(49,7,1,1.00,'This script is well coded and is super fast. The support is pretty quick. Very patient and helpful team. I strongly recommend it and they deserve more than 5 stars.','published','2022-01-03 21:24:00','2022-01-03 21:24:00','[\"products\\/3.jpg\",\"products\\/5.jpg\"]'),(50,5,12,4.00,'We have received brilliant service support and will be expanding the features with the developer. Nice product!','published','2022-01-03 21:24:00','2022-01-03 21:24:00','[\"products\\/4.jpg\",\"products\\/7.jpg\"]'),(51,6,23,4.00,'Perfect +++++++++ i love it really also i get to fast ticket answers... Thanks Lot BOTBLE Teams','published','2022-01-03 21:24:00','2022-01-03 21:24:00','[\"products\\/4.jpg\",\"products\\/7.jpg\"]'),(52,4,19,5.00,'The code is good, in general, if you like it, can you give it 5 stars?','published','2022-01-03 21:24:00','2022-01-03 21:24:00','[\"products\\/1.jpg\",\"products\\/5.jpg\",\"products\\/19.jpg\"]'),(53,1,9,2.00,'The script is the best of its class, fast, easy to implement and work with , and the most important thing is the great support team , Recommend with no doubt.','published','2022-01-03 21:24:00','2022-01-03 21:24:00','[\"products\\/3.jpg\"]'),(54,6,13,3.00,'Great E-commerce system. And much more : Wonderful Customer Support.','published','2022-01-03 21:24:00','2022-01-03 21:24:00','[\"products\\/1.jpg\",\"products\\/6.jpg\"]'),(55,6,19,1.00,'The best store template! Excellent coding! Very good support! Thank you so much for all the help, I really appreciated.','published','2022-01-03 21:24:00','2022-01-03 21:24:00','[\"products\\/4.jpg\"]'),(56,7,11,3.00,'Best ecommerce CMS online store!','published','2022-01-03 21:24:00','2022-01-03 21:24:00','[\"products\\/2.jpg\",\"products\\/5.jpg\"]'),(57,5,6,5.00,'Second or third time that I buy a Botble product, happy with the products and support. You guys do a good job :)','published','2022-01-03 21:24:00','2022-01-03 21:24:00','[\"products\\/2.jpg\",\"products\\/20.jpg\"]'),(58,2,19,5.00,'The script is the best of its class, fast, easy to implement and work with , and the most important thing is the great support team , Recommend with no doubt.','published','2022-01-03 21:24:00','2022-01-03 21:24:00','[\"products\\/3.jpg\"]'),(59,9,2,2.00,'Great system, great support, good job Botble. I\'m looking forward to more great functional plugins.','published','2022-01-03 21:24:00','2022-01-03 21:24:00','[\"products\\/4.jpg\"]'),(60,6,20,4.00,'Very enthusiastic support! Excellent code is written. It\'s a true pleasure working with.','published','2022-01-03 21:24:00','2022-01-03 21:24:00','[\"products\\/3.jpg\",\"products\\/7.jpg\",\"products\\/8.jpg\"]'),(61,1,6,5.00,'Very enthusiastic support! Excellent code is written. It\'s a true pleasure working with.','published','2022-01-03 21:24:00','2022-01-03 21:24:00','[\"products\\/4.jpg\",\"products\\/6.jpg\",\"products\\/19.jpg\"]'),(62,5,10,1.00,'This script is well coded and is super fast. The support is pretty quick. Very patient and helpful team. I strongly recommend it and they deserve more than 5 stars.','published','2022-01-03 21:24:00','2022-01-03 21:24:00','[\"products\\/1.jpg\",\"products\\/5.jpg\"]'),(63,10,16,5.00,'As a developer I reviewed this script. This is really awesome ecommerce script. I have convinced when I noticed that it\'s built on fully WordPress concept.','published','2022-01-03 21:24:00','2022-01-03 21:24:00','[\"products\\/3.jpg\",\"products\\/7.jpg\"]'),(64,4,7,1.00,'This script is well coded and is super fast. The support is pretty quick. Very patient and helpful team. I strongly recommend it and they deserve more than 5 stars.','published','2022-01-03 21:24:00','2022-01-03 21:24:00','[\"products\\/4.jpg\",\"products\\/7.jpg\"]'),(65,10,10,2.00,'Good app, good backup service and support. Good documentation.','published','2022-01-03 21:24:00','2022-01-03 21:24:00','[\"products\\/3.jpg\",\"products\\/6.jpg\"]'),(66,2,10,2.00,'These guys are amazing! Responses immediately, amazing support and help... I immediately feel at ease after Purchasing..','published','2022-01-03 21:24:00','2022-01-03 21:24:00','[\"products\\/4.jpg\"]'),(67,1,16,2.00,'Great system, great support, good job Botble. I\'m looking forward to more great functional plugins.','published','2022-01-03 21:24:00','2022-01-03 21:24:00','[\"products\\/4.jpg\"]'),(68,8,8,4.00,'Ok good product. I have some issues in customizations. But its not correct to blame the developer. The product is good. Good luck for your business.','published','2022-01-03 21:24:00','2022-01-03 21:24:00','[\"products\\/4.jpg\",\"products\\/7.jpg\"]'),(69,3,23,5.00,'Solution is too robust for our purpose so we didn\'t use it at the end. But I appreciate customer support during initial configuration.','published','2022-01-03 21:24:00','2022-01-03 21:24:00','[\"products\\/3.jpg\",\"products\\/5.jpg\",\"products\\/21.jpg\"]'),(70,6,22,1.00,'Very enthusiastic support! Excellent code is written. It\'s a true pleasure working with.','published','2022-01-03 21:24:00','2022-01-03 21:24:00','[\"products\\/1.jpg\",\"products\\/6.jpg\"]'),(71,1,12,4.00,'This web app is really good in design, code quality & features. Besides, the customer support provided by the Botble team was really fast & helpful. You guys are awesome!','published','2022-01-03 21:24:00','2022-01-03 21:24:00','[\"products\\/4.jpg\",\"products\\/5.jpg\"]'),(72,8,11,5.00,'We have received brilliant service support and will be expanding the features with the developer. Nice product!','published','2022-01-03 21:24:00','2022-01-03 21:24:00','[\"products\\/2.jpg\",\"products\\/6.jpg\"]'),(73,10,18,1.00,'Best ecommerce CMS online store!','published','2022-01-03 21:24:00','2022-01-03 21:24:00','[\"products\\/2.jpg\"]'),(74,2,4,2.00,'Second or third time that I buy a Botble product, happy with the products and support. You guys do a good job :)','published','2022-01-03 21:24:00','2022-01-03 21:24:00','[\"products\\/3.jpg\",\"products\\/6.jpg\",\"products\\/9.jpg\"]'),(75,1,14,1.00,'I Love this Script. I also found how to add other fees. Now I just wait the BIG update for the Marketplace with the Bulk Import. Just do not forget to make it to be Multi-language for us the Botble Fans.','published','2022-01-03 21:24:00','2022-01-03 21:24:00','[\"products\\/1.jpg\",\"products\\/7.jpg\"]'),(76,5,19,1.00,'This script is well coded and is super fast. The support is pretty quick. Very patient and helpful team. I strongly recommend it and they deserve more than 5 stars.','published','2022-01-03 21:24:00','2022-01-03 21:24:00','[\"products\\/3.jpg\",\"products\\/7.jpg\"]'),(77,1,18,1.00,'Clean & perfect source code','published','2022-01-03 21:24:00','2022-01-03 21:24:00','[\"products\\/1.jpg\"]'),(78,10,3,3.00,'Amazing code, amazing support. Overall, im really confident in Botble and im happy I made the right choice! Thank you so much guys for coding this masterpiece','published','2022-01-03 21:24:00','2022-01-03 21:24:00','[\"products\\/3.jpg\",\"products\\/16.jpg\"]'),(79,2,16,5.00,'The code is good, in general, if you like it, can you give it 5 stars?','published','2022-01-03 21:24:00','2022-01-03 21:24:00','[\"products\\/2.jpg\",\"products\\/5.jpg\",\"products\\/9.jpg\"]'),(80,2,19,3.00,'The best store template! Excellent coding! Very good support! Thank you so much for all the help, I really appreciated.','published','2022-01-03 21:24:00','2022-01-03 21:24:00','[\"products\\/2.jpg\",\"products\\/7.jpg\"]'),(81,8,19,4.00,'Best ecommerce CMS online store!','published','2022-01-03 21:24:00','2022-01-03 21:24:00','[\"products\\/4.jpg\",\"products\\/7.jpg\"]'),(82,4,5,3.00,'Clean & perfect source code','published','2022-01-03 21:24:00','2022-01-03 21:24:00','[\"products\\/4.jpg\",\"products\\/5.jpg\",\"products\\/16.jpg\"]'),(83,4,6,4.00,'Ok good product. I have some issues in customizations. But its not correct to blame the developer. The product is good. Good luck for your business.','published','2022-01-03 21:24:00','2022-01-03 21:24:00','[\"products\\/3.jpg\",\"products\\/7.jpg\"]'),(84,1,12,3.00,'It\'s not my first experience here on Codecanyon and I can honestly tell you all that Botble puts a LOT of effort into the support. They answer so fast, they helped me tons of times. REALLY by far THE BEST EXPERIENCE on Codecanyon. Those guys at Botble are so good that they deserve 5 stars. I recommend them, I trust them and I can\'t wait to see what they will sell in a near future. Thank you Botble :)','published','2022-01-03 21:24:00','2022-01-03 21:24:00','[\"products\\/2.jpg\",\"products\\/7.jpg\",\"products\\/18.jpg\"]'),(85,4,20,1.00,'The code is good, in general, if you like it, can you give it 5 stars?','published','2022-01-03 21:24:00','2022-01-03 21:24:00','[\"products\\/3.jpg\",\"products\\/5.jpg\"]'),(86,10,14,5.00,'Great system, great support, good job Botble. I\'m looking forward to more great functional plugins.','published','2022-01-03 21:24:00','2022-01-03 21:24:00','[\"products\\/2.jpg\",\"products\\/7.jpg\"]'),(87,10,7,1.00,'Amazing code, amazing support. Overall, im really confident in Botble and im happy I made the right choice! Thank you so much guys for coding this masterpiece','published','2022-01-03 21:24:00','2022-01-03 21:24:00','[\"products\\/2.jpg\",\"products\\/5.jpg\",\"products\\/13.jpg\"]'),(88,5,4,5.00,'Solution is too robust for our purpose so we didn\'t use it at the end. But I appreciate customer support during initial configuration.','published','2022-01-03 21:24:00','2022-01-03 21:24:00','[\"products\\/1.jpg\",\"products\\/6.jpg\",\"products\\/11.jpg\"]'),(89,3,11,1.00,'Customer Support are grade (A*), however the code is a way too over engineered for it\'s purpose.','published','2022-01-03 21:24:00','2022-01-03 21:24:00','[\"products\\/3.jpg\",\"products\\/7.jpg\",\"products\\/17.jpg\"]'),(90,5,16,4.00,'Great system, great support, good job Botble. I\'m looking forward to more great functional plugins.','published','2022-01-03 21:24:00','2022-01-03 21:24:00','[\"products\\/2.jpg\",\"products\\/7.jpg\"]'),(91,9,15,4.00,'Second or third time that I buy a Botble product, happy with the products and support. You guys do a good job :)','published','2022-01-03 21:24:00','2022-01-03 21:24:00','[\"products\\/3.jpg\",\"products\\/5.jpg\"]'),(92,4,18,1.00,'Great E-commerce system. And much more : Wonderful Customer Support.','published','2022-01-03 21:24:00','2022-01-03 21:24:00','[\"products\\/3.jpg\",\"products\\/5.jpg\"]'),(93,10,17,5.00,'These guys are amazing! Responses immediately, amazing support and help... I immediately feel at ease after Purchasing..','published','2022-01-03 21:24:00','2022-01-03 21:24:00','[\"products\\/3.jpg\",\"products\\/13.jpg\"]'),(94,4,17,3.00,'Ok good product. I have some issues in customizations. But its not correct to blame the developer. The product is good. Good luck for your business.','published','2022-01-03 21:24:00','2022-01-03 21:24:00','[\"products\\/1.jpg\"]'),(95,8,2,2.00,'Ok good product. I have some issues in customizations. But its not correct to blame the developer. The product is good. Good luck for your business.','published','2022-01-03 21:24:00','2022-01-03 21:24:00','[\"products\\/1.jpg\",\"products\\/7.jpg\"]'),(96,1,19,1.00,'Solution is too robust for our purpose so we didn\'t use it at the end. But I appreciate customer support during initial configuration.','published','2022-01-03 21:24:00','2022-01-03 21:24:00','[\"products\\/3.jpg\",\"products\\/23.jpg\"]'),(97,5,12,5.00,'This web app is really good in design, code quality & features. Besides, the customer support provided by the Botble team was really fast & helpful. You guys are awesome!','published','2022-01-03 21:24:00','2022-01-03 21:24:00','[\"products\\/3.jpg\",\"products\\/6.jpg\",\"products\\/19.jpg\"]'),(98,3,1,2.00,'This web app is really good in design, code quality & features. Besides, the customer support provided by the Botble team was really fast & helpful. You guys are awesome!','published','2022-01-03 21:24:00','2022-01-03 21:24:00','[\"products\\/2.jpg\",\"products\\/6.jpg\"]'),(99,2,22,4.00,'Cool template. Excellent code quality. The support responds very quickly, which is very rare on themeforest and codecanyon.net, I buy a lot of templates, and everyone will have a response from technical support for two or three days. Thanks to tech support. I recommend to buy.','published','2022-01-03 21:24:00','2022-01-03 21:24:00','[\"products\\/4.jpg\",\"products\\/10.jpg\"]'),(100,4,13,2.00,'Perfect +++++++++ i love it really also i get to fast ticket answers... Thanks Lot BOTBLE Teams','published','2022-01-03 21:24:00','2022-01-03 21:24:00','[\"products\\/3.jpg\",\"products\\/6.jpg\"]');
/*!40000 ALTER TABLE `ec_reviews` ENABLE KEYS */;
UNLOCK TABLES;

--
-- Table structure for table `ec_shipment_histories`
--

DROP TABLE IF EXISTS `ec_shipment_histories`;
/*!40101 SET @saved_cs_client     = @@character_set_client */;
/*!40101 SET character_set_client = utf8 */;
CREATE TABLE `ec_shipment_histories` (
  `id` bigint(20) unsigned NOT NULL AUTO_INCREMENT,
  `action` varchar(120) COLLATE utf8mb4_unicode_ci NOT NULL,
  `description` varchar(255) COLLATE utf8mb4_unicode_ci NOT NULL,
  `user_id` int(10) unsigned DEFAULT NULL,
  `shipment_id` int(10) unsigned NOT NULL,
  `order_id` int(10) unsigned NOT NULL,
  `created_at` timestamp NULL DEFAULT NULL,
  `updated_at` timestamp NULL DEFAULT NULL,
  PRIMARY KEY (`id`)
) ENGINE=InnoDB AUTO_INCREMENT=135 DEFAULT CHARSET=utf8mb4 COLLATE=utf8mb4_unicode_ci;
/*!40101 SET character_set_client = @saved_cs_client */;

--
-- Dumping data for table `ec_shipment_histories`
--

LOCK TABLES `ec_shipment_histories` WRITE;
/*!40000 ALTER TABLE `ec_shipment_histories` DISABLE KEYS */;
INSERT INTO `ec_shipment_histories` VALUES (1,'create_from_order','Shipping was created from order %order_id%',0,1,1,'2022-03-16 03:26:09','2022-03-16 03:26:09'),(2,'update_status','Changed status of shipping to : Approved . Updated by: %user_name%',0,1,1,'2022-03-21 03:26:09','2022-03-22 19:26:09'),(3,'create_from_order','Shipping was created from order %order_id%',0,2,2,'2022-03-21 03:26:09','2022-03-21 03:26:09'),(4,'update_status','Changed status of shipping to : Approved . Updated by: %user_name%',0,2,2,'2022-03-21 03:26:09','2022-03-22 19:26:09'),(5,'update_status','Changed status of shipping to : Delivered . Updated by: %user_name%',0,2,2,'2022-03-22 19:26:09','2022-03-22 19:26:09'),(6,'create_from_order','Shipping was created from order %order_id%',0,3,3,'2022-03-18 01:26:09','2022-03-18 01:26:09'),(7,'update_status','Changed status of shipping to : Approved . Updated by: %user_name%',0,3,3,'2022-03-21 05:26:09','2022-03-22 19:26:09'),(8,'create_from_order','Shipping was created from order %order_id%',0,4,4,'2022-03-21 05:26:09','2022-03-21 05:26:09'),(9,'update_status','Changed status of shipping to : Approved . Updated by: %user_name%',0,4,4,'2022-03-21 05:26:09','2022-03-22 19:26:09'),(10,'update_status','Changed status of shipping to : Delivered . Updated by: %user_name%',0,4,4,'2022-03-22 19:26:09','2022-03-22 19:26:09'),(11,'create_from_order','Shipping was created from order %order_id%',0,5,5,'2022-03-18 01:26:09','2022-03-18 01:26:09'),(12,'update_status','Changed status of shipping to : Approved . Updated by: %user_name%',0,5,5,'2022-03-21 05:26:09','2022-03-22 19:26:09'),(13,'create_from_order','Shipping was created from order %order_id%',0,6,6,'2022-03-21 05:26:09','2022-03-21 05:26:09'),(14,'update_status','Changed status of shipping to : Approved . Updated by: %user_name%',0,6,6,'2022-03-21 05:26:09','2022-03-22 19:26:09'),(15,'update_status','Changed status of shipping to : Delivered . Updated by: %user_name%',0,6,6,'2022-03-22 19:26:09','2022-03-22 19:26:09'),(16,'create_from_order','Shipping was created from order %order_id%',0,7,7,'2022-03-18 07:26:09','2022-03-18 07:26:09'),(17,'update_status','Changed status of shipping to : Approved . Updated by: %user_name%',0,7,7,'2022-03-21 07:26:09','2022-03-22 19:26:09'),(18,'create_from_order','Shipping was created from order %order_id%',0,8,8,'2022-03-12 21:26:09','2022-03-12 21:26:09'),(19,'update_status','Changed status of shipping to : Approved . Updated by: %user_name%',0,8,8,'2022-03-21 09:26:09','2022-03-22 19:26:09'),(20,'create_from_order','Shipping was created from order %order_id%',0,9,9,'2022-03-19 23:26:09','2022-03-19 23:26:09'),(21,'update_status','Changed status of shipping to : Approved . Updated by: %user_name%',0,9,9,'2022-03-21 09:26:09','2022-03-22 19:26:09'),(22,'update_status','Changed status of shipping to : Delivered . Updated by: %user_name%',0,9,9,'2022-03-22 19:26:09','2022-03-22 19:26:09'),(23,'create_from_order','Shipping was created from order %order_id%',0,10,10,'2022-03-11 11:26:09','2022-03-11 11:26:09'),(24,'update_status','Changed status of shipping to : Approved . Updated by: %user_name%',0,10,10,'2022-03-21 09:26:09','2022-03-22 19:26:09'),(25,'update_cod_status','Updated COD status to Completed . Updated by: %user_name%',0,10,10,'2022-03-22 19:26:09','2022-03-22 19:26:09'),(26,'update_status','Changed status of shipping to : Delivered . Updated by: %user_name%',0,10,10,'2022-03-22 19:26:09','2022-03-22 19:26:09'),(27,'create_from_order','Shipping was created from order %order_id%',0,11,11,'2022-03-13 11:26:09','2022-03-13 11:26:09'),(28,'update_status','Changed status of shipping to : Approved . Updated by: %user_name%',0,11,11,'2022-03-21 11:26:09','2022-03-22 19:26:09'),(29,'update_status','Changed status of shipping to : Delivered . Updated by: %user_name%',0,11,11,'2022-03-22 19:26:09','2022-03-22 19:26:09'),(30,'create_from_order','Shipping was created from order %order_id%',0,12,12,'2022-03-10 19:26:09','2022-03-10 19:26:09'),(31,'update_status','Changed status of shipping to : Approved . Updated by: %user_name%',0,12,12,'2022-03-21 11:26:09','2022-03-22 19:26:09'),(32,'create_from_order','Shipping was created from order %order_id%',0,13,13,'2022-03-10 19:26:09','2022-03-10 19:26:09'),(33,'update_status','Changed status of shipping to : Approved . Updated by: %user_name%',0,13,13,'2022-03-21 11:26:09','2022-03-22 19:26:09'),(34,'update_status','Changed status of shipping to : Delivered . Updated by: %user_name%',0,13,13,'2022-03-22 19:26:09','2022-03-22 19:26:09'),(35,'create_from_order','Shipping was created from order %order_id%',0,14,14,'2022-03-17 19:26:09','2022-03-17 19:26:09'),(36,'update_status','Changed status of shipping to : Approved . Updated by: %user_name%',0,14,14,'2022-03-21 13:26:09','2022-03-22 19:26:09'),(37,'update_status','Changed status of shipping to : Delivered . Updated by: %user_name%',0,14,14,'2022-03-22 19:26:09','2022-03-22 19:26:09'),(38,'create_from_order','Shipping was created from order %order_id%',0,15,15,'2022-03-21 13:26:09','2022-03-21 13:26:09'),(39,'update_status','Changed status of shipping to : Approved . Updated by: %user_name%',0,15,15,'2022-03-21 13:26:09','2022-03-22 19:26:09'),(40,'update_status','Changed status of shipping to : Delivered . Updated by: %user_name%',0,15,15,'2022-03-22 19:26:09','2022-03-22 19:26:09'),(41,'create_from_order','Shipping was created from order %order_id%',0,16,16,'2022-03-19 01:26:09','2022-03-19 01:26:09'),(42,'update_status','Changed status of shipping to : Approved . Updated by: %user_name%',0,16,16,'2022-03-21 13:26:09','2022-03-22 19:26:09'),(43,'update_status','Changed status of shipping to : Delivered . Updated by: %user_name%',0,16,16,'2022-03-22 19:26:09','2022-03-22 19:26:09'),(44,'create_from_order','Shipping was created from order %order_id%',0,17,17,'2022-03-20 11:26:09','2022-03-20 11:26:09'),(45,'update_status','Changed status of shipping to : Approved . Updated by: %user_name%',0,17,17,'2022-03-21 15:26:09','2022-03-22 19:26:09'),(46,'update_status','Changed status of shipping to : Delivered . Updated by: %user_name%',0,17,17,'2022-03-22 19:26:09','2022-03-22 19:26:09'),(47,'create_from_order','Shipping was created from order %order_id%',0,18,18,'2022-03-16 23:26:09','2022-03-16 23:26:09'),(48,'update_status','Changed status of shipping to : Approved . Updated by: %user_name%',0,18,18,'2022-03-21 15:26:09','2022-03-22 19:26:09'),(49,'update_status','Changed status of shipping to : Delivered . Updated by: %user_name%',0,18,18,'2022-03-22 19:26:09','2022-03-22 19:26:09'),(50,'create_from_order','Shipping was created from order %order_id%',0,19,19,'2022-03-18 11:26:09','2022-03-18 11:26:09'),(51,'update_status','Changed status of shipping to : Approved . Updated by: %user_name%',0,19,19,'2022-03-21 17:26:09','2022-03-22 19:26:09'),(52,'update_status','Changed status of shipping to : Delivered . Updated by: %user_name%',0,19,19,'2022-03-22 19:26:09','2022-03-22 19:26:09'),(53,'create_from_order','Shipping was created from order %order_id%',0,20,20,'2022-03-16 07:26:09','2022-03-16 07:26:09'),(54,'update_status','Changed status of shipping to : Approved . Updated by: %user_name%',0,20,20,'2022-03-21 17:26:09','2022-03-22 19:26:09'),(55,'create_from_order','Shipping was created from order %order_id%',0,21,21,'2022-03-21 17:26:09','2022-03-21 17:26:09'),(56,'update_status','Changed status of shipping to : Approved . Updated by: %user_name%',0,21,21,'2022-03-21 17:26:09','2022-03-22 19:26:09'),(57,'create_from_order','Shipping was created from order %order_id%',0,22,22,'2022-03-16 19:26:09','2022-03-16 19:26:09'),(58,'update_status','Changed status of shipping to : Approved . Updated by: %user_name%',0,22,22,'2022-03-21 19:26:09','2022-03-22 19:26:09'),(59,'update_status','Changed status of shipping to : Delivered . Updated by: %user_name%',0,22,22,'2022-03-22 19:26:09','2022-03-22 19:26:09'),(60,'create_from_order','Shipping was created from order %order_id%',0,23,23,'2022-03-15 19:26:09','2022-03-15 19:26:09'),(61,'update_status','Changed status of shipping to : Approved . Updated by: %user_name%',0,23,23,'2022-03-21 19:26:09','2022-03-22 19:26:09'),(62,'create_from_order','Shipping was created from order %order_id%',0,24,24,'2022-03-14 13:26:09','2022-03-14 13:26:09'),(63,'update_status','Changed status of shipping to : Approved . Updated by: %user_name%',0,24,24,'2022-03-21 21:26:09','2022-03-22 19:26:09'),(64,'update_status','Changed status of shipping to : Delivered . Updated by: %user_name%',0,24,24,'2022-03-22 19:26:09','2022-03-22 19:26:09'),(65,'create_from_order','Shipping was created from order %order_id%',0,25,25,'2022-03-15 11:26:09','2022-03-15 11:26:09'),(66,'update_status','Changed status of shipping to : Approved . Updated by: %user_name%',0,25,25,'2022-03-21 21:26:10','2022-03-22 19:26:10'),(67,'update_cod_status','Updated COD status to Completed . Updated by: %user_name%',0,25,25,'2022-03-22 19:26:10','2022-03-22 19:26:10'),(68,'update_status','Changed status of shipping to : Delivered . Updated by: %user_name%',0,25,25,'2022-03-22 19:26:10','2022-03-22 19:26:10'),(69,'create_from_order','Shipping was created from order %order_id%',0,26,26,'2022-03-19 03:26:10','2022-03-19 03:26:10'),(70,'update_status','Changed status of shipping to : Approved . Updated by: %user_name%',0,26,26,'2022-03-21 21:26:10','2022-03-22 19:26:10'),(71,'create_from_order','Shipping was created from order %order_id%',0,27,27,'2022-03-19 11:26:10','2022-03-19 11:26:10'),(72,'update_status','Changed status of shipping to : Approved . Updated by: %user_name%',0,27,27,'2022-03-21 23:26:10','2022-03-22 19:26:10'),(73,'create_from_order','Shipping was created from order %order_id%',0,28,28,'2022-03-18 15:26:10','2022-03-18 15:26:10'),(74,'update_status','Changed status of shipping to : Approved . Updated by: %user_name%',0,28,28,'2022-03-21 23:26:10','2022-03-22 19:26:10'),(75,'update_status','Changed status of shipping to : Delivered . Updated by: %user_name%',0,28,28,'2022-03-22 19:26:10','2022-03-22 19:26:10'),(76,'create_from_order','Shipping was created from order %order_id%',0,29,29,'2022-03-20 07:26:10','2022-03-20 07:26:10'),(77,'update_status','Changed status of shipping to : Approved . Updated by: %user_name%',0,29,29,'2022-03-21 23:26:10','2022-03-22 19:26:10'),(78,'update_status','Changed status of shipping to : Delivered . Updated by: %user_name%',0,29,29,'2022-03-22 19:26:10','2022-03-22 19:26:10'),(79,'create_from_order','Shipping was created from order %order_id%',0,30,30,'2022-03-18 07:26:10','2022-03-18 07:26:10'),(80,'update_status','Changed status of shipping to : Approved . Updated by: %user_name%',0,30,30,'2022-03-22 01:26:10','2022-03-22 19:26:10'),(81,'create_from_order','Shipping was created from order %order_id%',0,31,31,'2022-03-19 19:26:10','2022-03-19 19:26:10'),(82,'update_status','Changed status of shipping to : Approved . Updated by: %user_name%',0,31,31,'2022-03-22 01:26:10','2022-03-22 19:26:10'),(83,'create_from_order','Shipping was created from order %order_id%',0,32,32,'2022-03-16 19:26:10','2022-03-16 19:26:10'),(84,'update_status','Changed status of shipping to : Approved . Updated by: %user_name%',0,32,32,'2022-03-22 03:26:10','2022-03-22 19:26:10'),(85,'create_from_order','Shipping was created from order %order_id%',0,33,33,'2022-03-16 19:26:10','2022-03-16 19:26:10'),(86,'update_status','Changed status of shipping to : Approved . Updated by: %user_name%',0,33,33,'2022-03-22 03:26:10','2022-03-22 19:26:10'),(87,'update_status','Changed status of shipping to : Delivered . Updated by: %user_name%',0,33,33,'2022-03-22 19:26:10','2022-03-22 19:26:10'),(88,'create_from_order','Shipping was created from order %order_id%',0,34,34,'2022-03-18 03:26:10','2022-03-18 03:26:10'),(89,'update_status','Changed status of shipping to : Approved . Updated by: %user_name%',0,34,34,'2022-03-22 05:26:10','2022-03-22 19:26:10'),(90,'update_cod_status','Updated COD status to Completed . Updated by: %user_name%',0,34,34,'2022-03-22 19:26:10','2022-03-22 19:26:10'),(91,'update_status','Changed status of shipping to : Delivered . Updated by: %user_name%',0,34,34,'2022-03-22 19:26:10','2022-03-22 19:26:10'),(92,'create_from_order','Shipping was created from order %order_id%',0,35,35,'2022-03-16 23:26:10','2022-03-16 23:26:10'),(93,'update_status','Changed status of shipping to : Approved . Updated by: %user_name%',0,35,35,'2022-03-22 05:26:10','2022-03-22 19:26:10'),(94,'create_from_order','Shipping was created from order %order_id%',0,36,36,'2022-03-19 19:26:10','2022-03-19 19:26:10'),(95,'update_status','Changed status of shipping to : Approved . Updated by: %user_name%',0,36,36,'2022-03-22 07:26:10','2022-03-22 19:26:10'),(96,'update_status','Changed status of shipping to : Delivered . Updated by: %user_name%',0,36,36,'2022-03-22 19:26:10','2022-03-22 19:26:10'),(97,'create_from_order','Shipping was created from order %order_id%',0,37,37,'2022-03-17 19:26:10','2022-03-17 19:26:10'),(98,'update_status','Changed status of shipping to : Approved . Updated by: %user_name%',0,37,37,'2022-03-22 07:26:10','2022-03-22 19:26:10'),(99,'update_cod_status','Updated COD status to Completed . Updated by: %user_name%',0,37,37,'2022-03-22 19:26:10','2022-03-22 19:26:10'),(100,'update_status','Changed status of shipping to : Delivered . Updated by: %user_name%',0,37,37,'2022-03-22 19:26:10','2022-03-22 19:26:10'),(101,'create_from_order','Shipping was created from order %order_id%',0,38,38,'2022-03-19 11:26:10','2022-03-19 11:26:10'),(102,'update_status','Changed status of shipping to : Approved . Updated by: %user_name%',0,38,38,'2022-03-22 09:26:10','2022-03-22 19:26:10'),(103,'create_from_order','Shipping was created from order %order_id%',0,39,39,'2022-03-20 17:26:10','2022-03-20 17:26:10'),(104,'update_status','Changed status of shipping to : Approved . Updated by: %user_name%',0,39,39,'2022-03-22 09:26:10','2022-03-22 19:26:10'),(105,'update_status','Changed status of shipping to : Delivered . Updated by: %user_name%',0,39,39,'2022-03-22 19:26:10','2022-03-22 19:26:10'),(106,'create_from_order','Shipping was created from order %order_id%',0,40,40,'2022-03-21 19:26:10','2022-03-21 19:26:10'),(107,'update_status','Changed status of shipping to : Approved . Updated by: %user_name%',0,40,40,'2022-03-22 11:26:10','2022-03-22 19:26:10'),(108,'update_status','Changed status of shipping to : Delivered . Updated by: %user_name%',0,40,40,'2022-03-22 19:26:10','2022-03-22 19:26:10'),(109,'create_from_order','Shipping was created from order %order_id%',0,41,41,'2022-03-22 03:26:10','2022-03-22 03:26:10'),(110,'update_status','Changed status of shipping to : Approved . Updated by: %user_name%',0,41,41,'2022-03-22 11:26:10','2022-03-22 19:26:10'),(111,'create_from_order','Shipping was created from order %order_id%',0,42,42,'2022-03-21 03:26:10','2022-03-21 03:26:10'),(112,'update_status','Changed status of shipping to : Approved . Updated by: %user_name%',0,42,42,'2022-03-22 11:26:10','2022-03-22 19:26:10'),(113,'create_from_order','Shipping was created from order %order_id%',0,43,43,'2022-03-21 07:26:10','2022-03-21 07:26:10'),(114,'update_status','Changed status of shipping to : Approved . Updated by: %user_name%',0,43,43,'2022-03-22 13:26:10','2022-03-22 19:26:10'),(115,'update_status','Changed status of shipping to : Delivered . Updated by: %user_name%',0,43,43,'2022-03-22 19:26:10','2022-03-22 19:26:10'),(116,'create_from_order','Shipping was created from order %order_id%',0,44,44,'2022-03-21 07:26:10','2022-03-21 07:26:10'),(117,'update_status','Changed status of shipping to : Approved . Updated by: %user_name%',0,44,44,'2022-03-22 13:26:10','2022-03-22 19:26:10'),(118,'update_status','Changed status of shipping to : Delivered . Updated by: %user_name%',0,44,44,'2022-03-22 19:26:10','2022-03-22 19:26:10'),(119,'create_from_order','Shipping was created from order %order_id%',0,45,45,'2022-03-22 01:26:10','2022-03-22 01:26:10'),(120,'update_status','Changed status of shipping to : Approved . Updated by: %user_name%',0,45,45,'2022-03-22 13:26:10','2022-03-22 19:26:10'),(121,'create_from_order','Shipping was created from order %order_id%',0,46,46,'2022-03-21 03:26:10','2022-03-21 03:26:10'),(122,'update_status','Changed status of shipping to : Approved . Updated by: %user_name%',0,46,46,'2022-03-22 15:26:10','2022-03-22 19:26:10'),(123,'create_from_order','Shipping was created from order %order_id%',0,47,47,'2022-03-22 03:26:10','2022-03-22 03:26:10'),(124,'update_status','Changed status of shipping to : Approved . Updated by: %user_name%',0,47,47,'2022-03-22 15:26:10','2022-03-22 19:26:10'),(125,'create_from_order','Shipping was created from order %order_id%',0,48,48,'2022-03-21 11:26:10','2022-03-21 11:26:10'),(126,'update_status','Changed status of shipping to : Approved . Updated by: %user_name%',0,48,48,'2022-03-22 15:26:10','2022-03-22 19:26:10'),(127,'create_from_order','Shipping was created from order %order_id%',0,49,49,'2022-03-22 07:26:10','2022-03-22 07:26:10'),(128,'update_status','Changed status of shipping to : Approved . Updated by: %user_name%',0,49,49,'2022-03-22 17:26:10','2022-03-22 19:26:10'),(129,'update_status','Changed status of shipping to : Delivered . Updated by: %user_name%',0,49,49,'2022-03-22 19:26:10','2022-03-22 19:26:10'),(130,'create_from_order','Shipping was created from order %order_id%',0,50,50,'2022-03-22 03:26:10','2022-03-22 03:26:10'),(131,'update_status','Changed status of shipping to : Approved . Updated by: %user_name%',0,50,50,'2022-03-22 17:26:10','2022-03-22 19:26:10'),(132,'create_from_order','Shipping was created from order %order_id%',0,51,51,'2022-03-22 05:26:10','2022-03-22 05:26:10'),(133,'update_status','Changed status of shipping to : Approved . Updated by: %user_name%',0,51,51,'2022-03-22 17:26:10','2022-03-22 19:26:10'),(134,'update_status','Changed status of shipping to : Delivered . Updated by: %user_name%',0,51,51,'2022-03-22 19:26:10','2022-03-22 19:26:10');
/*!40000 ALTER TABLE `ec_shipment_histories` ENABLE KEYS */;
UNLOCK TABLES;

--
-- Table structure for table `ec_shipments`
--

DROP TABLE IF EXISTS `ec_shipments`;
/*!40101 SET @saved_cs_client     = @@character_set_client */;
/*!40101 SET character_set_client = utf8 */;
CREATE TABLE `ec_shipments` (
  `id` bigint(20) unsigned NOT NULL AUTO_INCREMENT,
  `order_id` int(10) unsigned NOT NULL,
  `user_id` int(10) unsigned DEFAULT NULL,
  `weight` double(8,2) DEFAULT 0.00,
  `shipment_id` varchar(120) COLLATE utf8mb4_unicode_ci DEFAULT NULL,
  `note` varchar(120) COLLATE utf8mb4_unicode_ci DEFAULT NULL,
  `status` varchar(120) COLLATE utf8mb4_unicode_ci NOT NULL DEFAULT 'pending',
  `cod_amount` decimal(15,2) DEFAULT 0.00,
  `cod_status` varchar(60) COLLATE utf8mb4_unicode_ci NOT NULL DEFAULT 'pending',
  `cross_checking_status` varchar(60) COLLATE utf8mb4_unicode_ci NOT NULL DEFAULT 'pending',
  `price` decimal(15,2) DEFAULT 0.00,
  `store_id` int(10) unsigned DEFAULT NULL,
  `created_at` timestamp NULL DEFAULT NULL,
  `updated_at` timestamp NULL DEFAULT NULL,
  `tracking_id` varchar(191) COLLATE utf8mb4_unicode_ci DEFAULT NULL,
  `shipping_company_name` varchar(191) COLLATE utf8mb4_unicode_ci DEFAULT NULL,
  `tracking_link` varchar(191) COLLATE utf8mb4_unicode_ci DEFAULT NULL,
  `estimate_date_shipped` datetime DEFAULT NULL,
  `date_shipped` datetime DEFAULT NULL,
  PRIMARY KEY (`id`)
) ENGINE=InnoDB AUTO_INCREMENT=52 DEFAULT CHARSET=utf8mb4 COLLATE=utf8mb4_unicode_ci;
/*!40101 SET character_set_client = @saved_cs_client */;

--
-- Dumping data for table `ec_shipments`
--

LOCK TABLES `ec_shipments` WRITE;
/*!40000 ALTER TABLE `ec_shipments` DISABLE KEYS */;
INSERT INTO `ec_shipments` VALUES (1,1,NULL,2549.00,NULL,'','approved',0.00,'completed','pending',0.00,0,'2022-03-22 19:26:09','2022-03-22 19:26:09','JJD0082873964','GHN','https://mydhl.express.dhl/us/en/tracking.html#/track-by-reference','2022-03-28 02:26:09',NULL),(2,2,NULL,2184.00,NULL,'','delivered',0.00,'completed','pending',0.00,0,'2022-03-22 19:26:09','2022-03-22 19:26:09','JJD0013829215','AliExpress','https://mydhl.express.dhl/us/en/tracking.html#/track-by-reference','2022-03-27 02:26:09','2022-03-23 02:26:09'),(3,3,NULL,723.00,NULL,'','approved',0.00,'completed','pending',0.00,0,'2022-03-22 19:26:09','2022-03-22 19:26:09','JJD0086202883','FastShipping','https://mydhl.express.dhl/us/en/tracking.html#/track-by-reference','2022-03-25 02:26:09',NULL),(4,4,NULL,1370.00,NULL,'','delivered',0.00,'completed','pending',0.00,0,'2022-03-22 19:26:09','2022-03-22 19:26:09','JJD0031818356','AliExpress','https://mydhl.express.dhl/us/en/tracking.html#/track-by-reference','2022-04-02 02:26:09','2022-03-23 02:26:09'),(5,5,NULL,1664.00,NULL,'','approved',0.00,'completed','pending',0.00,0,'2022-03-22 19:26:09','2022-03-22 19:26:09','JJD0043435658','DHL','https://mydhl.express.dhl/us/en/tracking.html#/track-by-reference','2022-03-30 02:26:09',NULL),(6,6,NULL,1878.00,NULL,'','delivered',0.00,'completed','pending',0.00,0,'2022-03-22 19:26:09','2022-03-22 19:26:09','JJD0048747228','AliExpress','https://mydhl.express.dhl/us/en/tracking.html#/track-by-reference','2022-03-31 02:26:09','2022-03-23 02:26:09'),(7,7,NULL,4437.00,NULL,'','approved',0.00,'completed','pending',0.00,0,'2022-03-22 19:26:09','2022-03-22 19:26:09','JJD0052313061','AliExpress','https://mydhl.express.dhl/us/en/tracking.html#/track-by-reference','2022-03-24 02:26:09',NULL),(8,8,NULL,613.00,NULL,'','approved',0.00,'completed','pending',0.00,0,'2022-03-22 19:26:09','2022-03-22 19:26:09','JJD0051314413','FastShipping','https://mydhl.express.dhl/us/en/tracking.html#/track-by-reference','2022-03-24 02:26:09',NULL),(9,9,NULL,723.00,NULL,'','delivered',0.00,'completed','pending',0.00,0,'2022-03-22 19:26:09','2022-03-22 19:26:09','JJD0041696356','AliExpress','https://mydhl.express.dhl/us/en/tracking.html#/track-by-reference','2022-03-31 02:26:09','2022-03-23 02:26:09'),(10,10,NULL,685.00,NULL,'','delivered',1344.20,'completed','pending',0.00,0,'2022-03-22 19:26:09','2022-03-22 19:26:09','JJD0025064641','FastShipping','https://mydhl.express.dhl/us/en/tracking.html#/track-by-reference','2022-03-31 02:26:09','2022-03-23 02:26:09'),(11,11,NULL,1144.00,NULL,'','delivered',0.00,'completed','pending',0.00,0,'2022-03-22 19:26:09','2022-03-22 19:26:09','JJD0077752253','AliExpress','https://mydhl.express.dhl/us/en/tracking.html#/track-by-reference','2022-03-27 02:26:09','2022-03-23 02:26:09'),(12,12,NULL,2132.00,NULL,'','approved',0.00,'completed','pending',0.00,0,'2022-03-22 19:26:09','2022-03-22 19:26:09','JJD0088407966','GHN','https://mydhl.express.dhl/us/en/tracking.html#/track-by-reference','2022-04-01 02:26:09',NULL),(13,13,NULL,2205.00,NULL,'','delivered',0.00,'completed','pending',0.00,0,'2022-03-22 19:26:09','2022-03-22 19:26:09','JJD0038567828','AliExpress','https://mydhl.express.dhl/us/en/tracking.html#/track-by-reference','2022-03-24 02:26:09','2022-03-23 02:26:09'),(14,14,NULL,3844.00,NULL,'','delivered',0.00,'completed','pending',0.00,0,'2022-03-22 19:26:09','2022-03-22 19:26:09','JJD0070162110','AliExpress','https://mydhl.express.dhl/us/en/tracking.html#/track-by-reference','2022-03-29 02:26:09','2022-03-23 02:26:09'),(15,15,NULL,846.00,NULL,'','delivered',0.00,'completed','pending',0.00,0,'2022-03-22 19:26:09','2022-03-22 19:26:09','JJD0068907794','FastShipping','https://mydhl.express.dhl/us/en/tracking.html#/track-by-reference','2022-03-30 02:26:09','2022-03-23 02:26:09'),(16,16,NULL,2205.00,NULL,'','delivered',0.00,'completed','pending',0.00,0,'2022-03-22 19:26:09','2022-03-22 19:26:09','JJD0050465825','GHN','https://mydhl.express.dhl/us/en/tracking.html#/track-by-reference','2022-03-25 02:26:09','2022-03-23 02:26:09'),(17,17,NULL,2532.00,NULL,'','delivered',0.00,'completed','pending',0.00,0,'2022-03-22 19:26:09','2022-03-22 19:26:09','JJD0017856285','DHL','https://mydhl.express.dhl/us/en/tracking.html#/track-by-reference','2022-03-29 02:26:09','2022-03-23 02:26:09'),(18,18,NULL,2040.00,NULL,'','delivered',0.00,'completed','pending',0.00,0,'2022-03-22 19:26:09','2022-03-22 19:26:09','JJD0062631333','FastShipping','https://mydhl.express.dhl/us/en/tracking.html#/track-by-reference','2022-03-27 02:26:09','2022-03-23 02:26:09'),(19,19,NULL,2205.00,NULL,'','delivered',0.00,'completed','pending',0.00,0,'2022-03-22 19:26:09','2022-03-22 19:26:09','JJD0095094164','AliExpress','https://mydhl.express.dhl/us/en/tracking.html#/track-by-reference','2022-03-27 02:26:09','2022-03-23 02:26:09'),(20,20,NULL,631.00,NULL,'','approved',0.00,'completed','pending',0.00,0,'2022-03-22 19:26:09','2022-03-22 19:26:09','JJD008654082','GHN','https://mydhl.express.dhl/us/en/tracking.html#/track-by-reference','2022-03-29 02:26:09',NULL),(21,21,NULL,680.00,NULL,'','approved',0.00,'completed','pending',0.00,0,'2022-03-22 19:26:09','2022-03-22 19:26:09','JJD0091931424','DHL','https://mydhl.express.dhl/us/en/tracking.html#/track-by-reference','2022-03-24 02:26:09',NULL),(22,22,NULL,1988.00,NULL,'','delivered',0.00,'completed','pending',0.00,0,'2022-03-22 19:26:09','2022-03-22 19:26:09','JJD0068592842','AliExpress','https://mydhl.express.dhl/us/en/tracking.html#/track-by-reference','2022-03-25 02:26:09','2022-03-23 02:26:09'),(23,23,NULL,1207.00,NULL,'','approved',0.00,'completed','pending',0.00,0,'2022-03-22 19:26:09','2022-03-22 19:26:09','JJD008872425','AliExpress','https://mydhl.express.dhl/us/en/tracking.html#/track-by-reference','2022-04-01 02:26:09',NULL),(24,24,NULL,2532.00,NULL,'','delivered',0.00,'completed','pending',0.00,0,'2022-03-22 19:26:09','2022-03-22 19:26:09','JJD0080124894','AliExpress','https://mydhl.express.dhl/us/en/tracking.html#/track-by-reference','2022-04-02 02:26:09','2022-03-23 02:26:09'),(25,25,NULL,1857.00,NULL,'','delivered',1596.50,'completed','pending',0.00,0,'2022-03-22 19:26:10','2022-03-22 19:26:10','JJD0092509387','AliExpress','https://mydhl.express.dhl/us/en/tracking.html#/track-by-reference','2022-04-01 02:26:10','2022-03-23 02:26:10'),(26,26,NULL,1863.00,NULL,'','approved',0.00,'completed','pending',0.00,0,'2022-03-22 19:26:10','2022-03-22 19:26:10','JJD0030506139','AliExpress','https://mydhl.express.dhl/us/en/tracking.html#/track-by-reference','2022-03-28 02:26:10',NULL),(27,27,NULL,1839.00,NULL,'','approved',0.00,'completed','pending',0.00,0,'2022-03-22 19:26:10','2022-03-22 19:26:10','JJD0096497437','FastShipping','https://mydhl.express.dhl/us/en/tracking.html#/track-by-reference','2022-03-27 02:26:10',NULL),(28,28,NULL,789.00,NULL,'','delivered',0.00,'completed','pending',0.00,0,'2022-03-22 19:26:10','2022-03-22 19:26:10','JJD0027148847','FastShipping','https://mydhl.express.dhl/us/en/tracking.html#/track-by-reference','2022-03-28 02:26:10','2022-03-23 02:26:10'),(29,29,NULL,680.00,NULL,'','delivered',0.00,'completed','pending',0.00,0,'2022-03-22 19:26:10','2022-03-22 19:26:10','JJD0090164065','GHN','https://mydhl.express.dhl/us/en/tracking.html#/track-by-reference','2022-03-30 02:26:10','2022-03-23 02:26:10'),(30,30,NULL,1968.00,NULL,'','approved',0.00,'completed','pending',0.00,0,'2022-03-22 19:26:10','2022-03-22 19:26:10','JJD0082721337','DHL','https://mydhl.express.dhl/us/en/tracking.html#/track-by-reference','2022-03-30 02:26:10',NULL),(31,31,NULL,846.00,NULL,'','approved',0.00,'completed','pending',0.00,0,'2022-03-22 19:26:10','2022-03-22 19:26:10','JJD0068293424','AliExpress','https://mydhl.express.dhl/us/en/tracking.html#/track-by-reference','2022-04-01 02:26:10',NULL),(32,32,NULL,844.00,NULL,'','approved',0.00,'completed','pending',0.00,0,'2022-03-22 19:26:10','2022-03-22 19:26:10','JJD0013580175','DHL','https://mydhl.express.dhl/us/en/tracking.html#/track-by-reference','2022-03-25 02:26:10',NULL),(33,33,NULL,2205.00,NULL,'','delivered',0.00,'completed','pending',0.00,0,'2022-03-22 19:26:10','2022-03-22 19:26:10','JJD0047241261','DHL','https://mydhl.express.dhl/us/en/tracking.html#/track-by-reference','2022-04-02 02:26:10','2022-03-23 02:26:10'),(34,34,NULL,1662.00,NULL,'','delivered',3816.10,'completed','pending',0.00,0,'2022-03-22 19:26:10','2022-03-22 19:26:10','JJD0064135261','GHN','https://mydhl.express.dhl/us/en/tracking.html#/track-by-reference','2022-03-29 02:26:10','2022-03-23 02:26:10'),(35,35,NULL,1242.00,NULL,'','approved',0.00,'completed','pending',0.00,0,'2022-03-22 19:26:10','2022-03-22 19:26:10','JJD0055300614','GHN','https://mydhl.express.dhl/us/en/tracking.html#/track-by-reference','2022-03-27 02:26:10',NULL),(36,36,NULL,1446.00,NULL,'','delivered',0.00,'completed','pending',0.00,0,'2022-03-22 19:26:10','2022-03-22 19:26:10','JJD0078307128','AliExpress','https://mydhl.express.dhl/us/en/tracking.html#/track-by-reference','2022-03-27 02:26:10','2022-03-23 02:26:10'),(37,37,NULL,1162.00,NULL,'','delivered',1404.90,'completed','pending',0.00,0,'2022-03-22 19:26:10','2022-03-22 19:26:10','JJD0073399511','GHN','https://mydhl.express.dhl/us/en/tracking.html#/track-by-reference','2022-03-31 02:26:10','2022-03-23 02:26:10'),(38,38,NULL,3240.00,NULL,'','approved',0.00,'completed','pending',0.00,0,'2022-03-22 19:26:10','2022-03-22 19:26:10','JJD009631211','GHN','https://mydhl.express.dhl/us/en/tracking.html#/track-by-reference','2022-04-02 02:26:10',NULL),(39,39,NULL,1664.00,NULL,'','delivered',0.00,'completed','pending',0.00,0,'2022-03-22 19:26:10','2022-03-22 19:26:10','JJD0039132684','AliExpress','https://mydhl.express.dhl/us/en/tracking.html#/track-by-reference','2022-03-25 02:26:10','2022-03-23 02:26:10'),(40,40,NULL,2921.00,NULL,'','delivered',0.00,'completed','pending',0.00,0,'2022-03-22 19:26:10','2022-03-22 19:26:10','JJD0017682491','DHL','https://mydhl.express.dhl/us/en/tracking.html#/track-by-reference','2022-03-25 02:26:10','2022-03-23 02:26:10'),(41,41,NULL,832.00,NULL,'','approved',0.00,'completed','pending',0.00,0,'2022-03-22 19:26:10','2022-03-22 19:26:10','JJD0073149597','GHN','https://mydhl.express.dhl/us/en/tracking.html#/track-by-reference','2022-03-30 02:26:10',NULL),(42,42,NULL,2205.00,NULL,'','approved',0.00,'completed','pending',0.00,0,'2022-03-22 19:26:10','2022-03-22 19:26:10','JJD0056787634','FastShipping','https://mydhl.express.dhl/us/en/tracking.html#/track-by-reference','2022-03-28 02:26:10',NULL),(43,43,NULL,572.00,NULL,'','delivered',0.00,'completed','pending',0.00,0,'2022-03-22 19:26:10','2022-03-22 19:26:10','JJD0062609343','AliExpress','https://mydhl.express.dhl/us/en/tracking.html#/track-by-reference','2022-04-02 02:26:10','2022-03-23 02:26:10'),(44,44,NULL,1470.00,NULL,'','delivered',0.00,'completed','pending',0.00,0,'2022-03-22 19:26:10','2022-03-22 19:26:10','JJD0054182658','DHL','https://mydhl.express.dhl/us/en/tracking.html#/track-by-reference','2022-03-26 02:26:10','2022-03-23 02:26:10'),(45,45,NULL,1162.00,NULL,'','approved',0.00,'completed','pending',0.00,0,'2022-03-22 19:26:10','2022-03-22 19:26:10','JJD0094956793','AliExpress','https://mydhl.express.dhl/us/en/tracking.html#/track-by-reference','2022-03-27 02:26:10',NULL),(46,46,NULL,1488.00,NULL,'','approved',0.00,'completed','pending',0.00,0,'2022-03-22 19:26:10','2022-03-22 19:26:10','JJD0040058710','FastShipping','https://mydhl.express.dhl/us/en/tracking.html#/track-by-reference','2022-03-29 02:26:10',NULL),(47,47,NULL,1108.00,NULL,'','approved',0.00,'completed','pending',0.00,0,'2022-03-22 19:26:10','2022-03-22 19:26:10','JJD0067186391','AliExpress','https://mydhl.express.dhl/us/en/tracking.html#/track-by-reference','2022-03-25 02:26:10',NULL),(48,48,NULL,2496.00,NULL,'','approved',0.00,'completed','pending',0.00,0,'2022-03-22 19:26:10','2022-03-22 19:26:10','JJD0097984658','DHL','https://mydhl.express.dhl/us/en/tracking.html#/track-by-reference','2022-03-24 02:26:10',NULL),(49,49,NULL,2055.00,NULL,'','delivered',0.00,'completed','pending',0.00,0,'2022-03-22 19:26:10','2022-03-22 19:26:10','JJD0094865942','DHL','https://mydhl.express.dhl/us/en/tracking.html#/track-by-reference','2022-04-02 02:26:10','2022-03-23 02:26:10'),(50,50,NULL,832.00,NULL,'','approved',0.00,'completed','pending',0.00,0,'2022-03-22 19:26:10','2022-03-22 19:26:10','JJD0024599159','FastShipping','https://mydhl.express.dhl/us/en/tracking.html#/track-by-reference','2022-03-24 02:26:10',NULL),(51,51,NULL,581.00,NULL,'','delivered',0.00,'completed','pending',0.00,0,'2022-03-22 19:26:10','2022-03-22 19:26:10','JJD0058333382','GHN','https://mydhl.express.dhl/us/en/tracking.html#/track-by-reference','2022-04-01 02:26:10','2022-03-23 02:26:10');
/*!40000 ALTER TABLE `ec_shipments` ENABLE KEYS */;
UNLOCK TABLES;

--
-- Table structure for table `ec_shipping`
--

DROP TABLE IF EXISTS `ec_shipping`;
/*!40101 SET @saved_cs_client     = @@character_set_client */;
/*!40101 SET character_set_client = utf8 */;
CREATE TABLE `ec_shipping` (
  `id` bigint(20) unsigned NOT NULL AUTO_INCREMENT,
  `title` varchar(191) COLLATE utf8mb4_unicode_ci DEFAULT NULL,
  `country` varchar(120) COLLATE utf8mb4_unicode_ci DEFAULT NULL,
  `created_at` timestamp NULL DEFAULT NULL,
  `updated_at` timestamp NULL DEFAULT NULL,
  PRIMARY KEY (`id`)
) ENGINE=InnoDB AUTO_INCREMENT=2 DEFAULT CHARSET=utf8mb4 COLLATE=utf8mb4_unicode_ci;
/*!40101 SET character_set_client = @saved_cs_client */;

--
-- Dumping data for table `ec_shipping`
--

LOCK TABLES `ec_shipping` WRITE;
/*!40000 ALTER TABLE `ec_shipping` DISABLE KEYS */;
INSERT INTO `ec_shipping` VALUES (1,'All',NULL,'2022-01-03 21:24:00','2022-01-03 21:24:00');
/*!40000 ALTER TABLE `ec_shipping` ENABLE KEYS */;
UNLOCK TABLES;

--
-- Table structure for table `ec_shipping_rule_items`
--

DROP TABLE IF EXISTS `ec_shipping_rule_items`;
/*!40101 SET @saved_cs_client     = @@character_set_client */;
/*!40101 SET character_set_client = utf8 */;
CREATE TABLE `ec_shipping_rule_items` (
  `id` bigint(20) unsigned NOT NULL AUTO_INCREMENT,
  `shipping_rule_id` int(10) unsigned NOT NULL,
  `country` varchar(120) COLLATE utf8mb4_unicode_ci DEFAULT NULL,
  `state` varchar(120) COLLATE utf8mb4_unicode_ci DEFAULT NULL,
  `city` varchar(120) COLLATE utf8mb4_unicode_ci DEFAULT NULL,
  `adjustment_price` decimal(15,2) DEFAULT 0.00,
  `is_enabled` tinyint(1) NOT NULL DEFAULT 1,
  `created_at` timestamp NULL DEFAULT NULL,
  `updated_at` timestamp NULL DEFAULT NULL,
  PRIMARY KEY (`id`)
) ENGINE=InnoDB DEFAULT CHARSET=utf8mb4 COLLATE=utf8mb4_unicode_ci;
/*!40101 SET character_set_client = @saved_cs_client */;

--
-- Dumping data for table `ec_shipping_rule_items`
--

LOCK TABLES `ec_shipping_rule_items` WRITE;
/*!40000 ALTER TABLE `ec_shipping_rule_items` DISABLE KEYS */;
/*!40000 ALTER TABLE `ec_shipping_rule_items` ENABLE KEYS */;
UNLOCK TABLES;

--
-- Table structure for table `ec_shipping_rules`
--

DROP TABLE IF EXISTS `ec_shipping_rules`;
/*!40101 SET @saved_cs_client     = @@character_set_client */;
/*!40101 SET character_set_client = utf8 */;
CREATE TABLE `ec_shipping_rules` (
  `id` bigint(20) unsigned NOT NULL AUTO_INCREMENT,
  `name` varchar(120) COLLATE utf8mb4_unicode_ci NOT NULL,
  `shipping_id` int(10) unsigned NOT NULL,
  `type` enum('base_on_price','base_on_weight') COLLATE utf8mb4_unicode_ci DEFAULT 'base_on_price',
  `from` decimal(15,2) DEFAULT 0.00,
  `to` decimal(15,2) DEFAULT 0.00,
  `price` decimal(15,2) DEFAULT 0.00,
  `created_at` timestamp NULL DEFAULT NULL,
  `updated_at` timestamp NULL DEFAULT NULL,
  PRIMARY KEY (`id`)
) ENGINE=InnoDB AUTO_INCREMENT=2 DEFAULT CHARSET=utf8mb4 COLLATE=utf8mb4_unicode_ci;
/*!40101 SET character_set_client = @saved_cs_client */;

--
-- Dumping data for table `ec_shipping_rules`
--

LOCK TABLES `ec_shipping_rules` WRITE;
/*!40000 ALTER TABLE `ec_shipping_rules` DISABLE KEYS */;
INSERT INTO `ec_shipping_rules` VALUES (1,'Delivery',1,'base_on_price',0.00,NULL,0.00,'2022-01-03 21:24:00','2022-01-03 21:24:00');
/*!40000 ALTER TABLE `ec_shipping_rules` ENABLE KEYS */;
UNLOCK TABLES;

--
-- Table structure for table `ec_store_locators`
--

DROP TABLE IF EXISTS `ec_store_locators`;
/*!40101 SET @saved_cs_client     = @@character_set_client */;
/*!40101 SET character_set_client = utf8 */;
CREATE TABLE `ec_store_locators` (
  `id` bigint(20) unsigned NOT NULL AUTO_INCREMENT,
  `name` varchar(60) COLLATE utf8mb4_unicode_ci NOT NULL,
  `email` varchar(60) COLLATE utf8mb4_unicode_ci DEFAULT NULL,
  `phone` varchar(20) COLLATE utf8mb4_unicode_ci NOT NULL,
  `address` varchar(255) COLLATE utf8mb4_unicode_ci NOT NULL,
  `country` varchar(120) COLLATE utf8mb4_unicode_ci DEFAULT NULL,
  `state` varchar(120) COLLATE utf8mb4_unicode_ci DEFAULT NULL,
  `city` varchar(120) COLLATE utf8mb4_unicode_ci DEFAULT NULL,
  `is_primary` tinyint(1) DEFAULT 0,
  `is_shipping_location` tinyint(1) DEFAULT 1,
  `created_at` timestamp NULL DEFAULT NULL,
  `updated_at` timestamp NULL DEFAULT NULL,
  PRIMARY KEY (`id`)
) ENGINE=InnoDB AUTO_INCREMENT=2 DEFAULT CHARSET=utf8mb4 COLLATE=utf8mb4_unicode_ci;
/*!40101 SET character_set_client = @saved_cs_client */;

--
-- Dumping data for table `ec_store_locators`
--

LOCK TABLES `ec_store_locators` WRITE;
/*!40000 ALTER TABLE `ec_store_locators` DISABLE KEYS */;
INSERT INTO `ec_store_locators` VALUES (1,'Martfury','sales@botble.com','1800979769','502 New Street','AU','Brighton VIC','Brighton VIC',1,1,'2022-01-03 21:24:07','2022-01-03 21:24:07');
/*!40000 ALTER TABLE `ec_store_locators` ENABLE KEYS */;
UNLOCK TABLES;

--
-- Table structure for table `ec_taxes`
--

DROP TABLE IF EXISTS `ec_taxes`;
/*!40101 SET @saved_cs_client     = @@character_set_client */;
/*!40101 SET character_set_client = utf8 */;
CREATE TABLE `ec_taxes` (
  `id` bigint(20) unsigned NOT NULL AUTO_INCREMENT,
  `title` varchar(191) COLLATE utf8mb4_unicode_ci DEFAULT NULL,
  `percentage` double(8,6) DEFAULT NULL,
  `priority` int(11) DEFAULT NULL,
  `status` varchar(60) COLLATE utf8mb4_unicode_ci NOT NULL DEFAULT 'published',
  `created_at` timestamp NULL DEFAULT NULL,
  `updated_at` timestamp NULL DEFAULT NULL,
  PRIMARY KEY (`id`)
) ENGINE=InnoDB AUTO_INCREMENT=3 DEFAULT CHARSET=utf8mb4 COLLATE=utf8mb4_unicode_ci;
/*!40101 SET character_set_client = @saved_cs_client */;

--
-- Dumping data for table `ec_taxes`
--

LOCK TABLES `ec_taxes` WRITE;
/*!40000 ALTER TABLE `ec_taxes` DISABLE KEYS */;
INSERT INTO `ec_taxes` VALUES (1,'VAT',10.000000,1,'published','2022-01-03 21:24:00','2022-01-03 21:24:00'),(2,'None',0.000000,2,'published','2022-01-03 21:24:00','2022-01-03 21:24:00');
/*!40000 ALTER TABLE `ec_taxes` ENABLE KEYS */;
UNLOCK TABLES;

--
-- Table structure for table `ec_wish_lists`
--

DROP TABLE IF EXISTS `ec_wish_lists`;
/*!40101 SET @saved_cs_client     = @@character_set_client */;
/*!40101 SET character_set_client = utf8 */;
CREATE TABLE `ec_wish_lists` (
  `id` bigint(20) unsigned NOT NULL AUTO_INCREMENT,
  `customer_id` int(10) unsigned NOT NULL,
  `product_id` int(10) unsigned NOT NULL,
  `created_at` timestamp NULL DEFAULT NULL,
  `updated_at` timestamp NULL DEFAULT NULL,
  PRIMARY KEY (`id`)
) ENGINE=InnoDB DEFAULT CHARSET=utf8mb4 COLLATE=utf8mb4_unicode_ci;
/*!40101 SET character_set_client = @saved_cs_client */;

--
-- Dumping data for table `ec_wish_lists`
--

LOCK TABLES `ec_wish_lists` WRITE;
/*!40000 ALTER TABLE `ec_wish_lists` DISABLE KEYS */;
/*!40000 ALTER TABLE `ec_wish_lists` ENABLE KEYS */;
UNLOCK TABLES;

--
-- Table structure for table `failed_jobs`
--

DROP TABLE IF EXISTS `failed_jobs`;
/*!40101 SET @saved_cs_client     = @@character_set_client */;
/*!40101 SET character_set_client = utf8 */;
CREATE TABLE `failed_jobs` (
  `id` bigint(20) unsigned NOT NULL AUTO_INCREMENT,
  `uuid` varchar(191) COLLATE utf8mb4_unicode_ci NOT NULL,
  `connection` text COLLATE utf8mb4_unicode_ci NOT NULL,
  `queue` text COLLATE utf8mb4_unicode_ci NOT NULL,
  `payload` longtext COLLATE utf8mb4_unicode_ci NOT NULL,
  `exception` longtext COLLATE utf8mb4_unicode_ci NOT NULL,
  `failed_at` timestamp NOT NULL DEFAULT current_timestamp(),
  PRIMARY KEY (`id`),
  UNIQUE KEY `failed_jobs_uuid_unique` (`uuid`)
) ENGINE=InnoDB DEFAULT CHARSET=utf8mb4 COLLATE=utf8mb4_unicode_ci;
/*!40101 SET character_set_client = @saved_cs_client */;

--
-- Dumping data for table `failed_jobs`
--

LOCK TABLES `failed_jobs` WRITE;
/*!40000 ALTER TABLE `failed_jobs` DISABLE KEYS */;
/*!40000 ALTER TABLE `failed_jobs` ENABLE KEYS */;
UNLOCK TABLES;

--
-- Table structure for table `faq_categories`
--

DROP TABLE IF EXISTS `faq_categories`;
/*!40101 SET @saved_cs_client     = @@character_set_client */;
/*!40101 SET character_set_client = utf8 */;
CREATE TABLE `faq_categories` (
  `id` bigint(20) unsigned NOT NULL AUTO_INCREMENT,
  `name` varchar(120) COLLATE utf8mb4_unicode_ci NOT NULL,
  `order` tinyint(4) NOT NULL DEFAULT 0,
  `status` varchar(60) COLLATE utf8mb4_unicode_ci NOT NULL DEFAULT 'published',
  `created_at` timestamp NULL DEFAULT NULL,
  `updated_at` timestamp NULL DEFAULT NULL,
  PRIMARY KEY (`id`)
) ENGINE=InnoDB AUTO_INCREMENT=4 DEFAULT CHARSET=utf8mb4 COLLATE=utf8mb4_unicode_ci;
/*!40101 SET character_set_client = @saved_cs_client */;

--
-- Dumping data for table `faq_categories`
--

LOCK TABLES `faq_categories` WRITE;
/*!40000 ALTER TABLE `faq_categories` DISABLE KEYS */;
INSERT INTO `faq_categories` VALUES (1,'SHIPPING',0,'published','2022-01-03 21:24:07','2022-01-03 21:24:07'),(2,'PAYMENT',1,'published','2022-01-03 21:24:07','2022-01-03 21:24:07'),(3,'ORDER & RETURNS',2,'published','2022-01-03 21:24:07','2022-01-03 21:24:07');
/*!40000 ALTER TABLE `faq_categories` ENABLE KEYS */;
UNLOCK TABLES;

--
-- Table structure for table `faq_categories_translations`
--

DROP TABLE IF EXISTS `faq_categories_translations`;
/*!40101 SET @saved_cs_client     = @@character_set_client */;
/*!40101 SET character_set_client = utf8 */;
CREATE TABLE `faq_categories_translations` (
  `lang_code` varchar(191) COLLATE utf8mb4_unicode_ci NOT NULL,
  `faq_categories_id` int(11) NOT NULL,
  `name` varchar(120) COLLATE utf8mb4_unicode_ci DEFAULT NULL,
  PRIMARY KEY (`lang_code`,`faq_categories_id`)
) ENGINE=InnoDB DEFAULT CHARSET=utf8mb4 COLLATE=utf8mb4_unicode_ci;
/*!40101 SET character_set_client = @saved_cs_client */;

--
-- Dumping data for table `faq_categories_translations`
--

LOCK TABLES `faq_categories_translations` WRITE;
/*!40000 ALTER TABLE `faq_categories_translations` DISABLE KEYS */;
INSERT INTO `faq_categories_translations` VALUES ('vi',1,'VẬN CHUYỂN'),('vi',2,'THANH TOÁN'),('vi',3,'ĐƠN HÀNG & HOÀN TRẢ');
/*!40000 ALTER TABLE `faq_categories_translations` ENABLE KEYS */;
UNLOCK TABLES;

--
-- Table structure for table `faqs`
--

DROP TABLE IF EXISTS `faqs`;
/*!40101 SET @saved_cs_client     = @@character_set_client */;
/*!40101 SET character_set_client = utf8 */;
CREATE TABLE `faqs` (
  `id` bigint(20) unsigned NOT NULL AUTO_INCREMENT,
  `question` text COLLATE utf8mb4_unicode_ci NOT NULL,
  `answer` text COLLATE utf8mb4_unicode_ci NOT NULL,
  `category_id` int(10) unsigned NOT NULL,
  `status` varchar(60) COLLATE utf8mb4_unicode_ci NOT NULL DEFAULT 'published',
  `created_at` timestamp NULL DEFAULT NULL,
  `updated_at` timestamp NULL DEFAULT NULL,
  PRIMARY KEY (`id`)
) ENGINE=InnoDB AUTO_INCREMENT=11 DEFAULT CHARSET=utf8mb4 COLLATE=utf8mb4_unicode_ci;
/*!40101 SET character_set_client = @saved_cs_client */;

--
-- Dumping data for table `faqs`
--

LOCK TABLES `faqs` WRITE;
/*!40000 ALTER TABLE `faqs` DISABLE KEYS */;
INSERT INTO `faqs` VALUES (1,'What Shipping Methods Are Available?','Ex Portland Pitchfork irure mustache. Eutra fap before they sold out literally. Aliquip ugh bicycle rights actually mlkshk, seitan squid craft beer tempor.',1,'published','2022-01-03 21:24:07','2022-01-03 21:24:07'),(2,'Do You Ship Internationally?','Hoodie tote bag mixtape tofu. Typewriter jean shorts wolf quinoa, messenger bag organic freegan cray.',1,'published','2022-01-03 21:24:07','2022-01-03 21:24:07'),(3,'How Long Will It Take To Get My Package?','Swag slow-carb quinoa VHS typewriter pork belly brunch, paleo single-origin coffee Wes Anderson. Flexitarian Pitchfork forage, literally paleo fap pour-over. Wes Anderson Pinterest YOLO fanny pack meggings, deep v XOXO chambray sustainable slow-carb raw denim church-key fap chillwave Etsy. +1 typewriter kitsch, American Apparel tofu Banksy Vice.',1,'published','2022-01-03 21:24:07','2022-01-03 21:24:07'),(4,'What Payment Methods Are Accepted?','Fashion axe DIY jean shorts, swag kale chips meh polaroid kogi butcher Wes Anderson chambray next level semiotics gentrify yr. Voluptate photo booth fugiat Vice. Austin sed Williamsburg, ea labore raw denim voluptate cred proident mixtape excepteur mustache. Twee chia photo booth readymade food truck, hoodie roof party swag keytar PBR DIY.',2,'published','2022-01-03 21:24:07','2022-01-03 21:24:07'),(5,'Is Buying On-Line Safe?','Art party authentic freegan semiotics jean shorts chia cred. Neutra Austin roof party Brooklyn, synth Thundercats swag 8-bit photo booth. Plaid letterpress leggings craft beer meh ethical Pinterest.',2,'published','2022-01-03 21:24:07','2022-01-03 21:24:07'),(6,'How do I place an Order?','Keytar cray slow-carb, Godard banh mi salvia pour-over. Slow-carb Odd Future seitan normcore. Master cleanse American Apparel gentrify flexitarian beard slow-carb next level. Raw denim polaroid paleo farm-to-table, put a bird on it lo-fi tattooed Wes Anderson Pinterest letterpress. Fingerstache McSweeney’s pour-over, letterpress Schlitz photo booth master cleanse bespoke hashtag chillwave gentrify.',3,'published','2022-01-03 21:24:07','2022-01-03 21:24:07'),(7,'How Can I Cancel Or Change My Order?','Plaid letterpress leggings craft beer meh ethical Pinterest. Art party authentic freegan semiotics jean shorts chia cred. Neutra Austin roof party Brooklyn, synth Thundercats swag 8-bit photo booth.',3,'published','2022-01-03 21:24:07','2022-01-03 21:24:07'),(8,'Do I need an account to place an order?','Thundercats swag 8-bit photo booth. Plaid letterpress leggings craft beer meh ethical Pinterest. Twee chia photo booth readymade food truck, hoodie roof party swag keytar PBR DIY. Cray ugh 3 wolf moon fap, fashion axe irony butcher cornhole typewriter chambray VHS banjo street art.',3,'published','2022-01-03 21:24:07','2022-01-03 21:24:07'),(9,'How Do I Track My Order?','Keytar cray slow-carb, Godard banh mi salvia pour-over. Slow-carb @Odd Future seitan normcore. Master cleanse American Apparel gentrify flexitarian beard slow-carb next level.',3,'published','2022-01-03 21:24:07','2022-01-03 21:24:07'),(10,'How Can I Return a Product?','Kale chips Truffaut Williamsburg, hashtag fixie Pinterest raw denim c hambray drinking vinegar Carles street art Bushwick gastropub. Wolf Tumblr paleo church-key. Plaid food truck Echo Park YOLO bitters hella, direct trade Thundercats leggings quinoa before they sold out. You probably haven’t heard of them wayfarers authentic umami drinking vinegar Pinterest Cosby sweater, fingerstache fap High Life.',3,'published','2022-01-03 21:24:07','2022-01-03 21:24:07');
/*!40000 ALTER TABLE `faqs` ENABLE KEYS */;
UNLOCK TABLES;

--
-- Table structure for table `faqs_translations`
--

DROP TABLE IF EXISTS `faqs_translations`;
/*!40101 SET @saved_cs_client     = @@character_set_client */;
/*!40101 SET character_set_client = utf8 */;
CREATE TABLE `faqs_translations` (
  `lang_code` varchar(191) COLLATE utf8mb4_unicode_ci NOT NULL,
  `faqs_id` int(11) NOT NULL,
  `question` text COLLATE utf8mb4_unicode_ci DEFAULT NULL,
  `answer` text COLLATE utf8mb4_unicode_ci DEFAULT NULL,
  PRIMARY KEY (`lang_code`,`faqs_id`)
) ENGINE=InnoDB DEFAULT CHARSET=utf8mb4 COLLATE=utf8mb4_unicode_ci;
/*!40101 SET character_set_client = @saved_cs_client */;

--
-- Dumping data for table `faqs_translations`
--

LOCK TABLES `faqs_translations` WRITE;
/*!40000 ALTER TABLE `faqs_translations` DISABLE KEYS */;
INSERT INTO `faqs_translations` VALUES ('vi',1,'Có những phương thức vận chuyển nào?','Ex Portland Pitchfork irure ria mép. Eutra fap trước khi họ bán hết theo đúng nghĩa đen. Aliquip ugh quyền xe đạp thực sự mlkshk, rượu bia thủ công mực seitan. '),('vi',2,'Bạn có giao hàng quốc tế không?','Áo hoodie túi tote Tofu mixtape. Quần đùi jean đánh chữ Wolf quinoa, túi messenger hữu cơ freegan cray. '),('vi',3,'Mất bao lâu để nhận được gói hàng của tôi?','Bữa nửa buổi ăn sáng bằng bụng heo quay từ máy đánh chữ VHS, cà phê có nguồn gốc đơn Paleo, Wes Anderson. Khoan Pitchfork linh hoạt, theo nghĩa đen là đổ qua fap theo nghĩa đen. Wes Anderson Pinterest YOLO fanny pack meggings, deep v XOXO chambray bền vững slow-carb raw denim Church-key fap chillwave Etsy. +1 bộ dụng cụ đánh máy, đậu phụ Banksy Vice của American Apparel. '),('vi',4,'Phương thức thanh toán nào được chấp nhận?','Fashion Axe DIY jean shorts, swag kale chips meh polaroid kogi butcher Wes Anderson chambray next level semiotics gentrify yr. Quầy ảnh Voluptate fugiat Vice. Austin sed Williamsburg, ea labore raw denim voluptate cred proident mixtape excepteur ria mép. Twee chia gian hàng chụp ảnh xe bán đồ ăn sẵn, bữa tiệc trên mái áo hoodie swag keytar PBR DIY. '),('vi',5,'Mua trực tuyến có an toàn không?','Bữa tiệc nghệ thuật đích thực freegan semiotics jean shorts chia credit. Tiệc trên mái nhà Neutra Austin Brooklyn, Thundercats swag synth gian hàng ảnh 8-bit. Xà cạp letterpress kẻ sọc thủ công bia meh đạo đức Pinterest. '),('vi',6,'Làm cách nào để đặt hàng?','Keytar cray slow-carb, Godard banh mi salvia pour-over. Slow-carb Odd Định mức seitan trong tương lai. Master làm sạch American Apparel nhẹ nhàng làm sạch râu linh hoạt chậm carb cấp độ tiếp theo. Vải thô denim polaroid nhạt từ trang trại đến bàn, đặt một con chim trên đó hình xăm lo-fi Wes Anderson Pinterest letterpress. Bậc thầy gian hàng ảnh Schlitz của Fingerstache McSweeney đang làm sạch thẻ bắt đầu bằng hashtag theo yêu cầu riêng, chillwave gentrify. '),('vi',7,'Làm cách nào để tôi có thể hủy hoặc thay đổi đơn hàng của mình?','Xà cạp letterpress kẻ sọc thủ công bia meh đạo đức Pinterest. Bữa tiệc nghệ thuật đích thực freegan semiotics jean shorts chia tín. Tiệc trên mái nhà Neutra Austin ở Brooklyn, synth Thundercats có gian hàng ảnh 8-bit. '),('vi',8,'Tôi có cần tài khoản để đặt hàng không?','Thundercats làm lung lay gian hàng ảnh 8-bit. Xà cạp letterpress kẻ sọc thủ công bia meh đạo đức Pinterest. Twee chia ảnh gian hàng xe bán thức ăn làm sẵn, bữa tiệc trên mái áo hoodie swag keytar PBR DIY. Cray ugh 3 wolf moon fap, rìu thời trang mỉa mai người bán thịt máy đánh chữ chambray VHS banjo nghệ thuật đường phố. '),('vi',9,'Làm cách nào để theo dõi đơn hàng của tôi?','Keytar cray slow-carb, Godard banh mi salvia pour-over. Slow-carb @Odd Định mức seitan trong tương lai. Bậc thầy làm sạch American Apparel nhẹ nhàng làm sạch râu linh hoạt theo kiểu chậm carb cấp độ tiếp theo. '),('vi',10,'Làm cách nào để trả lại sản phẩm?','Kale chips Truffaut Williamsburg, fixie hashtag Pinterest raw denim c hambray uống giấm Carles street art Bushwick gastropub. Chìa khóa nhà thờ Wolf Tumblr. Xe tải thực phẩm kẻ sọc Echo Park YOLO cắn hella, giao dịch trực tiếp Thundercats legging quinoa trước khi bán hết. Có thể bạn chưa từng nghe nói về họ những người truyền bá vị umami đích thực uống giấm Pinterest Áo len Cosby, fingerstache fap High Life. ');
/*!40000 ALTER TABLE `faqs_translations` ENABLE KEYS */;
UNLOCK TABLES;

--
-- Table structure for table `jobs`
--

DROP TABLE IF EXISTS `jobs`;
/*!40101 SET @saved_cs_client     = @@character_set_client */;
/*!40101 SET character_set_client = utf8 */;
CREATE TABLE `jobs` (
  `id` bigint(20) unsigned NOT NULL AUTO_INCREMENT,
  `queue` varchar(191) COLLATE utf8mb4_unicode_ci NOT NULL,
  `payload` longtext COLLATE utf8mb4_unicode_ci NOT NULL,
  `attempts` tinyint(3) unsigned NOT NULL,
  `reserved_at` int(10) unsigned DEFAULT NULL,
  `available_at` int(10) unsigned NOT NULL,
  `created_at` int(10) unsigned NOT NULL,
  PRIMARY KEY (`id`),
  KEY `jobs_queue_index` (`queue`)
) ENGINE=InnoDB DEFAULT CHARSET=utf8mb4 COLLATE=utf8mb4_unicode_ci;
/*!40101 SET character_set_client = @saved_cs_client */;

--
-- Dumping data for table `jobs`
--

LOCK TABLES `jobs` WRITE;
/*!40000 ALTER TABLE `jobs` DISABLE KEYS */;
/*!40000 ALTER TABLE `jobs` ENABLE KEYS */;
UNLOCK TABLES;

--
-- Table structure for table `language_meta`
--

DROP TABLE IF EXISTS `language_meta`;
/*!40101 SET @saved_cs_client     = @@character_set_client */;
/*!40101 SET character_set_client = utf8 */;
CREATE TABLE `language_meta` (
  `lang_meta_id` int(10) unsigned NOT NULL AUTO_INCREMENT,
  `lang_meta_code` text COLLATE utf8mb4_unicode_ci DEFAULT NULL,
  `lang_meta_origin` varchar(255) COLLATE utf8mb4_unicode_ci NOT NULL,
  `reference_id` int(10) unsigned NOT NULL,
  `reference_type` varchar(120) COLLATE utf8mb4_unicode_ci NOT NULL,
  PRIMARY KEY (`lang_meta_id`),
  KEY `language_meta_reference_id_index` (`reference_id`)
) ENGINE=InnoDB AUTO_INCREMENT=13 DEFAULT CHARSET=utf8mb4 COLLATE=utf8mb4_unicode_ci;
/*!40101 SET character_set_client = @saved_cs_client */;

--
-- Dumping data for table `language_meta`
--

LOCK TABLES `language_meta` WRITE;
/*!40000 ALTER TABLE `language_meta` DISABLE KEYS */;
INSERT INTO `language_meta` VALUES (1,'en_US','1c694a31fc827cbeef4fefcbbe08f346',1,'Botble\\SimpleSlider\\Models\\SimpleSlider'),(2,'vi','1c694a31fc827cbeef4fefcbbe08f346',2,'Botble\\SimpleSlider\\Models\\SimpleSlider'),(3,'en_US','37fbe574a3a92e1a34fb31605b9def4d',1,'Botble\\Menu\\Models\\MenuLocation'),(4,'en_US','7e5f46acaa2f8e759afcf90dc46a9ef0',1,'Botble\\Menu\\Models\\Menu'),(5,'en_US','546ecbd6a346fcfad06c06a146c63d46',2,'Botble\\Menu\\Models\\Menu'),(6,'en_US','5533537381cc38366945557d3b3f2a00',3,'Botble\\Menu\\Models\\Menu'),(7,'en_US','1358c964db22ec7d9a8ad461583a592b',4,'Botble\\Menu\\Models\\Menu'),(8,'vi','13abbfa8b6275e9f9d9d943fcd58bd35',2,'Botble\\Menu\\Models\\MenuLocation'),(9,'vi','7e5f46acaa2f8e759afcf90dc46a9ef0',5,'Botble\\Menu\\Models\\Menu'),(10,'vi','546ecbd6a346fcfad06c06a146c63d46',6,'Botble\\Menu\\Models\\Menu'),(11,'vi','5533537381cc38366945557d3b3f2a00',7,'Botble\\Menu\\Models\\Menu'),(12,'vi','1358c964db22ec7d9a8ad461583a592b',8,'Botble\\Menu\\Models\\Menu');
/*!40000 ALTER TABLE `language_meta` ENABLE KEYS */;
UNLOCK TABLES;

--
-- Table structure for table `language_meta_backup`
--

DROP TABLE IF EXISTS `language_meta_backup`;
/*!40101 SET @saved_cs_client     = @@character_set_client */;
/*!40101 SET character_set_client = utf8 */;
CREATE TABLE `language_meta_backup` (
  `lang_meta_id` int(10) unsigned NOT NULL AUTO_INCREMENT,
  `lang_meta_code` text COLLATE utf8mb4_unicode_ci DEFAULT NULL,
  `lang_meta_origin` varchar(255) COLLATE utf8mb4_unicode_ci NOT NULL,
  `reference_id` int(10) unsigned NOT NULL,
  `reference_type` varchar(120) COLLATE utf8mb4_unicode_ci NOT NULL,
  PRIMARY KEY (`lang_meta_id`),
  KEY `language_meta_reference_id_index` (`reference_id`)
) ENGINE=InnoDB DEFAULT CHARSET=utf8mb4 COLLATE=utf8mb4_unicode_ci;
/*!40101 SET character_set_client = @saved_cs_client */;

--
-- Dumping data for table `language_meta_backup`
--

LOCK TABLES `language_meta_backup` WRITE;
/*!40000 ALTER TABLE `language_meta_backup` DISABLE KEYS */;
/*!40000 ALTER TABLE `language_meta_backup` ENABLE KEYS */;
UNLOCK TABLES;

--
-- Table structure for table `languages`
--

DROP TABLE IF EXISTS `languages`;
/*!40101 SET @saved_cs_client     = @@character_set_client */;
/*!40101 SET character_set_client = utf8 */;
CREATE TABLE `languages` (
  `lang_id` int(10) unsigned NOT NULL AUTO_INCREMENT,
  `lang_name` varchar(120) COLLATE utf8mb4_unicode_ci NOT NULL,
  `lang_locale` varchar(20) COLLATE utf8mb4_unicode_ci NOT NULL,
  `lang_code` varchar(20) COLLATE utf8mb4_unicode_ci NOT NULL,
  `lang_flag` varchar(20) COLLATE utf8mb4_unicode_ci DEFAULT NULL,
  `lang_is_default` tinyint(3) unsigned NOT NULL DEFAULT 0,
  `lang_order` int(11) NOT NULL DEFAULT 0,
  `lang_is_rtl` tinyint(3) unsigned NOT NULL DEFAULT 0,
  PRIMARY KEY (`lang_id`)
) ENGINE=InnoDB AUTO_INCREMENT=3 DEFAULT CHARSET=utf8mb4 COLLATE=utf8mb4_unicode_ci;
/*!40101 SET character_set_client = @saved_cs_client */;

--
-- Dumping data for table `languages`
--

LOCK TABLES `languages` WRITE;
/*!40000 ALTER TABLE `languages` DISABLE KEYS */;
INSERT INTO `languages` VALUES (1,'English','en','en_US','us',1,0,0),(2,'Tiếng Việt','vi','vi','vn',0,0,0);
/*!40000 ALTER TABLE `languages` ENABLE KEYS */;
UNLOCK TABLES;

--
-- Table structure for table `media_files`
--

DROP TABLE IF EXISTS `media_files`;
/*!40101 SET @saved_cs_client     = @@character_set_client */;
/*!40101 SET character_set_client = utf8 */;
CREATE TABLE `media_files` (
  `id` bigint(20) unsigned NOT NULL AUTO_INCREMENT,
  `user_id` int(10) unsigned NOT NULL,
  `name` varchar(255) COLLATE utf8mb4_unicode_ci NOT NULL,
  `folder_id` int(10) unsigned NOT NULL DEFAULT 0,
  `mime_type` varchar(120) COLLATE utf8mb4_unicode_ci NOT NULL,
  `size` int(11) NOT NULL,
  `url` varchar(255) COLLATE utf8mb4_unicode_ci NOT NULL,
  `options` text COLLATE utf8mb4_unicode_ci DEFAULT NULL,
  `created_at` timestamp NULL DEFAULT NULL,
  `updated_at` timestamp NULL DEFAULT NULL,
  `deleted_at` timestamp NULL DEFAULT NULL,
  PRIMARY KEY (`id`),
  KEY `media_files_user_id_index` (`user_id`)
) ENGINE=InnoDB AUTO_INCREMENT=145 DEFAULT CHARSET=utf8mb4 COLLATE=utf8mb4_unicode_ci;
/*!40101 SET character_set_client = @saved_cs_client */;

--
-- Dumping data for table `media_files`
--

LOCK TABLES `media_files` WRITE;
/*!40000 ALTER TABLE `media_files` DISABLE KEYS */;
INSERT INTO `media_files` VALUES (1,0,'1',1,'image/jpeg',2200,'brands/1.jpg','[]','2022-01-03 21:23:41','2022-01-03 21:23:41',NULL),(2,0,'2',1,'image/jpeg',2685,'brands/2.jpg','[]','2022-01-03 21:23:41','2022-01-03 21:23:41',NULL),(3,0,'3',1,'image/jpeg',2311,'brands/3.jpg','[]','2022-01-03 21:23:41','2022-01-03 21:23:41',NULL),(4,0,'4',1,'image/jpeg',2374,'brands/4.jpg','[]','2022-01-03 21:23:41','2022-01-03 21:23:41',NULL),(5,0,'5',1,'image/jpeg',1927,'brands/5.jpg','[]','2022-01-03 21:23:41','2022-01-03 21:23:41',NULL),(6,0,'6',1,'image/jpeg',2519,'brands/6.jpg','[]','2022-01-03 21:23:41','2022-01-03 21:23:41',NULL),(7,0,'7',1,'image/jpeg',3043,'brands/7.jpg','[]','2022-01-03 21:23:41','2022-01-03 21:23:41',NULL),(8,0,'1',2,'image/jpeg',5173,'product-categories/1.jpg','[]','2022-01-03 21:23:42','2022-01-03 21:23:42',NULL),(9,0,'2',2,'image/jpeg',7355,'product-categories/2.jpg','[]','2022-01-03 21:23:42','2022-01-03 21:23:42',NULL),(10,0,'3',2,'image/jpeg',4427,'product-categories/3.jpg','[]','2022-01-03 21:23:42','2022-01-03 21:23:42',NULL),(11,0,'4',2,'image/jpeg',2963,'product-categories/4.jpg','[]','2022-01-03 21:23:42','2022-01-03 21:23:42',NULL),(12,0,'5',2,'image/jpeg',5016,'product-categories/5.jpg','[]','2022-01-03 21:23:42','2022-01-03 21:23:42',NULL),(13,0,'6',2,'image/jpeg',4101,'product-categories/6.jpg','[]','2022-01-03 21:23:42','2022-01-03 21:23:42',NULL),(14,0,'7',2,'image/jpeg',2576,'product-categories/7.jpg','[]','2022-01-03 21:23:42','2022-01-03 21:23:42',NULL),(15,0,'8',2,'image/jpeg',4670,'product-categories/8.jpg','[]','2022-01-03 21:23:42','2022-01-03 21:23:42',NULL),(16,0,'1',3,'image/jpeg',4911,'products/1.jpg','[]','2022-01-03 21:23:43','2022-01-03 21:23:43',NULL),(17,0,'10-1',3,'image/jpeg',120755,'products/10-1.jpg','[]','2022-01-03 21:23:43','2022-01-03 21:23:43',NULL),(18,0,'10-2',3,'image/jpeg',148563,'products/10-2.jpg','[]','2022-01-03 21:23:44','2022-01-03 21:23:44',NULL),(19,0,'10',3,'image/jpeg',11176,'products/10.jpg','[]','2022-01-03 21:23:44','2022-01-03 21:23:44',NULL),(20,0,'11-1',3,'image/jpeg',13706,'products/11-1.jpg','[]','2022-01-03 21:23:44','2022-01-03 21:23:44',NULL),(21,0,'11-2',3,'image/jpeg',16809,'products/11-2.jpg','[]','2022-01-03 21:23:44','2022-01-03 21:23:44',NULL),(22,0,'11-3',3,'image/jpeg',23991,'products/11-3.jpg','[]','2022-01-03 21:23:44','2022-01-03 21:23:44',NULL),(23,0,'11',3,'image/jpeg',8234,'products/11.jpg','[]','2022-01-03 21:23:44','2022-01-03 21:23:44',NULL),(24,0,'12-1',3,'image/jpeg',47775,'products/12-1.jpg','[]','2022-01-03 21:23:44','2022-01-03 21:23:44',NULL),(25,0,'12-2',3,'image/jpeg',52722,'products/12-2.jpg','[]','2022-01-03 21:23:45','2022-01-03 21:23:45',NULL),(26,0,'12-3',3,'image/jpeg',57295,'products/12-3.jpg','[]','2022-01-03 21:23:45','2022-01-03 21:23:45',NULL),(27,0,'12',3,'image/jpeg',9642,'products/12.jpg','[]','2022-01-03 21:23:45','2022-01-03 21:23:45',NULL),(28,0,'13-1',3,'image/jpeg',7494,'products/13-1.jpg','[]','2022-01-03 21:23:45','2022-01-03 21:23:45',NULL),(29,0,'13',3,'image/jpeg',7266,'products/13.jpg','[]','2022-01-03 21:23:45','2022-01-03 21:23:45',NULL),(30,0,'14',3,'image/jpeg',6626,'products/14.jpg','[]','2022-01-03 21:23:46','2022-01-03 21:23:46',NULL),(31,0,'15-1',3,'image/jpeg',9014,'products/15-1.jpg','[]','2022-01-03 21:23:46','2022-01-03 21:23:46',NULL),(32,0,'15',3,'image/jpeg',6629,'products/15.jpg','[]','2022-01-03 21:23:46','2022-01-03 21:23:46',NULL),(33,0,'16',3,'image/jpeg',8558,'products/16.jpg','[]','2022-01-03 21:23:46','2022-01-03 21:23:46',NULL),(34,0,'17-1',3,'image/jpeg',63248,'products/17-1.jpg','[]','2022-01-03 21:23:46','2022-01-03 21:23:46',NULL),(35,0,'17-2',3,'image/jpeg',71404,'products/17-2.jpg','[]','2022-01-03 21:23:46','2022-01-03 21:23:46',NULL),(36,0,'17-3',3,'image/jpeg',58949,'products/17-3.jpg','[]','2022-01-03 21:23:46','2022-01-03 21:23:46',NULL),(37,0,'17',3,'image/jpeg',7050,'products/17.jpg','[]','2022-01-03 21:23:47','2022-01-03 21:23:47',NULL),(38,0,'18-1',3,'image/jpeg',527022,'products/18-1.jpg','[]','2022-01-03 21:23:47','2022-01-03 21:23:47',NULL),(39,0,'18-2',3,'image/jpeg',43849,'products/18-2.jpg','[]','2022-01-03 21:23:47','2022-01-03 21:23:47',NULL),(40,0,'18-3',3,'image/jpeg',63876,'products/18-3.jpg','[]','2022-01-03 21:23:47','2022-01-03 21:23:47',NULL),(41,0,'18',3,'image/jpeg',61587,'products/18.jpg','[]','2022-01-03 21:23:48','2022-01-03 21:23:48',NULL),(42,0,'19-1',3,'image/jpeg',23166,'products/19-1.jpg','[]','2022-01-03 21:23:48','2022-01-03 21:23:48',NULL),(43,0,'19-2',3,'image/jpeg',12306,'products/19-2.jpg','[]','2022-01-03 21:23:48','2022-01-03 21:23:48',NULL),(44,0,'19-3',3,'image/jpeg',51458,'products/19-3.jpg','[]','2022-01-03 21:23:48','2022-01-03 21:23:48',NULL),(45,0,'19',3,'image/jpeg',227872,'products/19.jpg','[]','2022-01-03 21:23:48','2022-01-03 21:23:48',NULL),(46,0,'2-1',3,'image/jpeg',85522,'products/2-1.jpg','[]','2022-01-03 21:23:48','2022-01-03 21:23:48',NULL),(47,0,'2-2',3,'image/jpeg',122423,'products/2-2.jpg','[]','2022-01-03 21:23:49','2022-01-03 21:23:49',NULL),(48,0,'2-3',3,'image/jpeg',61996,'products/2-3.jpg','[]','2022-01-03 21:23:49','2022-01-03 21:23:49',NULL),(49,0,'2',3,'image/jpeg',10832,'products/2.jpg','[]','2022-01-03 21:23:49','2022-01-03 21:23:49',NULL),(50,0,'20-1',3,'image/jpeg',108013,'products/20-1.jpg','[]','2022-01-03 21:23:49','2022-01-03 21:23:49',NULL),(51,0,'20-2',3,'image/jpeg',107598,'products/20-2.jpg','[]','2022-01-03 21:23:49','2022-01-03 21:23:49',NULL),(52,0,'20-3',3,'image/jpeg',31959,'products/20-3.jpg','[]','2022-01-03 21:23:50','2022-01-03 21:23:50',NULL),(53,0,'20',3,'image/jpeg',12798,'products/20.jpg','[]','2022-01-03 21:23:50','2022-01-03 21:23:50',NULL),(54,0,'21-1',3,'image/jpeg',92022,'products/21-1.jpg','[]','2022-01-03 21:23:50','2022-01-03 21:23:50',NULL),(55,0,'21-2',3,'image/jpeg',73796,'products/21-2.jpg','[]','2022-01-03 21:23:50','2022-01-03 21:23:50',NULL),(56,0,'21',3,'image/jpeg',72410,'products/21.jpg','[]','2022-01-03 21:23:51','2022-01-03 21:23:51',NULL),(57,0,'22-1',3,'image/jpeg',50174,'products/22-1.jpg','[]','2022-01-03 21:23:51','2022-01-03 21:23:51',NULL),(58,0,'22-2',3,'image/jpeg',63267,'products/22-2.jpg','[]','2022-01-03 21:23:51','2022-01-03 21:23:51',NULL),(59,0,'22-3',3,'image/jpeg',125017,'products/22-3.jpg','[]','2022-01-03 21:23:51','2022-01-03 21:23:51',NULL),(60,0,'22',3,'image/jpeg',88636,'products/22.jpg','[]','2022-01-03 21:23:51','2022-01-03 21:23:51',NULL),(61,0,'23-1',3,'image/jpeg',64117,'products/23-1.jpg','[]','2022-01-03 21:23:52','2022-01-03 21:23:52',NULL),(62,0,'23-2',3,'image/jpeg',96786,'products/23-2.jpg','[]','2022-01-03 21:23:52','2022-01-03 21:23:52',NULL),(63,0,'23-3',3,'image/jpeg',46477,'products/23-3.jpg','[]','2022-01-03 21:23:52','2022-01-03 21:23:52',NULL),(64,0,'23',3,'image/jpeg',68142,'products/23.jpg','[]','2022-01-03 21:23:52','2022-01-03 21:23:52',NULL),(65,0,'3',3,'image/jpeg',8388,'products/3.jpg','[]','2022-01-03 21:23:53','2022-01-03 21:23:53',NULL),(66,0,'4-1',3,'image/jpeg',39071,'products/4-1.jpg','[]','2022-01-03 21:23:53','2022-01-03 21:23:53',NULL),(67,0,'4-2',3,'image/jpeg',35982,'products/4-2.jpg','[]','2022-01-03 21:23:53','2022-01-03 21:23:53',NULL),(68,0,'4-3',3,'image/jpeg',62867,'products/4-3.jpg','[]','2022-01-03 21:23:53','2022-01-03 21:23:53',NULL),(69,0,'4',3,'image/jpeg',5547,'products/4.jpg','[]','2022-01-03 21:23:54','2022-01-03 21:23:54',NULL),(70,0,'5-1',3,'image/jpeg',72383,'products/5-1.jpg','[]','2022-01-03 21:23:54','2022-01-03 21:23:54',NULL),(71,0,'5-2',3,'image/jpeg',108591,'products/5-2.jpg','[]','2022-01-03 21:23:54','2022-01-03 21:23:54',NULL),(72,0,'5-3',3,'image/jpeg',63741,'products/5-3.jpg','[]','2022-01-03 21:23:54','2022-01-03 21:23:54',NULL),(73,0,'5',3,'image/jpeg',98052,'products/5.jpg','[]','2022-01-03 21:23:54','2022-01-03 21:23:54',NULL),(74,0,'6',3,'image/jpeg',10944,'products/6.jpg','[]','2022-01-03 21:23:55','2022-01-03 21:23:55',NULL),(75,0,'7',3,'image/jpeg',10160,'products/7.jpg','[]','2022-01-03 21:23:55','2022-01-03 21:23:55',NULL),(76,0,'8-1',3,'image/jpeg',9986,'products/8-1.jpg','[]','2022-01-03 21:23:55','2022-01-03 21:23:55',NULL),(77,0,'8-2',3,'image/jpeg',8132,'products/8-2.jpg','[]','2022-01-03 21:23:55','2022-01-03 21:23:55',NULL),(78,0,'8-3',3,'image/jpeg',7867,'products/8-3.jpg','[]','2022-01-03 21:23:55','2022-01-03 21:23:55',NULL),(79,0,'8',3,'image/jpeg',10459,'products/8.jpg','[]','2022-01-03 21:23:55','2022-01-03 21:23:55',NULL),(80,0,'9-1',3,'image/jpeg',623616,'products/9-1.jpg','[]','2022-01-03 21:23:55','2022-01-03 21:23:55',NULL),(81,0,'9-2',3,'image/jpeg',647454,'products/9-2.jpg','[]','2022-01-03 21:23:56','2022-01-03 21:23:56',NULL),(82,0,'9',3,'image/jpeg',16733,'products/9.jpg','[]','2022-01-03 21:23:56','2022-01-03 21:23:56',NULL),(83,0,'1',4,'image/jpeg',11752,'customers/1.jpg','[]','2022-01-03 21:23:58','2022-01-03 21:23:58',NULL),(84,0,'10',4,'image/jpeg',27814,'customers/10.jpg','[]','2022-01-03 21:23:58','2022-01-03 21:23:58',NULL),(85,0,'2',4,'image/jpeg',19005,'customers/2.jpg','[]','2022-01-03 21:23:58','2022-01-03 21:23:58',NULL),(86,0,'3',4,'image/jpeg',20400,'customers/3.jpg','[]','2022-01-03 21:23:58','2022-01-03 21:23:58',NULL),(87,0,'4',4,'image/jpeg',26819,'customers/4.jpg','[]','2022-01-03 21:23:58','2022-01-03 21:23:58',NULL),(88,0,'5',4,'image/jpeg',14367,'customers/5.jpg','[]','2022-01-03 21:23:58','2022-01-03 21:23:58',NULL),(89,0,'6',4,'image/jpeg',12367,'customers/6.jpg','[]','2022-01-03 21:23:58','2022-01-03 21:23:58',NULL),(90,0,'7',4,'image/jpeg',20652,'customers/7.jpg','[]','2022-01-03 21:23:58','2022-01-03 21:23:58',NULL),(91,0,'8',4,'image/jpeg',21164,'customers/8.jpg','[]','2022-01-03 21:23:59','2022-01-03 21:23:59',NULL),(92,0,'9',4,'image/jpeg',6084,'customers/9.jpg','[]','2022-01-03 21:23:59','2022-01-03 21:23:59',NULL),(93,0,'1',5,'image/jpeg',532819,'news/1.jpg','[]','2022-01-03 21:24:00','2022-01-03 21:24:00',NULL),(94,0,'10',5,'image/jpeg',342651,'news/10.jpg','[]','2022-01-03 21:24:01','2022-01-03 21:24:01',NULL),(95,0,'11',5,'image/jpeg',296740,'news/11.jpg','[]','2022-01-03 21:24:01','2022-01-03 21:24:01',NULL),(96,0,'2',5,'image/jpeg',553729,'news/2.jpg','[]','2022-01-03 21:24:02','2022-01-03 21:24:02',NULL),(97,0,'3',5,'image/jpeg',522223,'news/3.jpg','[]','2022-01-03 21:24:02','2022-01-03 21:24:02',NULL),(98,0,'4',5,'image/jpeg',910908,'news/4.jpg','[]','2022-01-03 21:24:02','2022-01-03 21:24:02',NULL),(99,0,'5',5,'image/jpeg',666561,'news/5.jpg','[]','2022-01-03 21:24:03','2022-01-03 21:24:03',NULL),(100,0,'6',5,'image/jpeg',431929,'news/6.jpg','[]','2022-01-03 21:24:03','2022-01-03 21:24:03',NULL),(101,0,'7',5,'image/jpeg',568268,'news/7.jpg','[]','2022-01-03 21:24:03','2022-01-03 21:24:03',NULL),(102,0,'8',5,'image/jpeg',351088,'news/8.jpg','[]','2022-01-03 21:24:03','2022-01-03 21:24:03',NULL),(103,0,'9',5,'image/jpeg',353751,'news/9.jpg','[]','2022-01-03 21:24:04','2022-01-03 21:24:04',NULL),(104,0,'1',6,'image/jpeg',139880,'sliders/1.jpg','[]','2022-01-03 21:24:04','2022-01-03 21:24:04',NULL),(105,0,'2',6,'image/jpeg',85128,'sliders/2.jpg','[]','2022-01-03 21:24:05','2022-01-03 21:24:05',NULL),(106,0,'3',6,'image/jpeg',85668,'sliders/3.jpg','[]','2022-01-03 21:24:05','2022-01-03 21:24:05',NULL),(107,0,'1',7,'image/jpeg',56015,'promotion/1.jpg','[]','2022-01-03 21:24:05','2022-01-03 21:24:05',NULL),(108,0,'2',7,'image/jpeg',39964,'promotion/2.jpg','[]','2022-01-03 21:24:05','2022-01-03 21:24:05',NULL),(109,0,'3',7,'image/jpeg',71948,'promotion/3.jpg','[]','2022-01-03 21:24:06','2022-01-03 21:24:06',NULL),(110,0,'4',7,'image/jpeg',94590,'promotion/4.jpg','[]','2022-01-03 21:24:06','2022-01-03 21:24:06',NULL),(111,0,'5',7,'image/jpeg',96153,'promotion/5.jpg','[]','2022-01-03 21:24:06','2022-01-03 21:24:06',NULL),(112,0,'6',7,'image/jpeg',160910,'promotion/6.jpg','[]','2022-01-03 21:24:06','2022-01-03 21:24:06',NULL),(113,0,'7',7,'image/jpeg',59044,'promotion/7.jpg','[]','2022-01-03 21:24:06','2022-01-03 21:24:06',NULL),(114,0,'8',7,'image/jpeg',39964,'promotion/8.jpg','[]','2022-01-03 21:24:06','2022-01-03 21:24:06',NULL),(115,0,'9',7,'image/jpeg',54865,'promotion/9.jpg','[]','2022-01-03 21:24:06','2022-01-03 21:24:06',NULL),(116,0,'app',8,'image/png',88771,'general/app.png','[]','2022-01-03 21:24:07','2022-01-03 21:24:07',NULL),(117,0,'coming-soon',8,'image/jpeg',83359,'general/coming-soon.jpg','[]','2022-01-03 21:24:07','2022-01-03 21:24:07',NULL),(118,0,'favicon',8,'image/png',5147,'general/favicon.png','[]','2022-01-03 21:24:08','2022-01-03 21:24:08',NULL),(119,0,'logo-dark',8,'image/png',906,'general/logo-dark.png','[]','2022-01-03 21:24:08','2022-01-03 21:24:08',NULL),(120,0,'logo-light',8,'image/png',1430,'general/logo-light.png','[]','2022-01-03 21:24:08','2022-01-03 21:24:08',NULL),(121,0,'logo',8,'image/png',892,'general/logo.png','[]','2022-01-03 21:24:08','2022-01-03 21:24:08',NULL),(122,0,'newsletter',8,'image/jpeg',25569,'general/newsletter.jpg','[]','2022-01-03 21:24:08','2022-01-03 21:24:08',NULL),(123,0,'payment-method-1',8,'image/jpeg',976,'general/payment-method-1.jpg','[]','2022-01-03 21:24:08','2022-01-03 21:24:08',NULL),(124,0,'payment-method-2',8,'image/jpeg',1122,'general/payment-method-2.jpg','[]','2022-01-03 21:24:08','2022-01-03 21:24:08',NULL),(125,0,'payment-method-3',8,'image/jpeg',1040,'general/payment-method-3.jpg','[]','2022-01-03 21:24:08','2022-01-03 21:24:08',NULL),(126,0,'payment-method-4',8,'image/jpeg',722,'general/payment-method-4.jpg','[]','2022-01-03 21:24:09','2022-01-03 21:24:09',NULL),(127,0,'payment-method-5',8,'image/jpeg',773,'general/payment-method-5.jpg','[]','2022-01-03 21:24:09','2022-01-03 21:24:09',NULL),(128,0,'1',9,'image/png',11920,'stores/1.png','[]','2022-01-03 21:24:09','2022-01-03 21:24:09',NULL),(129,0,'10',9,'image/png',6583,'stores/10.png','[]','2022-01-03 21:24:09','2022-01-03 21:24:09',NULL),(130,0,'11',9,'image/png',6934,'stores/11.png','[]','2022-01-03 21:24:09','2022-01-03 21:24:09',NULL),(131,0,'12',9,'image/png',7396,'stores/12.png','[]','2022-01-03 21:24:09','2022-01-03 21:24:09',NULL),(132,0,'13',9,'image/png',5881,'stores/13.png','[]','2022-01-03 21:24:09','2022-01-03 21:24:09',NULL),(133,0,'14',9,'image/png',7188,'stores/14.png','[]','2022-01-03 21:24:10','2022-01-03 21:24:10',NULL),(134,0,'15',9,'image/png',7142,'stores/15.png','[]','2022-01-03 21:24:10','2022-01-03 21:24:10',NULL),(135,0,'16',9,'image/png',4659,'stores/16.png','[]','2022-01-03 21:24:10','2022-01-03 21:24:10',NULL),(136,0,'17',9,'image/png',6781,'stores/17.png','[]','2022-01-03 21:24:10','2022-01-03 21:24:10',NULL),(137,0,'2',9,'image/png',12300,'stores/2.png','[]','2022-01-03 21:24:10','2022-01-03 21:24:10',NULL),(138,0,'3',9,'image/png',10778,'stores/3.png','[]','2022-01-03 21:24:10','2022-01-03 21:24:10',NULL),(139,0,'4',9,'image/png',10771,'stores/4.png','[]','2022-01-03 21:24:10','2022-01-03 21:24:10',NULL),(140,0,'5',9,'image/png',13041,'stores/5.png','[]','2022-01-03 21:24:11','2022-01-03 21:24:11',NULL),(141,0,'6',9,'image/png',14006,'stores/6.png','[]','2022-01-03 21:24:11','2022-01-03 21:24:11',NULL),(142,0,'7',9,'image/png',5978,'stores/7.png','[]','2022-01-03 21:24:11','2022-01-03 21:24:11',NULL),(143,0,'8',9,'image/png',6586,'stores/8.png','[]','2022-01-03 21:24:11','2022-01-03 21:24:11',NULL),(144,0,'9',9,'image/png',6173,'stores/9.png','[]','2022-01-03 21:24:11','2022-01-03 21:24:11',NULL);
/*!40000 ALTER TABLE `media_files` ENABLE KEYS */;
UNLOCK TABLES;

--
-- Table structure for table `media_folders`
--

DROP TABLE IF EXISTS `media_folders`;
/*!40101 SET @saved_cs_client     = @@character_set_client */;
/*!40101 SET character_set_client = utf8 */;
CREATE TABLE `media_folders` (
  `id` bigint(20) unsigned NOT NULL AUTO_INCREMENT,
  `user_id` int(10) unsigned NOT NULL,
  `name` varchar(191) COLLATE utf8mb4_unicode_ci DEFAULT NULL,
  `slug` varchar(191) COLLATE utf8mb4_unicode_ci DEFAULT NULL,
  `parent_id` int(11) NOT NULL DEFAULT 0,
  `created_at` timestamp NULL DEFAULT NULL,
  `updated_at` timestamp NULL DEFAULT NULL,
  `deleted_at` timestamp NULL DEFAULT NULL,
  PRIMARY KEY (`id`),
  KEY `media_folders_user_id_index` (`user_id`)
) ENGINE=InnoDB AUTO_INCREMENT=10 DEFAULT CHARSET=utf8mb4 COLLATE=utf8mb4_unicode_ci;
/*!40101 SET character_set_client = @saved_cs_client */;

--
-- Dumping data for table `media_folders`
--

LOCK TABLES `media_folders` WRITE;
/*!40000 ALTER TABLE `media_folders` DISABLE KEYS */;
INSERT INTO `media_folders` VALUES (1,0,'brands','brands',0,'2022-01-03 21:23:41','2022-01-03 21:23:41',NULL),(2,0,'product-categories','product-categories',0,'2022-01-03 21:23:42','2022-01-03 21:23:42',NULL),(3,0,'products','products',0,'2022-01-03 21:23:43','2022-01-03 21:23:43',NULL),(4,0,'customers','customers',0,'2022-01-03 21:23:58','2022-01-03 21:23:58',NULL),(5,0,'news','news',0,'2022-01-03 21:24:00','2022-01-03 21:24:00',NULL),(6,0,'sliders','sliders',0,'2022-01-03 21:24:04','2022-01-03 21:24:04',NULL),(7,0,'promotion','promotion',0,'2022-01-03 21:24:05','2022-01-03 21:24:05',NULL),(8,0,'general','general',0,'2022-01-03 21:24:07','2022-01-03 21:24:07',NULL),(9,0,'stores','stores',0,'2022-01-03 21:24:09','2022-01-03 21:24:09',NULL);
/*!40000 ALTER TABLE `media_folders` ENABLE KEYS */;
UNLOCK TABLES;

--
-- Table structure for table `media_settings`
--

DROP TABLE IF EXISTS `media_settings`;
/*!40101 SET @saved_cs_client     = @@character_set_client */;
/*!40101 SET character_set_client = utf8 */;
CREATE TABLE `media_settings` (
  `id` bigint(20) unsigned NOT NULL AUTO_INCREMENT,
  `key` varchar(120) COLLATE utf8mb4_unicode_ci NOT NULL,
  `value` text COLLATE utf8mb4_unicode_ci DEFAULT NULL,
  `media_id` int(11) DEFAULT NULL,
  `user_id` int(11) DEFAULT NULL,
  `created_at` timestamp NULL DEFAULT NULL,
  `updated_at` timestamp NULL DEFAULT NULL,
  PRIMARY KEY (`id`)
) ENGINE=InnoDB DEFAULT CHARSET=utf8mb4 COLLATE=utf8mb4_unicode_ci;
/*!40101 SET character_set_client = @saved_cs_client */;

--
-- Dumping data for table `media_settings`
--

LOCK TABLES `media_settings` WRITE;
/*!40000 ALTER TABLE `media_settings` DISABLE KEYS */;
/*!40000 ALTER TABLE `media_settings` ENABLE KEYS */;
UNLOCK TABLES;

--
-- Table structure for table `menu_locations`
--

DROP TABLE IF EXISTS `menu_locations`;
/*!40101 SET @saved_cs_client     = @@character_set_client */;
/*!40101 SET character_set_client = utf8 */;
CREATE TABLE `menu_locations` (
  `id` bigint(20) unsigned NOT NULL AUTO_INCREMENT,
  `menu_id` int(10) unsigned NOT NULL,
  `location` varchar(120) COLLATE utf8mb4_unicode_ci NOT NULL,
  `created_at` timestamp NULL DEFAULT NULL,
  `updated_at` timestamp NULL DEFAULT NULL,
  PRIMARY KEY (`id`)
) ENGINE=InnoDB AUTO_INCREMENT=3 DEFAULT CHARSET=utf8mb4 COLLATE=utf8mb4_unicode_ci;
/*!40101 SET character_set_client = @saved_cs_client */;

--
-- Dumping data for table `menu_locations`
--

LOCK TABLES `menu_locations` WRITE;
/*!40000 ALTER TABLE `menu_locations` DISABLE KEYS */;
INSERT INTO `menu_locations` VALUES (1,1,'main-menu','2022-01-03 21:24:07','2022-01-03 21:24:07'),(2,5,'main-menu','2022-01-03 21:24:07','2022-01-03 21:24:07');
/*!40000 ALTER TABLE `menu_locations` ENABLE KEYS */;
UNLOCK TABLES;

--
-- Table structure for table `menu_nodes`
--

DROP TABLE IF EXISTS `menu_nodes`;
/*!40101 SET @saved_cs_client     = @@character_set_client */;
/*!40101 SET character_set_client = utf8 */;
CREATE TABLE `menu_nodes` (
  `id` bigint(20) unsigned NOT NULL AUTO_INCREMENT,
  `menu_id` int(10) unsigned NOT NULL,
  `parent_id` int(10) unsigned NOT NULL DEFAULT 0,
  `reference_id` int(10) unsigned DEFAULT NULL,
  `reference_type` varchar(255) COLLATE utf8mb4_unicode_ci DEFAULT NULL,
  `url` varchar(120) COLLATE utf8mb4_unicode_ci DEFAULT NULL,
  `icon_font` varchar(50) COLLATE utf8mb4_unicode_ci DEFAULT NULL,
  `position` tinyint(3) unsigned NOT NULL DEFAULT 0,
  `title` varchar(120) COLLATE utf8mb4_unicode_ci DEFAULT NULL,
  `css_class` varchar(120) COLLATE utf8mb4_unicode_ci DEFAULT NULL,
  `target` varchar(20) COLLATE utf8mb4_unicode_ci NOT NULL DEFAULT '_self',
  `has_child` tinyint(3) unsigned NOT NULL DEFAULT 0,
  `created_at` timestamp NULL DEFAULT NULL,
  `updated_at` timestamp NULL DEFAULT NULL,
  PRIMARY KEY (`id`),
  KEY `menu_nodes_menu_id_index` (`menu_id`),
  KEY `menu_nodes_parent_id_index` (`parent_id`)
) ENGINE=InnoDB AUTO_INCREMENT=57 DEFAULT CHARSET=utf8mb4 COLLATE=utf8mb4_unicode_ci;
/*!40101 SET character_set_client = @saved_cs_client */;

--
-- Dumping data for table `menu_nodes`
--

LOCK TABLES `menu_nodes` WRITE;
/*!40000 ALTER TABLE `menu_nodes` DISABLE KEYS */;
INSERT INTO `menu_nodes` VALUES (1,1,0,NULL,NULL,'/',NULL,0,'Home',NULL,'_self',0,'2022-01-03 21:24:07','2022-01-03 21:24:07'),(2,1,0,NULL,NULL,'#',NULL,0,'Pages',NULL,'_self',1,'2022-01-03 21:24:07','2022-01-03 21:24:07'),(3,1,2,2,'Botble\\Page\\Models\\Page','/about-us',NULL,0,'About us',NULL,'_self',0,'2022-01-03 21:24:07','2022-01-03 21:24:07'),(4,1,2,3,'Botble\\Page\\Models\\Page','/terms-of-use',NULL,0,'Terms Of Use',NULL,'_self',0,'2022-01-03 21:24:07','2022-01-03 21:24:07'),(5,1,2,4,'Botble\\Page\\Models\\Page','/terms-conditions',NULL,0,'Terms & Conditions',NULL,'_self',0,'2022-01-03 21:24:07','2022-01-03 21:24:07'),(6,1,2,5,'Botble\\Page\\Models\\Page','/refund-policy',NULL,0,'Refund Policy',NULL,'_self',0,'2022-01-03 21:24:07','2022-01-03 21:24:07'),(7,1,2,12,'Botble\\Page\\Models\\Page','/coming-soon',NULL,0,'Coming soon',NULL,'_self',0,'2022-01-03 21:24:07','2022-01-03 21:24:07'),(8,1,0,NULL,NULL,'/products',NULL,0,'Shop',NULL,'_self',1,'2022-01-03 21:24:07','2022-01-03 21:24:07'),(9,1,8,NULL,NULL,'/products',NULL,0,'All products',NULL,'_self',0,'2022-01-03 21:24:07','2022-01-03 21:24:07'),(10,1,8,15,'Botble\\Ecommerce\\Models\\ProductCategory','/product-categories/batteries',NULL,0,'Products Of Category',NULL,'_self',0,'2022-01-03 21:24:07','2022-01-03 21:24:07'),(11,1,8,NULL,NULL,'/products/beat-headphone',NULL,0,'Product Single',NULL,'_self',0,'2022-01-03 21:24:07','2022-01-03 21:24:07'),(12,1,0,NULL,NULL,'/stores',NULL,0,'Stores',NULL,'_self',0,'2022-01-03 21:24:07','2022-01-03 21:24:07'),(13,1,0,6,'Botble\\Page\\Models\\Page','/blog',NULL,0,'Blog',NULL,'_self',0,'2022-01-03 21:24:07','2022-01-03 21:24:07'),(14,1,0,7,'Botble\\Page\\Models\\Page','/faqs',NULL,0,'FAQs',NULL,'_self',0,'2022-01-03 21:24:07','2022-01-03 21:24:07'),(15,1,0,8,'Botble\\Page\\Models\\Page','/contact',NULL,0,'Contact',NULL,'_self',0,'2022-01-03 21:24:07','2022-01-03 21:24:07'),(16,2,0,3,'Botble\\Page\\Models\\Page','/terms-of-use',NULL,0,'Terms Of Use',NULL,'_self',0,'2022-01-03 21:24:07','2022-01-03 21:24:07'),(17,2,0,4,'Botble\\Page\\Models\\Page','/terms-conditions',NULL,0,'Terms & Conditions',NULL,'_self',0,'2022-01-03 21:24:07','2022-01-03 21:24:07'),(18,2,0,5,'Botble\\Page\\Models\\Page','/refund-policy',NULL,0,'Refund Policy',NULL,'_self',0,'2022-01-03 21:24:07','2022-01-03 21:24:07'),(19,2,0,7,'Botble\\Page\\Models\\Page','/faqs',NULL,0,'FAQs',NULL,'_self',0,'2022-01-03 21:24:07','2022-01-03 21:24:07'),(20,2,0,NULL,NULL,'/nothing',NULL,0,'404 Page',NULL,'_self',0,'2022-01-03 21:24:07','2022-01-03 21:24:07'),(21,3,0,2,'Botble\\Page\\Models\\Page','/about-us',NULL,0,'About us',NULL,'_self',0,'2022-01-03 21:24:07','2022-01-03 21:24:07'),(22,3,0,10,'Botble\\Page\\Models\\Page','/affiliate',NULL,0,'Affiliate',NULL,'_self',0,'2022-01-03 21:24:07','2022-01-03 21:24:07'),(23,3,0,11,'Botble\\Page\\Models\\Page','/career',NULL,0,'Career',NULL,'_self',0,'2022-01-03 21:24:07','2022-01-03 21:24:07'),(24,3,0,8,'Botble\\Page\\Models\\Page','/contact',NULL,0,'Contact us',NULL,'_self',0,'2022-01-03 21:24:07','2022-01-03 21:24:07'),(25,4,0,6,'Botble\\Page\\Models\\Page','/blog',NULL,0,'Our blog',NULL,'_self',0,'2022-01-03 21:24:07','2022-01-03 21:24:07'),(26,4,0,NULL,NULL,'/cart',NULL,0,'Cart',NULL,'_self',0,'2022-01-03 21:24:07','2022-01-03 21:24:07'),(27,4,0,NULL,NULL,'/customer/overview',NULL,0,'My account',NULL,'_self',0,'2022-01-03 21:24:07','2022-01-03 21:24:07'),(28,4,0,NULL,NULL,'/products',NULL,0,'Shop',NULL,'_self',0,'2022-01-03 21:24:07','2022-01-03 21:24:07'),(29,5,0,NULL,NULL,'/',NULL,0,'Trang chủ',NULL,'_self',0,'2022-01-03 21:24:07','2022-01-03 21:24:07'),(30,5,0,NULL,NULL,'#',NULL,0,'Trang',NULL,'_self',1,'2022-01-03 21:24:07','2022-01-03 21:24:07'),(31,5,30,2,'Botble\\Page\\Models\\Page','/about-us',NULL,0,'Về chúng tôi',NULL,'_self',0,'2022-01-03 21:24:07','2022-01-03 21:24:07'),(32,5,30,3,'Botble\\Page\\Models\\Page','/terms-of-use',NULL,0,'Điều khoản sử dụng',NULL,'_self',0,'2022-01-03 21:24:07','2022-01-03 21:24:07'),(33,5,30,4,'Botble\\Page\\Models\\Page','/terms-conditions',NULL,0,'Điều khoản và quy định',NULL,'_self',0,'2022-01-03 21:24:07','2022-01-03 21:24:07'),(34,5,30,5,'Botble\\Page\\Models\\Page','/refund-policy',NULL,0,'Chính sách hoàn hàng',NULL,'_self',0,'2022-01-03 21:24:07','2022-01-03 21:24:07'),(35,5,30,12,'Botble\\Page\\Models\\Page','/coming-soon',NULL,0,'Sắp ra mắt',NULL,'_self',0,'2022-01-03 21:24:07','2022-01-03 21:24:07'),(36,5,0,NULL,NULL,'/products',NULL,0,'Sản phẩm',NULL,'_self',1,'2022-01-03 21:24:07','2022-01-03 21:24:07'),(37,5,36,NULL,NULL,'/products',NULL,0,'Tất cả sản phẩm',NULL,'_self',0,'2022-01-03 21:24:07','2022-01-03 21:24:07'),(38,5,36,15,'Botble\\Ecommerce\\Models\\ProductCategory','/product-categories/batteries',NULL,0,'Danh mục sản phẩm',NULL,'_self',0,'2022-01-03 21:24:07','2022-01-03 21:24:07'),(39,5,36,NULL,NULL,'/products/beat-headphone',NULL,0,'Sản phẩm chi tiết',NULL,'_self',0,'2022-01-03 21:24:07','2022-01-03 21:24:07'),(40,5,0,NULL,NULL,'/stores',NULL,0,'Cửa hàng',NULL,'_self',0,'2022-01-03 21:24:07','2022-01-03 21:24:07'),(41,5,0,6,'Botble\\Page\\Models\\Page','/blog',NULL,0,'Tin tức',NULL,'_self',0,'2022-01-03 21:24:07','2022-01-03 21:24:07'),(42,5,0,7,'Botble\\Page\\Models\\Page','/faqs',NULL,0,'FAQs',NULL,'_self',0,'2022-01-03 21:24:07','2022-01-03 21:24:07'),(43,5,0,8,'Botble\\Page\\Models\\Page','/contact',NULL,0,'Liên hệ',NULL,'_self',0,'2022-01-03 21:24:07','2022-01-03 21:24:07'),(44,6,0,3,'Botble\\Page\\Models\\Page','/terms-of-use',NULL,0,'Điều khoản sử dụng',NULL,'_self',0,'2022-01-03 21:24:07','2022-01-03 21:24:07'),(45,6,0,4,'Botble\\Page\\Models\\Page','/terms-conditions',NULL,0,'Điều khoản và quy định',NULL,'_self',0,'2022-01-03 21:24:07','2022-01-03 21:24:07'),(46,6,0,5,'Botble\\Page\\Models\\Page','/refund-policy',NULL,0,'Chính sách hoàn hàng',NULL,'_self',0,'2022-01-03 21:24:07','2022-01-03 21:24:07'),(47,6,0,6,'Botble\\Page\\Models\\Page','/blog',NULL,0,'FAQs',NULL,'_self',0,'2022-01-03 21:24:07','2022-01-03 21:24:07'),(48,6,0,NULL,NULL,'/nothing',NULL,0,'404 Page',NULL,'_self',0,'2022-01-03 21:24:07','2022-01-03 21:24:07'),(49,7,0,2,'Botble\\Page\\Models\\Page','/about-us',NULL,0,'Về chúng tôi',NULL,'_self',0,'2022-01-03 21:24:07','2022-01-03 21:24:07'),(50,7,0,10,'Botble\\Page\\Models\\Page','/affiliate',NULL,0,'Tiếp thị liên kết',NULL,'_self',0,'2022-01-03 21:24:07','2022-01-03 21:24:07'),(51,7,0,11,'Botble\\Page\\Models\\Page','/career',NULL,0,'Tuyển dụng',NULL,'_self',0,'2022-01-03 21:24:07','2022-01-03 21:24:07'),(52,7,0,8,'Botble\\Page\\Models\\Page','/contact',NULL,0,'Liên hệ',NULL,'_self',0,'2022-01-03 21:24:07','2022-01-03 21:24:07'),(53,8,0,6,'Botble\\Page\\Models\\Page','/blog',NULL,0,'Tin tức',NULL,'_self',0,'2022-01-03 21:24:07','2022-01-03 21:24:07'),(54,8,0,NULL,NULL,'/cart',NULL,0,'Giỏ hàng',NULL,'_self',0,'2022-01-03 21:24:07','2022-01-03 21:24:07'),(55,8,0,NULL,NULL,'/customer/overview',NULL,0,'Tài khoản',NULL,'_self',0,'2022-01-03 21:24:07','2022-01-03 21:24:07'),(56,8,0,NULL,NULL,'/products',NULL,0,'Sản phẩm',NULL,'_self',0,'2022-01-03 21:24:07','2022-01-03 21:24:07');
/*!40000 ALTER TABLE `menu_nodes` ENABLE KEYS */;
UNLOCK TABLES;

--
-- Table structure for table `menus`
--

DROP TABLE IF EXISTS `menus`;
/*!40101 SET @saved_cs_client     = @@character_set_client */;
/*!40101 SET character_set_client = utf8 */;
CREATE TABLE `menus` (
  `id` bigint(20) unsigned NOT NULL AUTO_INCREMENT,
  `name` varchar(120) COLLATE utf8mb4_unicode_ci NOT NULL,
  `slug` varchar(120) COLLATE utf8mb4_unicode_ci DEFAULT NULL,
  `status` varchar(60) COLLATE utf8mb4_unicode_ci NOT NULL DEFAULT 'published',
  `created_at` timestamp NULL DEFAULT NULL,
  `updated_at` timestamp NULL DEFAULT NULL,
  PRIMARY KEY (`id`),
  UNIQUE KEY `menus_slug_unique` (`slug`)
) ENGINE=InnoDB AUTO_INCREMENT=9 DEFAULT CHARSET=utf8mb4 COLLATE=utf8mb4_unicode_ci;
/*!40101 SET character_set_client = @saved_cs_client */;

--
-- Dumping data for table `menus`
--

LOCK TABLES `menus` WRITE;
/*!40000 ALTER TABLE `menus` DISABLE KEYS */;
INSERT INTO `menus` VALUES (1,'Main menu','main-menu','published','2022-01-03 21:24:07','2022-01-03 21:24:07'),(2,'Quick links','quick-links','published','2022-01-03 21:24:07','2022-01-03 21:24:07'),(3,'Company','company','published','2022-01-03 21:24:07','2022-01-03 21:24:07'),(4,'Business','business','published','2022-01-03 21:24:07','2022-01-03 21:24:07'),(5,'Menu chính','menu-chinh','published','2022-01-03 21:24:07','2022-01-03 21:24:07'),(6,'Liên kết nhanh','lien-ket-nhanh','published','2022-01-03 21:24:07','2022-01-03 21:24:07'),(7,'Công ty','cong-ty','published','2022-01-03 21:24:07','2022-01-03 21:24:07'),(8,'Doanh nghiệp','doanh-nghiep','published','2022-01-03 21:24:07','2022-01-03 21:24:07');
/*!40000 ALTER TABLE `menus` ENABLE KEYS */;
UNLOCK TABLES;

--
-- Table structure for table `meta_boxes`
--

DROP TABLE IF EXISTS `meta_boxes`;
/*!40101 SET @saved_cs_client     = @@character_set_client */;
/*!40101 SET character_set_client = utf8 */;
CREATE TABLE `meta_boxes` (
  `id` bigint(20) unsigned NOT NULL AUTO_INCREMENT,
  `meta_key` varchar(255) COLLATE utf8mb4_unicode_ci NOT NULL,
  `meta_value` text COLLATE utf8mb4_unicode_ci DEFAULT NULL,
  `reference_id` int(10) unsigned NOT NULL,
  `reference_type` varchar(120) COLLATE utf8mb4_unicode_ci NOT NULL,
  `created_at` timestamp NULL DEFAULT NULL,
  `updated_at` timestamp NULL DEFAULT NULL,
  PRIMARY KEY (`id`),
  KEY `meta_boxes_reference_id_index` (`reference_id`)
) ENGINE=InnoDB AUTO_INCREMENT=38 DEFAULT CHARSET=utf8mb4 COLLATE=utf8mb4_unicode_ci;
/*!40101 SET character_set_client = @saved_cs_client */;

--
-- Dumping data for table `meta_boxes`
--

LOCK TABLES `meta_boxes` WRITE;
/*!40000 ALTER TABLE `meta_boxes` DISABLE KEYS */;
INSERT INTO `meta_boxes` VALUES (1,'icon','[\"icon-star\"]',1,'Botble\\Ecommerce\\Models\\ProductCategory','2022-01-03 21:23:43','2022-01-03 21:23:43'),(2,'icon','[\"icon-laundry\"]',2,'Botble\\Ecommerce\\Models\\ProductCategory','2022-01-03 21:23:43','2022-01-03 21:23:43'),(3,'icon','[\"icon-shirt\"]',16,'Botble\\Ecommerce\\Models\\ProductCategory','2022-01-03 21:23:43','2022-01-03 21:23:43'),(4,'icon','[\"icon-desktop\"]',17,'Botble\\Ecommerce\\Models\\ProductCategory','2022-01-03 21:23:43','2022-01-03 21:23:43'),(5,'icon','[\"icon-lampshade\"]',28,'Botble\\Ecommerce\\Models\\ProductCategory','2022-01-03 21:23:43','2022-01-03 21:23:43'),(6,'icon','[\"icon-heart-pulse\"]',29,'Botble\\Ecommerce\\Models\\ProductCategory','2022-01-03 21:23:43','2022-01-03 21:23:43'),(7,'icon','[\"icon-diamond2\"]',30,'Botble\\Ecommerce\\Models\\ProductCategory','2022-01-03 21:23:43','2022-01-03 21:23:43'),(8,'icon','[\"icon-desktop\"]',31,'Botble\\Ecommerce\\Models\\ProductCategory','2022-01-03 21:23:43','2022-01-03 21:23:43'),(9,'icon','[\"icon-smartphone\"]',32,'Botble\\Ecommerce\\Models\\ProductCategory','2022-01-03 21:23:43','2022-01-03 21:23:43'),(10,'icon','[\"icon-baby-bottle\"]',33,'Botble\\Ecommerce\\Models\\ProductCategory','2022-01-03 21:23:43','2022-01-03 21:23:43'),(11,'icon','[\"icon-baseball\"]',34,'Botble\\Ecommerce\\Models\\ProductCategory','2022-01-03 21:23:43','2022-01-03 21:23:43'),(12,'icon','[\"icon-book2\"]',35,'Botble\\Ecommerce\\Models\\ProductCategory','2022-01-03 21:23:43','2022-01-03 21:23:43'),(13,'icon','[\"icon-car-siren\"]',36,'Botble\\Ecommerce\\Models\\ProductCategory','2022-01-03 21:23:43','2022-01-03 21:23:43'),(14,'icon','[\"icon-wrench\"]',37,'Botble\\Ecommerce\\Models\\ProductCategory','2022-01-03 21:23:43','2022-01-03 21:23:43'),(15,'faq_schema_config','[[[{\"key\":\"question\",\"value\":\"What Shipping Methods Are Available?\"},{\"key\":\"answer\",\"value\":\"Ex Portland Pitchfork irure mustache. Eutra fap before they sold out literally. Aliquip ugh bicycle rights actually mlkshk, seitan squid craft beer tempor.\"}],[{\"key\":\"question\",\"value\":\"Do You Ship Internationally?\"},{\"key\":\"answer\",\"value\":\"Hoodie tote bag mixtape tofu. Typewriter jean shorts wolf quinoa, messenger bag organic freegan cray.\"}],[{\"key\":\"question\",\"value\":\"How Long Will It Take To Get My Package?\"},{\"key\":\"answer\",\"value\":\"Swag slow-carb quinoa VHS typewriter pork belly brunch, paleo single-origin coffee Wes Anderson. Flexitarian Pitchfork forage, literally paleo fap pour-over. Wes Anderson Pinterest YOLO fanny pack meggings, deep v XOXO chambray sustainable slow-carb raw denim church-key fap chillwave Etsy. +1 typewriter kitsch, American Apparel tofu Banksy Vice.\"}],[{\"key\":\"question\",\"value\":\"What Payment Methods Are Accepted?\"},{\"key\":\"answer\",\"value\":\"Fashion axe DIY jean shorts, swag kale chips meh polaroid kogi butcher Wes Anderson chambray next level semiotics gentrify yr. Voluptate photo booth fugiat Vice. Austin sed Williamsburg, ea labore raw denim voluptate cred proident mixtape excepteur mustache. Twee chia photo booth readymade food truck, hoodie roof party swag keytar PBR DIY.\"}],[{\"key\":\"question\",\"value\":\"Is Buying On-Line Safe?\"},{\"key\":\"answer\",\"value\":\"Art party authentic freegan semiotics jean shorts chia cred. Neutra Austin roof party Brooklyn, synth Thundercats swag 8-bit photo booth. Plaid letterpress leggings craft beer meh ethical Pinterest.\"}]]]',1,'Botble\\Ecommerce\\Models\\Product','2022-01-03 21:23:57','2022-01-03 21:23:57'),(16,'faq_schema_config','[[[{\"key\":\"question\",\"value\":\"What Shipping Methods Are Available?\"},{\"key\":\"answer\",\"value\":\"Ex Portland Pitchfork irure mustache. Eutra fap before they sold out literally. Aliquip ugh bicycle rights actually mlkshk, seitan squid craft beer tempor.\"}],[{\"key\":\"question\",\"value\":\"Do You Ship Internationally?\"},{\"key\":\"answer\",\"value\":\"Hoodie tote bag mixtape tofu. Typewriter jean shorts wolf quinoa, messenger bag organic freegan cray.\"}],[{\"key\":\"question\",\"value\":\"How Long Will It Take To Get My Package?\"},{\"key\":\"answer\",\"value\":\"Swag slow-carb quinoa VHS typewriter pork belly brunch, paleo single-origin coffee Wes Anderson. Flexitarian Pitchfork forage, literally paleo fap pour-over. Wes Anderson Pinterest YOLO fanny pack meggings, deep v XOXO chambray sustainable slow-carb raw denim church-key fap chillwave Etsy. +1 typewriter kitsch, American Apparel tofu Banksy Vice.\"}],[{\"key\":\"question\",\"value\":\"What Payment Methods Are Accepted?\"},{\"key\":\"answer\",\"value\":\"Fashion axe DIY jean shorts, swag kale chips meh polaroid kogi butcher Wes Anderson chambray next level semiotics gentrify yr. Voluptate photo booth fugiat Vice. Austin sed Williamsburg, ea labore raw denim voluptate cred proident mixtape excepteur mustache. Twee chia photo booth readymade food truck, hoodie roof party swag keytar PBR DIY.\"}],[{\"key\":\"question\",\"value\":\"Is Buying On-Line Safe?\"},{\"key\":\"answer\",\"value\":\"Art party authentic freegan semiotics jean shorts chia cred. Neutra Austin roof party Brooklyn, synth Thundercats swag 8-bit photo booth. Plaid letterpress leggings craft beer meh ethical Pinterest.\"}]]]',2,'Botble\\Ecommerce\\Models\\Product','2022-01-03 21:23:57','2022-01-03 21:23:57'),(17,'faq_schema_config','[[[{\"key\":\"question\",\"value\":\"What Shipping Methods Are Available?\"},{\"key\":\"answer\",\"value\":\"Ex Portland Pitchfork irure mustache. Eutra fap before they sold out literally. Aliquip ugh bicycle rights actually mlkshk, seitan squid craft beer tempor.\"}],[{\"key\":\"question\",\"value\":\"Do You Ship Internationally?\"},{\"key\":\"answer\",\"value\":\"Hoodie tote bag mixtape tofu. Typewriter jean shorts wolf quinoa, messenger bag organic freegan cray.\"}],[{\"key\":\"question\",\"value\":\"How Long Will It Take To Get My Package?\"},{\"key\":\"answer\",\"value\":\"Swag slow-carb quinoa VHS typewriter pork belly brunch, paleo single-origin coffee Wes Anderson. Flexitarian Pitchfork forage, literally paleo fap pour-over. Wes Anderson Pinterest YOLO fanny pack meggings, deep v XOXO chambray sustainable slow-carb raw denim church-key fap chillwave Etsy. +1 typewriter kitsch, American Apparel tofu Banksy Vice.\"}],[{\"key\":\"question\",\"value\":\"What Payment Methods Are Accepted?\"},{\"key\":\"answer\",\"value\":\"Fashion axe DIY jean shorts, swag kale chips meh polaroid kogi butcher Wes Anderson chambray next level semiotics gentrify yr. Voluptate photo booth fugiat Vice. Austin sed Williamsburg, ea labore raw denim voluptate cred proident mixtape excepteur mustache. Twee chia photo booth readymade food truck, hoodie roof party swag keytar PBR DIY.\"}],[{\"key\":\"question\",\"value\":\"Is Buying On-Line Safe?\"},{\"key\":\"answer\",\"value\":\"Art party authentic freegan semiotics jean shorts chia cred. Neutra Austin roof party Brooklyn, synth Thundercats swag 8-bit photo booth. Plaid letterpress leggings craft beer meh ethical Pinterest.\"}]]]',3,'Botble\\Ecommerce\\Models\\Product','2022-01-03 21:23:57','2022-01-03 21:23:57'),(18,'faq_schema_config','[[[{\"key\":\"question\",\"value\":\"What Shipping Methods Are Available?\"},{\"key\":\"answer\",\"value\":\"Ex Portland Pitchfork irure mustache. Eutra fap before they sold out literally. Aliquip ugh bicycle rights actually mlkshk, seitan squid craft beer tempor.\"}],[{\"key\":\"question\",\"value\":\"Do You Ship Internationally?\"},{\"key\":\"answer\",\"value\":\"Hoodie tote bag mixtape tofu. Typewriter jean shorts wolf quinoa, messenger bag organic freegan cray.\"}],[{\"key\":\"question\",\"value\":\"How Long Will It Take To Get My Package?\"},{\"key\":\"answer\",\"value\":\"Swag slow-carb quinoa VHS typewriter pork belly brunch, paleo single-origin coffee Wes Anderson. Flexitarian Pitchfork forage, literally paleo fap pour-over. Wes Anderson Pinterest YOLO fanny pack meggings, deep v XOXO chambray sustainable slow-carb raw denim church-key fap chillwave Etsy. +1 typewriter kitsch, American Apparel tofu Banksy Vice.\"}],[{\"key\":\"question\",\"value\":\"What Payment Methods Are Accepted?\"},{\"key\":\"answer\",\"value\":\"Fashion axe DIY jean shorts, swag kale chips meh polaroid kogi butcher Wes Anderson chambray next level semiotics gentrify yr. Voluptate photo booth fugiat Vice. Austin sed Williamsburg, ea labore raw denim voluptate cred proident mixtape excepteur mustache. Twee chia photo booth readymade food truck, hoodie roof party swag keytar PBR DIY.\"}],[{\"key\":\"question\",\"value\":\"Is Buying On-Line Safe?\"},{\"key\":\"answer\",\"value\":\"Art party authentic freegan semiotics jean shorts chia cred. Neutra Austin roof party Brooklyn, synth Thundercats swag 8-bit photo booth. Plaid letterpress leggings craft beer meh ethical Pinterest.\"}]]]',4,'Botble\\Ecommerce\\Models\\Product','2022-01-03 21:23:57','2022-01-03 21:23:57'),(19,'faq_schema_config','[[[{\"key\":\"question\",\"value\":\"What Shipping Methods Are Available?\"},{\"key\":\"answer\",\"value\":\"Ex Portland Pitchfork irure mustache. Eutra fap before they sold out literally. Aliquip ugh bicycle rights actually mlkshk, seitan squid craft beer tempor.\"}],[{\"key\":\"question\",\"value\":\"Do You Ship Internationally?\"},{\"key\":\"answer\",\"value\":\"Hoodie tote bag mixtape tofu. Typewriter jean shorts wolf quinoa, messenger bag organic freegan cray.\"}],[{\"key\":\"question\",\"value\":\"How Long Will It Take To Get My Package?\"},{\"key\":\"answer\",\"value\":\"Swag slow-carb quinoa VHS typewriter pork belly brunch, paleo single-origin coffee Wes Anderson. Flexitarian Pitchfork forage, literally paleo fap pour-over. Wes Anderson Pinterest YOLO fanny pack meggings, deep v XOXO chambray sustainable slow-carb raw denim church-key fap chillwave Etsy. +1 typewriter kitsch, American Apparel tofu Banksy Vice.\"}],[{\"key\":\"question\",\"value\":\"What Payment Methods Are Accepted?\"},{\"key\":\"answer\",\"value\":\"Fashion axe DIY jean shorts, swag kale chips meh polaroid kogi butcher Wes Anderson chambray next level semiotics gentrify yr. Voluptate photo booth fugiat Vice. Austin sed Williamsburg, ea labore raw denim voluptate cred proident mixtape excepteur mustache. Twee chia photo booth readymade food truck, hoodie roof party swag keytar PBR DIY.\"}],[{\"key\":\"question\",\"value\":\"Is Buying On-Line Safe?\"},{\"key\":\"answer\",\"value\":\"Art party authentic freegan semiotics jean shorts chia cred. Neutra Austin roof party Brooklyn, synth Thundercats swag 8-bit photo booth. Plaid letterpress leggings craft beer meh ethical Pinterest.\"}]]]',5,'Botble\\Ecommerce\\Models\\Product','2022-01-03 21:23:57','2022-01-03 21:23:57'),(20,'faq_schema_config','[[[{\"key\":\"question\",\"value\":\"What Shipping Methods Are Available?\"},{\"key\":\"answer\",\"value\":\"Ex Portland Pitchfork irure mustache. Eutra fap before they sold out literally. Aliquip ugh bicycle rights actually mlkshk, seitan squid craft beer tempor.\"}],[{\"key\":\"question\",\"value\":\"Do You Ship Internationally?\"},{\"key\":\"answer\",\"value\":\"Hoodie tote bag mixtape tofu. Typewriter jean shorts wolf quinoa, messenger bag organic freegan cray.\"}],[{\"key\":\"question\",\"value\":\"How Long Will It Take To Get My Package?\"},{\"key\":\"answer\",\"value\":\"Swag slow-carb quinoa VHS typewriter pork belly brunch, paleo single-origin coffee Wes Anderson. Flexitarian Pitchfork forage, literally paleo fap pour-over. Wes Anderson Pinterest YOLO fanny pack meggings, deep v XOXO chambray sustainable slow-carb raw denim church-key fap chillwave Etsy. +1 typewriter kitsch, American Apparel tofu Banksy Vice.\"}],[{\"key\":\"question\",\"value\":\"What Payment Methods Are Accepted?\"},{\"key\":\"answer\",\"value\":\"Fashion axe DIY jean shorts, swag kale chips meh polaroid kogi butcher Wes Anderson chambray next level semiotics gentrify yr. Voluptate photo booth fugiat Vice. Austin sed Williamsburg, ea labore raw denim voluptate cred proident mixtape excepteur mustache. Twee chia photo booth readymade food truck, hoodie roof party swag keytar PBR DIY.\"}],[{\"key\":\"question\",\"value\":\"Is Buying On-Line Safe?\"},{\"key\":\"answer\",\"value\":\"Art party authentic freegan semiotics jean shorts chia cred. Neutra Austin roof party Brooklyn, synth Thundercats swag 8-bit photo booth. Plaid letterpress leggings craft beer meh ethical Pinterest.\"}]]]',6,'Botble\\Ecommerce\\Models\\Product','2022-01-03 21:23:57','2022-01-03 21:23:57'),(21,'faq_schema_config','[[[{\"key\":\"question\",\"value\":\"What Shipping Methods Are Available?\"},{\"key\":\"answer\",\"value\":\"Ex Portland Pitchfork irure mustache. Eutra fap before they sold out literally. Aliquip ugh bicycle rights actually mlkshk, seitan squid craft beer tempor.\"}],[{\"key\":\"question\",\"value\":\"Do You Ship Internationally?\"},{\"key\":\"answer\",\"value\":\"Hoodie tote bag mixtape tofu. Typewriter jean shorts wolf quinoa, messenger bag organic freegan cray.\"}],[{\"key\":\"question\",\"value\":\"How Long Will It Take To Get My Package?\"},{\"key\":\"answer\",\"value\":\"Swag slow-carb quinoa VHS typewriter pork belly brunch, paleo single-origin coffee Wes Anderson. Flexitarian Pitchfork forage, literally paleo fap pour-over. Wes Anderson Pinterest YOLO fanny pack meggings, deep v XOXO chambray sustainable slow-carb raw denim church-key fap chillwave Etsy. +1 typewriter kitsch, American Apparel tofu Banksy Vice.\"}],[{\"key\":\"question\",\"value\":\"What Payment Methods Are Accepted?\"},{\"key\":\"answer\",\"value\":\"Fashion axe DIY jean shorts, swag kale chips meh polaroid kogi butcher Wes Anderson chambray next level semiotics gentrify yr. Voluptate photo booth fugiat Vice. Austin sed Williamsburg, ea labore raw denim voluptate cred proident mixtape excepteur mustache. Twee chia photo booth readymade food truck, hoodie roof party swag keytar PBR DIY.\"}],[{\"key\":\"question\",\"value\":\"Is Buying On-Line Safe?\"},{\"key\":\"answer\",\"value\":\"Art party authentic freegan semiotics jean shorts chia cred. Neutra Austin roof party Brooklyn, synth Thundercats swag 8-bit photo booth. Plaid letterpress leggings craft beer meh ethical Pinterest.\"}]]]',7,'Botble\\Ecommerce\\Models\\Product','2022-01-03 21:23:57','2022-01-03 21:23:57'),(22,'faq_schema_config','[[[{\"key\":\"question\",\"value\":\"What Shipping Methods Are Available?\"},{\"key\":\"answer\",\"value\":\"Ex Portland Pitchfork irure mustache. Eutra fap before they sold out literally. Aliquip ugh bicycle rights actually mlkshk, seitan squid craft beer tempor.\"}],[{\"key\":\"question\",\"value\":\"Do You Ship Internationally?\"},{\"key\":\"answer\",\"value\":\"Hoodie tote bag mixtape tofu. Typewriter jean shorts wolf quinoa, messenger bag organic freegan cray.\"}],[{\"key\":\"question\",\"value\":\"How Long Will It Take To Get My Package?\"},{\"key\":\"answer\",\"value\":\"Swag slow-carb quinoa VHS typewriter pork belly brunch, paleo single-origin coffee Wes Anderson. Flexitarian Pitchfork forage, literally paleo fap pour-over. Wes Anderson Pinterest YOLO fanny pack meggings, deep v XOXO chambray sustainable slow-carb raw denim church-key fap chillwave Etsy. +1 typewriter kitsch, American Apparel tofu Banksy Vice.\"}],[{\"key\":\"question\",\"value\":\"What Payment Methods Are Accepted?\"},{\"key\":\"answer\",\"value\":\"Fashion axe DIY jean shorts, swag kale chips meh polaroid kogi butcher Wes Anderson chambray next level semiotics gentrify yr. Voluptate photo booth fugiat Vice. Austin sed Williamsburg, ea labore raw denim voluptate cred proident mixtape excepteur mustache. Twee chia photo booth readymade food truck, hoodie roof party swag keytar PBR DIY.\"}],[{\"key\":\"question\",\"value\":\"Is Buying On-Line Safe?\"},{\"key\":\"answer\",\"value\":\"Art party authentic freegan semiotics jean shorts chia cred. Neutra Austin roof party Brooklyn, synth Thundercats swag 8-bit photo booth. Plaid letterpress leggings craft beer meh ethical Pinterest.\"}]]]',8,'Botble\\Ecommerce\\Models\\Product','2022-01-03 21:23:57','2022-01-03 21:23:57'),(23,'faq_schema_config','[[[{\"key\":\"question\",\"value\":\"What Shipping Methods Are Available?\"},{\"key\":\"answer\",\"value\":\"Ex Portland Pitchfork irure mustache. Eutra fap before they sold out literally. Aliquip ugh bicycle rights actually mlkshk, seitan squid craft beer tempor.\"}],[{\"key\":\"question\",\"value\":\"Do You Ship Internationally?\"},{\"key\":\"answer\",\"value\":\"Hoodie tote bag mixtape tofu. Typewriter jean shorts wolf quinoa, messenger bag organic freegan cray.\"}],[{\"key\":\"question\",\"value\":\"How Long Will It Take To Get My Package?\"},{\"key\":\"answer\",\"value\":\"Swag slow-carb quinoa VHS typewriter pork belly brunch, paleo single-origin coffee Wes Anderson. Flexitarian Pitchfork forage, literally paleo fap pour-over. Wes Anderson Pinterest YOLO fanny pack meggings, deep v XOXO chambray sustainable slow-carb raw denim church-key fap chillwave Etsy. +1 typewriter kitsch, American Apparel tofu Banksy Vice.\"}],[{\"key\":\"question\",\"value\":\"What Payment Methods Are Accepted?\"},{\"key\":\"answer\",\"value\":\"Fashion axe DIY jean shorts, swag kale chips meh polaroid kogi butcher Wes Anderson chambray next level semiotics gentrify yr. Voluptate photo booth fugiat Vice. Austin sed Williamsburg, ea labore raw denim voluptate cred proident mixtape excepteur mustache. Twee chia photo booth readymade food truck, hoodie roof party swag keytar PBR DIY.\"}],[{\"key\":\"question\",\"value\":\"Is Buying On-Line Safe?\"},{\"key\":\"answer\",\"value\":\"Art party authentic freegan semiotics jean shorts chia cred. Neutra Austin roof party Brooklyn, synth Thundercats swag 8-bit photo booth. Plaid letterpress leggings craft beer meh ethical Pinterest.\"}]]]',9,'Botble\\Ecommerce\\Models\\Product','2022-01-03 21:23:57','2022-01-03 21:23:57'),(24,'faq_schema_config','[[[{\"key\":\"question\",\"value\":\"What Shipping Methods Are Available?\"},{\"key\":\"answer\",\"value\":\"Ex Portland Pitchfork irure mustache. Eutra fap before they sold out literally. Aliquip ugh bicycle rights actually mlkshk, seitan squid craft beer tempor.\"}],[{\"key\":\"question\",\"value\":\"Do You Ship Internationally?\"},{\"key\":\"answer\",\"value\":\"Hoodie tote bag mixtape tofu. Typewriter jean shorts wolf quinoa, messenger bag organic freegan cray.\"}],[{\"key\":\"question\",\"value\":\"How Long Will It Take To Get My Package?\"},{\"key\":\"answer\",\"value\":\"Swag slow-carb quinoa VHS typewriter pork belly brunch, paleo single-origin coffee Wes Anderson. Flexitarian Pitchfork forage, literally paleo fap pour-over. Wes Anderson Pinterest YOLO fanny pack meggings, deep v XOXO chambray sustainable slow-carb raw denim church-key fap chillwave Etsy. +1 typewriter kitsch, American Apparel tofu Banksy Vice.\"}],[{\"key\":\"question\",\"value\":\"What Payment Methods Are Accepted?\"},{\"key\":\"answer\",\"value\":\"Fashion axe DIY jean shorts, swag kale chips meh polaroid kogi butcher Wes Anderson chambray next level semiotics gentrify yr. Voluptate photo booth fugiat Vice. Austin sed Williamsburg, ea labore raw denim voluptate cred proident mixtape excepteur mustache. Twee chia photo booth readymade food truck, hoodie roof party swag keytar PBR DIY.\"}],[{\"key\":\"question\",\"value\":\"Is Buying On-Line Safe?\"},{\"key\":\"answer\",\"value\":\"Art party authentic freegan semiotics jean shorts chia cred. Neutra Austin roof party Brooklyn, synth Thundercats swag 8-bit photo booth. Plaid letterpress leggings craft beer meh ethical Pinterest.\"}]]]',10,'Botble\\Ecommerce\\Models\\Product','2022-01-03 21:23:57','2022-01-03 21:23:57'),(25,'faq_schema_config','[[[{\"key\":\"question\",\"value\":\"What Shipping Methods Are Available?\"},{\"key\":\"answer\",\"value\":\"Ex Portland Pitchfork irure mustache. Eutra fap before they sold out literally. Aliquip ugh bicycle rights actually mlkshk, seitan squid craft beer tempor.\"}],[{\"key\":\"question\",\"value\":\"Do You Ship Internationally?\"},{\"key\":\"answer\",\"value\":\"Hoodie tote bag mixtape tofu. Typewriter jean shorts wolf quinoa, messenger bag organic freegan cray.\"}],[{\"key\":\"question\",\"value\":\"How Long Will It Take To Get My Package?\"},{\"key\":\"answer\",\"value\":\"Swag slow-carb quinoa VHS typewriter pork belly brunch, paleo single-origin coffee Wes Anderson. Flexitarian Pitchfork forage, literally paleo fap pour-over. Wes Anderson Pinterest YOLO fanny pack meggings, deep v XOXO chambray sustainable slow-carb raw denim church-key fap chillwave Etsy. +1 typewriter kitsch, American Apparel tofu Banksy Vice.\"}],[{\"key\":\"question\",\"value\":\"What Payment Methods Are Accepted?\"},{\"key\":\"answer\",\"value\":\"Fashion axe DIY jean shorts, swag kale chips meh polaroid kogi butcher Wes Anderson chambray next level semiotics gentrify yr. Voluptate photo booth fugiat Vice. Austin sed Williamsburg, ea labore raw denim voluptate cred proident mixtape excepteur mustache. Twee chia photo booth readymade food truck, hoodie roof party swag keytar PBR DIY.\"}],[{\"key\":\"question\",\"value\":\"Is Buying On-Line Safe?\"},{\"key\":\"answer\",\"value\":\"Art party authentic freegan semiotics jean shorts chia cred. Neutra Austin roof party Brooklyn, synth Thundercats swag 8-bit photo booth. Plaid letterpress leggings craft beer meh ethical Pinterest.\"}]]]',11,'Botble\\Ecommerce\\Models\\Product','2022-01-03 21:23:57','2022-01-03 21:23:57'),(26,'faq_schema_config','[[[{\"key\":\"question\",\"value\":\"What Shipping Methods Are Available?\"},{\"key\":\"answer\",\"value\":\"Ex Portland Pitchfork irure mustache. Eutra fap before they sold out literally. Aliquip ugh bicycle rights actually mlkshk, seitan squid craft beer tempor.\"}],[{\"key\":\"question\",\"value\":\"Do You Ship Internationally?\"},{\"key\":\"answer\",\"value\":\"Hoodie tote bag mixtape tofu. Typewriter jean shorts wolf quinoa, messenger bag organic freegan cray.\"}],[{\"key\":\"question\",\"value\":\"How Long Will It Take To Get My Package?\"},{\"key\":\"answer\",\"value\":\"Swag slow-carb quinoa VHS typewriter pork belly brunch, paleo single-origin coffee Wes Anderson. Flexitarian Pitchfork forage, literally paleo fap pour-over. Wes Anderson Pinterest YOLO fanny pack meggings, deep v XOXO chambray sustainable slow-carb raw denim church-key fap chillwave Etsy. +1 typewriter kitsch, American Apparel tofu Banksy Vice.\"}],[{\"key\":\"question\",\"value\":\"What Payment Methods Are Accepted?\"},{\"key\":\"answer\",\"value\":\"Fashion axe DIY jean shorts, swag kale chips meh polaroid kogi butcher Wes Anderson chambray next level semiotics gentrify yr. Voluptate photo booth fugiat Vice. Austin sed Williamsburg, ea labore raw denim voluptate cred proident mixtape excepteur mustache. Twee chia photo booth readymade food truck, hoodie roof party swag keytar PBR DIY.\"}],[{\"key\":\"question\",\"value\":\"Is Buying On-Line Safe?\"},{\"key\":\"answer\",\"value\":\"Art party authentic freegan semiotics jean shorts chia cred. Neutra Austin roof party Brooklyn, synth Thundercats swag 8-bit photo booth. Plaid letterpress leggings craft beer meh ethical Pinterest.\"}]]]',12,'Botble\\Ecommerce\\Models\\Product','2022-01-03 21:23:57','2022-01-03 21:23:57'),(27,'faq_schema_config','[[[{\"key\":\"question\",\"value\":\"What Shipping Methods Are Available?\"},{\"key\":\"answer\",\"value\":\"Ex Portland Pitchfork irure mustache. Eutra fap before they sold out literally. Aliquip ugh bicycle rights actually mlkshk, seitan squid craft beer tempor.\"}],[{\"key\":\"question\",\"value\":\"Do You Ship Internationally?\"},{\"key\":\"answer\",\"value\":\"Hoodie tote bag mixtape tofu. Typewriter jean shorts wolf quinoa, messenger bag organic freegan cray.\"}],[{\"key\":\"question\",\"value\":\"How Long Will It Take To Get My Package?\"},{\"key\":\"answer\",\"value\":\"Swag slow-carb quinoa VHS typewriter pork belly brunch, paleo single-origin coffee Wes Anderson. Flexitarian Pitchfork forage, literally paleo fap pour-over. Wes Anderson Pinterest YOLO fanny pack meggings, deep v XOXO chambray sustainable slow-carb raw denim church-key fap chillwave Etsy. +1 typewriter kitsch, American Apparel tofu Banksy Vice.\"}],[{\"key\":\"question\",\"value\":\"What Payment Methods Are Accepted?\"},{\"key\":\"answer\",\"value\":\"Fashion axe DIY jean shorts, swag kale chips meh polaroid kogi butcher Wes Anderson chambray next level semiotics gentrify yr. Voluptate photo booth fugiat Vice. Austin sed Williamsburg, ea labore raw denim voluptate cred proident mixtape excepteur mustache. Twee chia photo booth readymade food truck, hoodie roof party swag keytar PBR DIY.\"}],[{\"key\":\"question\",\"value\":\"Is Buying On-Line Safe?\"},{\"key\":\"answer\",\"value\":\"Art party authentic freegan semiotics jean shorts chia cred. Neutra Austin roof party Brooklyn, synth Thundercats swag 8-bit photo booth. Plaid letterpress leggings craft beer meh ethical Pinterest.\"}]]]',13,'Botble\\Ecommerce\\Models\\Product','2022-01-03 21:23:57','2022-01-03 21:23:57'),(28,'faq_schema_config','[[[{\"key\":\"question\",\"value\":\"What Shipping Methods Are Available?\"},{\"key\":\"answer\",\"value\":\"Ex Portland Pitchfork irure mustache. Eutra fap before they sold out literally. Aliquip ugh bicycle rights actually mlkshk, seitan squid craft beer tempor.\"}],[{\"key\":\"question\",\"value\":\"Do You Ship Internationally?\"},{\"key\":\"answer\",\"value\":\"Hoodie tote bag mixtape tofu. Typewriter jean shorts wolf quinoa, messenger bag organic freegan cray.\"}],[{\"key\":\"question\",\"value\":\"How Long Will It Take To Get My Package?\"},{\"key\":\"answer\",\"value\":\"Swag slow-carb quinoa VHS typewriter pork belly brunch, paleo single-origin coffee Wes Anderson. Flexitarian Pitchfork forage, literally paleo fap pour-over. Wes Anderson Pinterest YOLO fanny pack meggings, deep v XOXO chambray sustainable slow-carb raw denim church-key fap chillwave Etsy. +1 typewriter kitsch, American Apparel tofu Banksy Vice.\"}],[{\"key\":\"question\",\"value\":\"What Payment Methods Are Accepted?\"},{\"key\":\"answer\",\"value\":\"Fashion axe DIY jean shorts, swag kale chips meh polaroid kogi butcher Wes Anderson chambray next level semiotics gentrify yr. Voluptate photo booth fugiat Vice. Austin sed Williamsburg, ea labore raw denim voluptate cred proident mixtape excepteur mustache. Twee chia photo booth readymade food truck, hoodie roof party swag keytar PBR DIY.\"}],[{\"key\":\"question\",\"value\":\"Is Buying On-Line Safe?\"},{\"key\":\"answer\",\"value\":\"Art party authentic freegan semiotics jean shorts chia cred. Neutra Austin roof party Brooklyn, synth Thundercats swag 8-bit photo booth. Plaid letterpress leggings craft beer meh ethical Pinterest.\"}]]]',14,'Botble\\Ecommerce\\Models\\Product','2022-01-03 21:23:57','2022-01-03 21:23:57'),(29,'faq_schema_config','[[[{\"key\":\"question\",\"value\":\"What Shipping Methods Are Available?\"},{\"key\":\"answer\",\"value\":\"Ex Portland Pitchfork irure mustache. Eutra fap before they sold out literally. Aliquip ugh bicycle rights actually mlkshk, seitan squid craft beer tempor.\"}],[{\"key\":\"question\",\"value\":\"Do You Ship Internationally?\"},{\"key\":\"answer\",\"value\":\"Hoodie tote bag mixtape tofu. Typewriter jean shorts wolf quinoa, messenger bag organic freegan cray.\"}],[{\"key\":\"question\",\"value\":\"How Long Will It Take To Get My Package?\"},{\"key\":\"answer\",\"value\":\"Swag slow-carb quinoa VHS typewriter pork belly brunch, paleo single-origin coffee Wes Anderson. Flexitarian Pitchfork forage, literally paleo fap pour-over. Wes Anderson Pinterest YOLO fanny pack meggings, deep v XOXO chambray sustainable slow-carb raw denim church-key fap chillwave Etsy. +1 typewriter kitsch, American Apparel tofu Banksy Vice.\"}],[{\"key\":\"question\",\"value\":\"What Payment Methods Are Accepted?\"},{\"key\":\"answer\",\"value\":\"Fashion axe DIY jean shorts, swag kale chips meh polaroid kogi butcher Wes Anderson chambray next level semiotics gentrify yr. Voluptate photo booth fugiat Vice. Austin sed Williamsburg, ea labore raw denim voluptate cred proident mixtape excepteur mustache. Twee chia photo booth readymade food truck, hoodie roof party swag keytar PBR DIY.\"}],[{\"key\":\"question\",\"value\":\"Is Buying On-Line Safe?\"},{\"key\":\"answer\",\"value\":\"Art party authentic freegan semiotics jean shorts chia cred. Neutra Austin roof party Brooklyn, synth Thundercats swag 8-bit photo booth. Plaid letterpress leggings craft beer meh ethical Pinterest.\"}]]]',15,'Botble\\Ecommerce\\Models\\Product','2022-01-03 21:23:57','2022-01-03 21:23:57'),(30,'faq_schema_config','[[[{\"key\":\"question\",\"value\":\"What Shipping Methods Are Available?\"},{\"key\":\"answer\",\"value\":\"Ex Portland Pitchfork irure mustache. Eutra fap before they sold out literally. Aliquip ugh bicycle rights actually mlkshk, seitan squid craft beer tempor.\"}],[{\"key\":\"question\",\"value\":\"Do You Ship Internationally?\"},{\"key\":\"answer\",\"value\":\"Hoodie tote bag mixtape tofu. Typewriter jean shorts wolf quinoa, messenger bag organic freegan cray.\"}],[{\"key\":\"question\",\"value\":\"How Long Will It Take To Get My Package?\"},{\"key\":\"answer\",\"value\":\"Swag slow-carb quinoa VHS typewriter pork belly brunch, paleo single-origin coffee Wes Anderson. Flexitarian Pitchfork forage, literally paleo fap pour-over. Wes Anderson Pinterest YOLO fanny pack meggings, deep v XOXO chambray sustainable slow-carb raw denim church-key fap chillwave Etsy. +1 typewriter kitsch, American Apparel tofu Banksy Vice.\"}],[{\"key\":\"question\",\"value\":\"What Payment Methods Are Accepted?\"},{\"key\":\"answer\",\"value\":\"Fashion axe DIY jean shorts, swag kale chips meh polaroid kogi butcher Wes Anderson chambray next level semiotics gentrify yr. Voluptate photo booth fugiat Vice. Austin sed Williamsburg, ea labore raw denim voluptate cred proident mixtape excepteur mustache. Twee chia photo booth readymade food truck, hoodie roof party swag keytar PBR DIY.\"}],[{\"key\":\"question\",\"value\":\"Is Buying On-Line Safe?\"},{\"key\":\"answer\",\"value\":\"Art party authentic freegan semiotics jean shorts chia cred. Neutra Austin roof party Brooklyn, synth Thundercats swag 8-bit photo booth. Plaid letterpress leggings craft beer meh ethical Pinterest.\"}]]]',16,'Botble\\Ecommerce\\Models\\Product','2022-01-03 21:23:57','2022-01-03 21:23:57'),(31,'faq_schema_config','[[[{\"key\":\"question\",\"value\":\"What Shipping Methods Are Available?\"},{\"key\":\"answer\",\"value\":\"Ex Portland Pitchfork irure mustache. Eutra fap before they sold out literally. Aliquip ugh bicycle rights actually mlkshk, seitan squid craft beer tempor.\"}],[{\"key\":\"question\",\"value\":\"Do You Ship Internationally?\"},{\"key\":\"answer\",\"value\":\"Hoodie tote bag mixtape tofu. Typewriter jean shorts wolf quinoa, messenger bag organic freegan cray.\"}],[{\"key\":\"question\",\"value\":\"How Long Will It Take To Get My Package?\"},{\"key\":\"answer\",\"value\":\"Swag slow-carb quinoa VHS typewriter pork belly brunch, paleo single-origin coffee Wes Anderson. Flexitarian Pitchfork forage, literally paleo fap pour-over. Wes Anderson Pinterest YOLO fanny pack meggings, deep v XOXO chambray sustainable slow-carb raw denim church-key fap chillwave Etsy. +1 typewriter kitsch, American Apparel tofu Banksy Vice.\"}],[{\"key\":\"question\",\"value\":\"What Payment Methods Are Accepted?\"},{\"key\":\"answer\",\"value\":\"Fashion axe DIY jean shorts, swag kale chips meh polaroid kogi butcher Wes Anderson chambray next level semiotics gentrify yr. Voluptate photo booth fugiat Vice. Austin sed Williamsburg, ea labore raw denim voluptate cred proident mixtape excepteur mustache. Twee chia photo booth readymade food truck, hoodie roof party swag keytar PBR DIY.\"}],[{\"key\":\"question\",\"value\":\"Is Buying On-Line Safe?\"},{\"key\":\"answer\",\"value\":\"Art party authentic freegan semiotics jean shorts chia cred. Neutra Austin roof party Brooklyn, synth Thundercats swag 8-bit photo booth. Plaid letterpress leggings craft beer meh ethical Pinterest.\"}]]]',17,'Botble\\Ecommerce\\Models\\Product','2022-01-03 21:23:57','2022-01-03 21:23:57'),(32,'faq_schema_config','[[[{\"key\":\"question\",\"value\":\"What Shipping Methods Are Available?\"},{\"key\":\"answer\",\"value\":\"Ex Portland Pitchfork irure mustache. Eutra fap before they sold out literally. Aliquip ugh bicycle rights actually mlkshk, seitan squid craft beer tempor.\"}],[{\"key\":\"question\",\"value\":\"Do You Ship Internationally?\"},{\"key\":\"answer\",\"value\":\"Hoodie tote bag mixtape tofu. Typewriter jean shorts wolf quinoa, messenger bag organic freegan cray.\"}],[{\"key\":\"question\",\"value\":\"How Long Will It Take To Get My Package?\"},{\"key\":\"answer\",\"value\":\"Swag slow-carb quinoa VHS typewriter pork belly brunch, paleo single-origin coffee Wes Anderson. Flexitarian Pitchfork forage, literally paleo fap pour-over. Wes Anderson Pinterest YOLO fanny pack meggings, deep v XOXO chambray sustainable slow-carb raw denim church-key fap chillwave Etsy. +1 typewriter kitsch, American Apparel tofu Banksy Vice.\"}],[{\"key\":\"question\",\"value\":\"What Payment Methods Are Accepted?\"},{\"key\":\"answer\",\"value\":\"Fashion axe DIY jean shorts, swag kale chips meh polaroid kogi butcher Wes Anderson chambray next level semiotics gentrify yr. Voluptate photo booth fugiat Vice. Austin sed Williamsburg, ea labore raw denim voluptate cred proident mixtape excepteur mustache. Twee chia photo booth readymade food truck, hoodie roof party swag keytar PBR DIY.\"}],[{\"key\":\"question\",\"value\":\"Is Buying On-Line Safe?\"},{\"key\":\"answer\",\"value\":\"Art party authentic freegan semiotics jean shorts chia cred. Neutra Austin roof party Brooklyn, synth Thundercats swag 8-bit photo booth. Plaid letterpress leggings craft beer meh ethical Pinterest.\"}]]]',18,'Botble\\Ecommerce\\Models\\Product','2022-01-03 21:23:57','2022-01-03 21:23:57'),(33,'faq_schema_config','[[[{\"key\":\"question\",\"value\":\"What Shipping Methods Are Available?\"},{\"key\":\"answer\",\"value\":\"Ex Portland Pitchfork irure mustache. Eutra fap before they sold out literally. Aliquip ugh bicycle rights actually mlkshk, seitan squid craft beer tempor.\"}],[{\"key\":\"question\",\"value\":\"Do You Ship Internationally?\"},{\"key\":\"answer\",\"value\":\"Hoodie tote bag mixtape tofu. Typewriter jean shorts wolf quinoa, messenger bag organic freegan cray.\"}],[{\"key\":\"question\",\"value\":\"How Long Will It Take To Get My Package?\"},{\"key\":\"answer\",\"value\":\"Swag slow-carb quinoa VHS typewriter pork belly brunch, paleo single-origin coffee Wes Anderson. Flexitarian Pitchfork forage, literally paleo fap pour-over. Wes Anderson Pinterest YOLO fanny pack meggings, deep v XOXO chambray sustainable slow-carb raw denim church-key fap chillwave Etsy. +1 typewriter kitsch, American Apparel tofu Banksy Vice.\"}],[{\"key\":\"question\",\"value\":\"What Payment Methods Are Accepted?\"},{\"key\":\"answer\",\"value\":\"Fashion axe DIY jean shorts, swag kale chips meh polaroid kogi butcher Wes Anderson chambray next level semiotics gentrify yr. Voluptate photo booth fugiat Vice. Austin sed Williamsburg, ea labore raw denim voluptate cred proident mixtape excepteur mustache. Twee chia photo booth readymade food truck, hoodie roof party swag keytar PBR DIY.\"}],[{\"key\":\"question\",\"value\":\"Is Buying On-Line Safe?\"},{\"key\":\"answer\",\"value\":\"Art party authentic freegan semiotics jean shorts chia cred. Neutra Austin roof party Brooklyn, synth Thundercats swag 8-bit photo booth. Plaid letterpress leggings craft beer meh ethical Pinterest.\"}]]]',19,'Botble\\Ecommerce\\Models\\Product','2022-01-03 21:23:57','2022-01-03 21:23:57'),(34,'faq_schema_config','[[[{\"key\":\"question\",\"value\":\"What Shipping Methods Are Available?\"},{\"key\":\"answer\",\"value\":\"Ex Portland Pitchfork irure mustache. Eutra fap before they sold out literally. Aliquip ugh bicycle rights actually mlkshk, seitan squid craft beer tempor.\"}],[{\"key\":\"question\",\"value\":\"Do You Ship Internationally?\"},{\"key\":\"answer\",\"value\":\"Hoodie tote bag mixtape tofu. Typewriter jean shorts wolf quinoa, messenger bag organic freegan cray.\"}],[{\"key\":\"question\",\"value\":\"How Long Will It Take To Get My Package?\"},{\"key\":\"answer\",\"value\":\"Swag slow-carb quinoa VHS typewriter pork belly brunch, paleo single-origin coffee Wes Anderson. Flexitarian Pitchfork forage, literally paleo fap pour-over. Wes Anderson Pinterest YOLO fanny pack meggings, deep v XOXO chambray sustainable slow-carb raw denim church-key fap chillwave Etsy. +1 typewriter kitsch, American Apparel tofu Banksy Vice.\"}],[{\"key\":\"question\",\"value\":\"What Payment Methods Are Accepted?\"},{\"key\":\"answer\",\"value\":\"Fashion axe DIY jean shorts, swag kale chips meh polaroid kogi butcher Wes Anderson chambray next level semiotics gentrify yr. Voluptate photo booth fugiat Vice. Austin sed Williamsburg, ea labore raw denim voluptate cred proident mixtape excepteur mustache. Twee chia photo booth readymade food truck, hoodie roof party swag keytar PBR DIY.\"}],[{\"key\":\"question\",\"value\":\"Is Buying On-Line Safe?\"},{\"key\":\"answer\",\"value\":\"Art party authentic freegan semiotics jean shorts chia cred. Neutra Austin roof party Brooklyn, synth Thundercats swag 8-bit photo booth. Plaid letterpress leggings craft beer meh ethical Pinterest.\"}]]]',20,'Botble\\Ecommerce\\Models\\Product','2022-01-03 21:23:57','2022-01-03 21:23:57'),(35,'faq_schema_config','[[[{\"key\":\"question\",\"value\":\"What Shipping Methods Are Available?\"},{\"key\":\"answer\",\"value\":\"Ex Portland Pitchfork irure mustache. Eutra fap before they sold out literally. Aliquip ugh bicycle rights actually mlkshk, seitan squid craft beer tempor.\"}],[{\"key\":\"question\",\"value\":\"Do You Ship Internationally?\"},{\"key\":\"answer\",\"value\":\"Hoodie tote bag mixtape tofu. Typewriter jean shorts wolf quinoa, messenger bag organic freegan cray.\"}],[{\"key\":\"question\",\"value\":\"How Long Will It Take To Get My Package?\"},{\"key\":\"answer\",\"value\":\"Swag slow-carb quinoa VHS typewriter pork belly brunch, paleo single-origin coffee Wes Anderson. Flexitarian Pitchfork forage, literally paleo fap pour-over. Wes Anderson Pinterest YOLO fanny pack meggings, deep v XOXO chambray sustainable slow-carb raw denim church-key fap chillwave Etsy. +1 typewriter kitsch, American Apparel tofu Banksy Vice.\"}],[{\"key\":\"question\",\"value\":\"What Payment Methods Are Accepted?\"},{\"key\":\"answer\",\"value\":\"Fashion axe DIY jean shorts, swag kale chips meh polaroid kogi butcher Wes Anderson chambray next level semiotics gentrify yr. Voluptate photo booth fugiat Vice. Austin sed Williamsburg, ea labore raw denim voluptate cred proident mixtape excepteur mustache. Twee chia photo booth readymade food truck, hoodie roof party swag keytar PBR DIY.\"}],[{\"key\":\"question\",\"value\":\"Is Buying On-Line Safe?\"},{\"key\":\"answer\",\"value\":\"Art party authentic freegan semiotics jean shorts chia cred. Neutra Austin roof party Brooklyn, synth Thundercats swag 8-bit photo booth. Plaid letterpress leggings craft beer meh ethical Pinterest.\"}]]]',21,'Botble\\Ecommerce\\Models\\Product','2022-01-03 21:23:57','2022-01-03 21:23:57'),(36,'faq_schema_config','[[[{\"key\":\"question\",\"value\":\"What Shipping Methods Are Available?\"},{\"key\":\"answer\",\"value\":\"Ex Portland Pitchfork irure mustache. Eutra fap before they sold out literally. Aliquip ugh bicycle rights actually mlkshk, seitan squid craft beer tempor.\"}],[{\"key\":\"question\",\"value\":\"Do You Ship Internationally?\"},{\"key\":\"answer\",\"value\":\"Hoodie tote bag mixtape tofu. Typewriter jean shorts wolf quinoa, messenger bag organic freegan cray.\"}],[{\"key\":\"question\",\"value\":\"How Long Will It Take To Get My Package?\"},{\"key\":\"answer\",\"value\":\"Swag slow-carb quinoa VHS typewriter pork belly brunch, paleo single-origin coffee Wes Anderson. Flexitarian Pitchfork forage, literally paleo fap pour-over. Wes Anderson Pinterest YOLO fanny pack meggings, deep v XOXO chambray sustainable slow-carb raw denim church-key fap chillwave Etsy. +1 typewriter kitsch, American Apparel tofu Banksy Vice.\"}],[{\"key\":\"question\",\"value\":\"What Payment Methods Are Accepted?\"},{\"key\":\"answer\",\"value\":\"Fashion axe DIY jean shorts, swag kale chips meh polaroid kogi butcher Wes Anderson chambray next level semiotics gentrify yr. Voluptate photo booth fugiat Vice. Austin sed Williamsburg, ea labore raw denim voluptate cred proident mixtape excepteur mustache. Twee chia photo booth readymade food truck, hoodie roof party swag keytar PBR DIY.\"}],[{\"key\":\"question\",\"value\":\"Is Buying On-Line Safe?\"},{\"key\":\"answer\",\"value\":\"Art party authentic freegan semiotics jean shorts chia cred. Neutra Austin roof party Brooklyn, synth Thundercats swag 8-bit photo booth. Plaid letterpress leggings craft beer meh ethical Pinterest.\"}]]]',22,'Botble\\Ecommerce\\Models\\Product','2022-01-03 21:23:57','2022-01-03 21:23:57'),(37,'faq_schema_config','[[[{\"key\":\"question\",\"value\":\"What Shipping Methods Are Available?\"},{\"key\":\"answer\",\"value\":\"Ex Portland Pitchfork irure mustache. Eutra fap before they sold out literally. Aliquip ugh bicycle rights actually mlkshk, seitan squid craft beer tempor.\"}],[{\"key\":\"question\",\"value\":\"Do You Ship Internationally?\"},{\"key\":\"answer\",\"value\":\"Hoodie tote bag mixtape tofu. Typewriter jean shorts wolf quinoa, messenger bag organic freegan cray.\"}],[{\"key\":\"question\",\"value\":\"How Long Will It Take To Get My Package?\"},{\"key\":\"answer\",\"value\":\"Swag slow-carb quinoa VHS typewriter pork belly brunch, paleo single-origin coffee Wes Anderson. Flexitarian Pitchfork forage, literally paleo fap pour-over. Wes Anderson Pinterest YOLO fanny pack meggings, deep v XOXO chambray sustainable slow-carb raw denim church-key fap chillwave Etsy. +1 typewriter kitsch, American Apparel tofu Banksy Vice.\"}],[{\"key\":\"question\",\"value\":\"What Payment Methods Are Accepted?\"},{\"key\":\"answer\",\"value\":\"Fashion axe DIY jean shorts, swag kale chips meh polaroid kogi butcher Wes Anderson chambray next level semiotics gentrify yr. Voluptate photo booth fugiat Vice. Austin sed Williamsburg, ea labore raw denim voluptate cred proident mixtape excepteur mustache. Twee chia photo booth readymade food truck, hoodie roof party swag keytar PBR DIY.\"}],[{\"key\":\"question\",\"value\":\"Is Buying On-Line Safe?\"},{\"key\":\"answer\",\"value\":\"Art party authentic freegan semiotics jean shorts chia cred. Neutra Austin roof party Brooklyn, synth Thundercats swag 8-bit photo booth. Plaid letterpress leggings craft beer meh ethical Pinterest.\"}]]]',23,'Botble\\Ecommerce\\Models\\Product','2022-01-03 21:23:57','2022-01-03 21:23:57');
/*!40000 ALTER TABLE `meta_boxes` ENABLE KEYS */;
UNLOCK TABLES;

--
-- Table structure for table `migrations`
--

DROP TABLE IF EXISTS `migrations`;
/*!40101 SET @saved_cs_client     = @@character_set_client */;
/*!40101 SET character_set_client = utf8 */;
CREATE TABLE `migrations` (
  `id` int(10) unsigned NOT NULL AUTO_INCREMENT,
  `migration` varchar(191) COLLATE utf8mb4_unicode_ci NOT NULL,
  `batch` int(11) NOT NULL,
  PRIMARY KEY (`id`)
) ENGINE=InnoDB AUTO_INCREMENT=77 DEFAULT CHARSET=utf8mb4 COLLATE=utf8mb4_unicode_ci;
/*!40101 SET character_set_client = @saved_cs_client */;

--
-- Dumping data for table `migrations`
--

LOCK TABLES `migrations` WRITE;
/*!40000 ALTER TABLE `migrations` DISABLE KEYS */;
INSERT INTO `migrations` VALUES (1,'2013_04_09_032329_create_base_tables',1),(2,'2013_04_09_062329_create_revisions_table',1),(3,'2014_10_12_000000_create_users_table',1),(4,'2014_10_12_100000_create_password_resets_table',1),(5,'2015_06_18_033822_create_blog_table',1),(6,'2015_06_29_025744_create_audit_history',1),(7,'2016_06_10_230148_create_acl_tables',1),(8,'2016_06_14_230857_create_menus_table',1),(9,'2016_06_17_091537_create_contacts_table',1),(10,'2016_06_28_221418_create_pages_table',1),(11,'2016_10_03_032336_create_languages_table',1),(12,'2016_10_05_074239_create_setting_table',1),(13,'2016_10_07_193005_create_translations_table',1),(14,'2016_11_28_032840_create_dashboard_widget_tables',1),(15,'2016_12_16_084601_create_widgets_table',1),(16,'2017_05_09_070343_create_media_tables',1),(17,'2017_05_18_080441_create_payment_tables',1),(18,'2017_07_11_140018_create_simple_slider_table',1),(19,'2017_10_24_154832_create_newsletter_table',1),(20,'2017_11_03_070450_create_slug_table',1),(21,'2018_07_09_221238_create_faq_table',1),(22,'2019_01_05_053554_create_jobs_table',1),(23,'2019_08_19_000000_create_failed_jobs_table',1),(24,'2020_03_05_041139_create_ecommerce_tables',1),(25,'2020_09_22_135635_update_taxes_table',1),(26,'2020_09_29_101006_add_views_into_ec_products_table',1),(27,'2020_10_01_152311_make_column_image_in_product_attributes_table_nullable',1),(28,'2020_10_06_073439_improve_ecommerce_database',1),(29,'2020_11_01_040415_update_table_ec_order_addresses',1),(30,'2020_11_04_091510_make_column_phone_in_order_addresses_nullable',1),(31,'2020_11_18_150916_ads_create_ads_table',1),(32,'2020_11_30_015801_update_table_ec_product_categories',1),(33,'2021_01_01_044147_ecommerce_create_flash_sale_table',1),(34,'2021_01_17_082713_add_column_is_featured_to_product_collections_table',1),(35,'2021_01_18_024333_add_zip_code_into_table_customer_addresses',1),(36,'2021_02_16_092633_remove_default_value_for_author_type',1),(37,'2021_02_18_073505_update_table_ec_reviews',1),(38,'2021_03_10_024419_add_column_confirmed_at_to_table_ec_customers',1),(39,'2021_03_10_025153_change_column_tax_amount',1),(40,'2021_03_20_033103_add_column_availability_to_table_ec_products',1),(41,'2021_03_27_144913_add_customer_type_into_table_payments',1),(42,'2021_04_28_074008_ecommerce_create_product_label_table',1),(43,'2021_05_24_034720_make_column_currency_nullable',1),(44,'2021_05_31_173037_ecommerce_create_ec_products_translations',1),(45,'2021_06_28_153141_correct_slugs_data',1),(46,'2021_07_06_030002_create_marketplace_table',1),(47,'2021_08_02_084121_fix_old_shortcode',1),(48,'2021_08_09_161302_add_metadata_column_to_payments_table',1),(49,'2021_08_17_105016_remove_column_currency_id_in_some_tables',1),(50,'2021_08_30_142128_add_images_column_to_ec_reviews_table',1),(51,'2021_09_01_115151_remove_unused_fields_in_ec_products',1),(52,'2021_09_04_150137_add_vendor_verified_at_to_ec_customers_table',1),(53,'2021_10_04_030050_add_column_created_by_to_table_ec_products',1),(54,'2021_10_04_033903_add_column_approved_by_into_table_ec_products',1),(55,'2021_10_05_122616_add_status_column_to_ec_customers_table',1),(56,'2021_10_06_124943_add_transaction_id_column_to_mp_customer_withdrawals_table',1),(57,'2021_10_10_054216_add_columns_to_mp_customer_revenues_table',1),(58,'2021_10_19_020859_update_metadata_field',1),(59,'2021_10_25_021023_fix-priority-load-for-language-advanced',1),(60,'2021_11_03_025806_nullable_phone_number_in_ec_customer_addresses',1),(61,'2021_11_23_071403_correct_languages_for_product_variations',1),(62,'2021_11_28_031808_add_product_tags_translations',1),(63,'2021_12_01_031123_add_featured_image_to_ec_products',1),(64,'2021_12_02_035301_add_ads_translations_table',1),(65,'2021_12_03_030600_create_blog_translations',1),(66,'2021_12_03_075608_create_page_translations',1),(67,'2021_12_03_082134_create_faq_translations',1),(68,'2021_12_06_031304_update_table_mp_customer_revenues',1),(69,'2022_01_01_033107_update_table_ec_shipments',1),(70,'2022_02_16_042457_improve_product_attribute_sets',2),(71,'2019_11_18_061011_create_country_table',3),(72,'2021_12_03_084118_create_location_translations',3),(73,'2021_12_03_094518_migrate_old_location_data',3),(74,'2021_12_10_034440_switch_plugin_location_to_use_language_advanced',3),(75,'2022_01_16_085908_improve_plugin_location',3),(76,'2022_03_22_075758_correct_product_name',4);
/*!40000 ALTER TABLE `migrations` ENABLE KEYS */;
UNLOCK TABLES;

--
-- Table structure for table `mp_customer_revenues`
--

DROP TABLE IF EXISTS `mp_customer_revenues`;
/*!40101 SET @saved_cs_client     = @@character_set_client */;
/*!40101 SET character_set_client = utf8 */;
CREATE TABLE `mp_customer_revenues` (
  `id` bigint(20) unsigned NOT NULL AUTO_INCREMENT,
  `customer_id` int(10) unsigned DEFAULT NULL,
  `order_id` int(10) unsigned DEFAULT NULL,
  `sub_amount` decimal(15,2) DEFAULT 0.00,
  `fee` decimal(15,2) unsigned DEFAULT 0.00,
  `amount` decimal(15,2) DEFAULT 0.00,
  `current_balance` decimal(15,2) DEFAULT 0.00,
  `currency` varchar(120) COLLATE utf8mb4_unicode_ci DEFAULT NULL,
  `description` text COLLATE utf8mb4_unicode_ci DEFAULT NULL,
  `created_at` timestamp NULL DEFAULT NULL,
  `updated_at` timestamp NULL DEFAULT NULL,
  `user_id` int(10) unsigned NOT NULL DEFAULT 0,
  `type` varchar(60) COLLATE utf8mb4_unicode_ci DEFAULT NULL,
  PRIMARY KEY (`id`)
) ENGINE=InnoDB AUTO_INCREMENT=21 DEFAULT CHARSET=utf8mb4 COLLATE=utf8mb4_unicode_ci;
/*!40101 SET character_set_client = @saved_cs_client */;

--
-- Dumping data for table `mp_customer_revenues`
--

LOCK TABLES `mp_customer_revenues` WRITE;
/*!40000 ALTER TABLE `mp_customer_revenues` DISABLE KEYS */;
INSERT INTO `mp_customer_revenues` VALUES (1,5,2,667.90,0.00,667.90,2908.80,'USD',NULL,'2022-03-21 01:26:10','2022-03-21 01:26:10',0,NULL),(2,2,4,2566.20,0.00,2566.20,3673.90,'USD',NULL,'2022-03-19 01:26:10','2022-03-19 01:26:10',0,NULL),(3,5,6,1763.90,0.00,1763.90,3576.70,'USD',NULL,'2022-03-21 15:26:10','2022-03-21 15:26:10',0,NULL),(4,3,9,1410.20,0.00,1410.20,7098.40,'USD',NULL,'2022-03-21 23:26:10','2022-03-21 23:26:10',0,NULL),(5,3,11,168.53,0.00,168.53,8508.60,'USD',NULL,'2022-03-12 19:26:11','2022-03-12 19:26:11',0,NULL),(6,10,13,1850.70,0.00,1850.70,10272.40,'USD',NULL,'2022-03-21 15:26:11','2022-03-21 15:26:11',0,NULL),(7,9,15,446.60,0.00,446.60,11531.30,'USD',NULL,'2022-03-17 11:26:11','2022-03-17 11:26:11',0,NULL),(8,10,16,1850.70,0.00,1850.70,12123.10,'USD',NULL,'2022-03-14 07:26:11','2022-03-14 07:26:11',0,NULL),(9,3,17,1571.70,0.00,1571.70,8677.13,'USD',NULL,'2022-03-21 07:26:11','2022-03-21 07:26:11',0,NULL),(10,5,18,2542.00,0.00,2542.00,5340.60,'USD',NULL,'2022-03-19 15:26:11','2022-03-19 15:26:11',0,NULL),(11,10,19,1910.40,0.00,1910.40,13973.80,'USD',NULL,'2022-03-11 03:26:11','2022-03-11 03:26:11',0,NULL),(12,3,24,1571.70,0.00,1571.70,10248.83,'USD',NULL,'2022-03-01 23:26:12','2022-03-01 23:26:12',0,NULL),(13,2,28,588.50,0.00,588.50,6240.10,'USD',NULL,'2022-03-08 07:26:12','2022-03-08 07:26:12',0,NULL),(14,5,29,902.00,0.00,902.00,7882.60,'USD',NULL,'2022-03-12 19:26:12','2022-03-12 19:26:12',0,NULL),(15,3,36,2692.20,0.00,2692.20,11820.53,'USD',NULL,'2022-03-13 13:26:12','2022-03-13 13:26:12',0,NULL),(16,6,39,1077.30,0.00,1077.30,1812.70,'USD',NULL,'2022-03-12 19:26:12','2022-03-12 19:26:12',0,NULL),(17,2,40,3012.60,0.00,3012.60,6828.60,'USD',NULL,'2022-03-09 03:26:12','2022-03-09 03:26:12',0,NULL),(18,3,43,88.28,0.00,88.28,14512.73,'USD',NULL,'2022-03-19 03:26:12','2022-03-19 03:26:12',0,NULL),(19,2,49,3788.20,0.00,3788.20,9841.20,'USD',NULL,'2022-02-17 11:26:13','2022-02-17 11:26:13',0,NULL),(20,5,51,735.90,0.00,735.90,8784.60,'USD',NULL,'2022-02-20 11:26:13','2022-02-20 11:26:13',0,NULL);
/*!40000 ALTER TABLE `mp_customer_revenues` ENABLE KEYS */;
UNLOCK TABLES;

--
-- Table structure for table `mp_customer_withdrawals`
--

DROP TABLE IF EXISTS `mp_customer_withdrawals`;
/*!40101 SET @saved_cs_client     = @@character_set_client */;
/*!40101 SET character_set_client = utf8 */;
CREATE TABLE `mp_customer_withdrawals` (
  `id` bigint(20) unsigned NOT NULL AUTO_INCREMENT,
  `customer_id` int(10) unsigned DEFAULT NULL,
  `fee` decimal(15,2) unsigned DEFAULT 0.00,
  `amount` decimal(15,2) unsigned DEFAULT 0.00,
  `current_balance` decimal(15,2) unsigned DEFAULT 0.00,
  `currency` varchar(120) COLLATE utf8mb4_unicode_ci DEFAULT NULL,
  `description` text COLLATE utf8mb4_unicode_ci DEFAULT NULL,
  `bank_info` text COLLATE utf8mb4_unicode_ci DEFAULT NULL,
  `payment_channel` varchar(60) COLLATE utf8mb4_unicode_ci DEFAULT NULL,
  `user_id` int(10) unsigned NOT NULL DEFAULT 0,
  `status` varchar(60) COLLATE utf8mb4_unicode_ci NOT NULL DEFAULT 'pending',
  `images` text COLLATE utf8mb4_unicode_ci DEFAULT NULL,
  `created_at` timestamp NULL DEFAULT NULL,
  `updated_at` timestamp NULL DEFAULT NULL,
  `transaction_id` varchar(60) COLLATE utf8mb4_unicode_ci DEFAULT NULL,
  PRIMARY KEY (`id`)
) ENGINE=InnoDB AUTO_INCREMENT=16 DEFAULT CHARSET=utf8mb4 COLLATE=utf8mb4_unicode_ci;
/*!40101 SET character_set_client = @saved_cs_client */;

--
-- Dumping data for table `mp_customer_withdrawals`
--

LOCK TABLES `mp_customer_withdrawals` WRITE;
/*!40000 ALTER TABLE `mp_customer_withdrawals` DISABLE KEYS */;
INSERT INTO `mp_customer_withdrawals` VALUES (1,2,0.00,1332.00,13629.40,'USD','','{\"name\":\"Kristy Hettinger\",\"number\":\"+19256148340\",\"full_name\":\"Eliza Kassulke\",\"description\":\"Alycia McLaughlin\"}',NULL,0,'processing',NULL,'2022-03-22 19:26:13','2022-03-22 19:26:13',NULL),(2,2,0.00,1512.00,12297.40,'USD','','{\"name\":\"Kristy Hettinger\",\"number\":\"+19256148340\",\"full_name\":\"Eliza Kassulke\",\"description\":\"Alycia McLaughlin\"}',NULL,0,'completed',NULL,'2022-03-22 19:26:13','2022-03-22 19:26:13',NULL),(3,2,0.00,1546.00,10785.40,'USD','','{\"name\":\"Kristy Hettinger\",\"number\":\"+19256148340\",\"full_name\":\"Eliza Kassulke\",\"description\":\"Alycia McLaughlin\"}',NULL,0,'pending',NULL,'2022-03-22 19:26:13','2022-03-22 19:26:13',NULL),(4,3,0.00,4512.00,14601.01,'USD','','{\"name\":\"Donavon Schulist\",\"number\":\"+18788438162\",\"full_name\":\"Prof. Norbert Klocko II\",\"description\":\"Celine Lebsack\"}',NULL,0,'processing',NULL,'2022-03-22 19:26:13','2022-03-22 19:26:13',NULL),(5,3,0.00,1579.00,10089.01,'USD','','{\"name\":\"Donavon Schulist\",\"number\":\"+18788438162\",\"full_name\":\"Prof. Norbert Klocko II\",\"description\":\"Celine Lebsack\"}',NULL,0,'processing',NULL,'2022-03-22 19:26:13','2022-03-22 19:26:13',NULL),(6,3,0.00,1748.00,8510.01,'USD','','{\"name\":\"Donavon Schulist\",\"number\":\"+18788438162\",\"full_name\":\"Prof. Norbert Klocko II\",\"description\":\"Celine Lebsack\"}',NULL,0,'completed',NULL,'2022-03-22 19:26:14','2022-03-22 19:26:14',NULL),(7,5,0.00,572.00,9520.50,'USD','','{\"name\":\"Annette Rutherford\",\"number\":\"+14583855227\",\"full_name\":\"Rogelio Will\",\"description\":\"Clementine Ankunding DDS\"}',NULL,0,'pending',NULL,'2022-03-22 19:26:14','2022-03-22 19:26:14',NULL),(8,5,0.00,318.00,8948.50,'USD','','{\"name\":\"Annette Rutherford\",\"number\":\"+14583855227\",\"full_name\":\"Rogelio Will\",\"description\":\"Clementine Ankunding DDS\"}',NULL,0,'processing',NULL,'2022-03-22 19:26:14','2022-03-22 19:26:14',NULL),(9,6,0.00,137.00,2890.00,'USD','','{\"name\":\"Beulah Kemmer V\",\"number\":\"+14759881338\",\"full_name\":\"Eryn Welch\",\"description\":\"Dr. Tracey Walsh\"}',NULL,0,'processing',NULL,'2022-03-22 19:26:14','2022-03-22 19:26:14',NULL),(10,6,0.00,302.00,2753.00,'USD','','{\"name\":\"Beulah Kemmer V\",\"number\":\"+14759881338\",\"full_name\":\"Eryn Welch\",\"description\":\"Dr. Tracey Walsh\"}',NULL,0,'completed',NULL,'2022-03-22 19:26:14','2022-03-22 19:26:14',NULL),(11,9,0.00,3281.00,11977.90,'USD','','{\"name\":\"Hugh Wilderman\",\"number\":\"+18542103285\",\"full_name\":\"Hermina Gibson IV\",\"description\":\"Torrance Kerluke\"}',NULL,0,'processing',NULL,'2022-03-22 19:26:14','2022-03-22 19:26:14',NULL),(12,9,0.00,2607.00,8696.90,'USD','','{\"name\":\"Hugh Wilderman\",\"number\":\"+18542103285\",\"full_name\":\"Hermina Gibson IV\",\"description\":\"Torrance Kerluke\"}',NULL,0,'completed',NULL,'2022-03-22 19:26:14','2022-03-22 19:26:14',NULL),(13,9,0.00,1304.00,6089.90,'USD','','{\"name\":\"Hugh Wilderman\",\"number\":\"+18542103285\",\"full_name\":\"Hermina Gibson IV\",\"description\":\"Torrance Kerluke\"}',NULL,0,'pending',NULL,'2022-03-22 19:26:15','2022-03-22 19:26:15',NULL),(14,10,0.00,1986.00,15884.20,'USD','','{\"name\":\"Dr. Kris Spencer\",\"number\":\"+12179905289\",\"full_name\":\"Alfreda Keeling V\",\"description\":\"Rachel Quitzon\"}',NULL,0,'processing',NULL,'2022-03-22 19:26:15','2022-03-22 19:26:15',NULL),(15,10,0.00,265.00,13898.20,'USD','','{\"name\":\"Dr. Kris Spencer\",\"number\":\"+12179905289\",\"full_name\":\"Alfreda Keeling V\",\"description\":\"Rachel Quitzon\"}',NULL,0,'completed',NULL,'2022-03-22 19:26:15','2022-03-22 19:26:15',NULL);
/*!40000 ALTER TABLE `mp_customer_withdrawals` ENABLE KEYS */;
UNLOCK TABLES;

--
-- Table structure for table `mp_stores`
--

DROP TABLE IF EXISTS `mp_stores`;
/*!40101 SET @saved_cs_client     = @@character_set_client */;
/*!40101 SET character_set_client = utf8 */;
CREATE TABLE `mp_stores` (
  `id` bigint(20) unsigned NOT NULL AUTO_INCREMENT,
  `name` varchar(255) COLLATE utf8mb4_unicode_ci NOT NULL,
  `email` varchar(60) COLLATE utf8mb4_unicode_ci DEFAULT NULL,
  `phone` varchar(20) COLLATE utf8mb4_unicode_ci DEFAULT NULL,
  `address` varchar(255) COLLATE utf8mb4_unicode_ci DEFAULT NULL,
  `country` varchar(120) COLLATE utf8mb4_unicode_ci DEFAULT NULL,
  `state` varchar(120) COLLATE utf8mb4_unicode_ci DEFAULT NULL,
  `city` varchar(120) COLLATE utf8mb4_unicode_ci DEFAULT NULL,
  `customer_id` int(10) unsigned DEFAULT NULL,
  `logo` varchar(255) COLLATE utf8mb4_unicode_ci DEFAULT NULL,
  `description` varchar(400) COLLATE utf8mb4_unicode_ci DEFAULT NULL,
  `content` longtext COLLATE utf8mb4_unicode_ci DEFAULT NULL,
  `status` varchar(60) COLLATE utf8mb4_unicode_ci NOT NULL DEFAULT 'published',
  `vendor_verified_at` datetime DEFAULT NULL,
  `created_at` timestamp NULL DEFAULT NULL,
  `updated_at` timestamp NULL DEFAULT NULL,
  PRIMARY KEY (`id`)
) ENGINE=InnoDB AUTO_INCREMENT=7 DEFAULT CHARSET=utf8mb4 COLLATE=utf8mb4_unicode_ci;
/*!40101 SET character_set_client = @saved_cs_client */;

--
-- Dumping data for table `mp_stores`
--

LOCK TABLES `mp_stores` WRITE;
/*!40000 ALTER TABLE `mp_stores` DISABLE KEYS */;
INSERT INTO `mp_stores` VALUES (1,'GoPro','nienow.kris@example.com','+12482037236','500 Sedrick Glens Apt. 606','DJ','Oklahoma','North Deshaunchester',2,'stores/1.png','Nulla rerum molestias culpa et illum asperiores.','Ullam ab itaque necessitatibus ducimus ipsum. Est eum ex ipsum tempora deserunt. Optio reiciendis unde sint.','published',NULL,'2022-01-03 21:24:12','2022-01-03 21:24:12'),(2,'Global Office','milo45@example.com','+15173939353','4455 Ralph Trafficway Suite 575','MF','New York','Runolfsdottirburgh',3,'stores/2.png','Dolorum officia quia est iste.','Enim ea corporis et et velit eius inventore ducimus. Voluptas culpa suscipit non. Expedita dolore rerum temporibus rem saepe rerum et.','published',NULL,'2022-01-03 21:24:12','2022-01-03 21:24:12'),(3,'Young Shop','gdibbert@example.org','+19066953012','7167 Ankunding Mountains Apt. 246','SL','Louisiana','Veronicahaven',5,'stores/3.png','Odit inventore sapiente omnis.','Qui error ad est dolorem quia aut. Vel veritatis dolores ut quia voluptatem cupiditate beatae.','published',NULL,'2022-01-03 21:24:12','2022-01-03 21:24:12'),(4,'Global Store','agaylord@example.org','+13864645029','21405 Thompson Ridges Apt. 902','LB','Ohio','Giuseppeview',6,'stores/4.png','Similique et eos quis odio voluptates rerum.','Omnis et eius excepturi qui. Dolorem qui quidem laboriosam est. Qui in atque id officiis ipsam. Iusto soluta fugit in distinctio.','published',NULL,'2022-01-03 21:24:12','2022-01-03 21:24:12'),(5,'Robert’s Store','west.brittany@example.com','+16369615475','44020 Hilario Expressway Suite 133','KI','Mississippi','North Tanyabury',9,'stores/5.png','Aliquid in corporis vitae est quaerat.','Sit ad voluptatem alias. Totam ratione est similique alias ipsum. Quae earum quas ea officia. Deleniti neque quidem laboriosam assumenda aperiam sed.','published',NULL,'2022-01-03 21:24:12','2022-01-03 21:24:12'),(6,'Stouffer','emily54@example.net','+19529044623','163 Luettgen Passage Suite 874','BT','Massachusetts','Sandraland',10,'stores/6.png','Occaecati nihil qui recusandae cumque.','Porro ad voluptates omnis ea illo eos. Animi iusto animi voluptas illum enim. Repellat eum qui consequatur quos repellat.','published',NULL,'2022-01-03 21:24:12','2022-01-03 21:24:12');
/*!40000 ALTER TABLE `mp_stores` ENABLE KEYS */;
UNLOCK TABLES;

--
-- Table structure for table `mp_vendor_info`
--

DROP TABLE IF EXISTS `mp_vendor_info`;
/*!40101 SET @saved_cs_client     = @@character_set_client */;
/*!40101 SET character_set_client = utf8 */;
CREATE TABLE `mp_vendor_info` (
  `id` bigint(20) unsigned NOT NULL AUTO_INCREMENT,
  `customer_id` int(10) unsigned NOT NULL DEFAULT 0,
  `balance` decimal(15,2) NOT NULL DEFAULT 0.00,
  `total_fee` decimal(15,2) NOT NULL DEFAULT 0.00,
  `total_revenue` decimal(15,2) NOT NULL DEFAULT 0.00,
  `signature` varchar(255) COLLATE utf8mb4_unicode_ci DEFAULT NULL,
  `bank_info` text COLLATE utf8mb4_unicode_ci DEFAULT NULL,
  `created_at` timestamp NULL DEFAULT NULL,
  `updated_at` timestamp NULL DEFAULT NULL,
  PRIMARY KEY (`id`)
) ENGINE=InnoDB AUTO_INCREMENT=7 DEFAULT CHARSET=utf8mb4 COLLATE=utf8mb4_unicode_ci;
/*!40101 SET character_set_client = @saved_cs_client */;

--
-- Dumping data for table `mp_vendor_info`
--

LOCK TABLES `mp_vendor_info` WRITE;
/*!40000 ALTER TABLE `mp_vendor_info` DISABLE KEYS */;
INSERT INTO `mp_vendor_info` VALUES (1,2,9239.40,0.00,17252.40,'$2y$10$C6zFKNBWJoNYR3I4/zoXN./om4AfdZFgMnaQ5PY/vOfon0QfYqQ3C','{\"name\":\"Kristy Hettinger\",\"number\":\"+19256148340\",\"full_name\":\"Eliza Kassulke\",\"description\":\"Alycia McLaughlin\"}','2022-01-03 21:24:11','2022-03-22 19:26:13'),(2,3,6762.01,0.00,25725.01,'$2y$10$SxKBuAaYS/XQRYqiOn8eFumsemug.lNHoxnBETRSn.yw2rNmu6Sga','{\"name\":\"Donavon Schulist\",\"number\":\"+18788438162\",\"full_name\":\"Prof. Norbert Klocko II\",\"description\":\"Celine Lebsack\"}','2022-01-03 21:24:11','2022-03-22 19:26:14'),(3,5,8630.50,0.00,21688.50,'$2y$10$phCRn9gmgbT2aP507JWU9OzuUWmZ9fN4Ei2cJt2jEhdetOC3.EJdy','{\"name\":\"Annette Rutherford\",\"number\":\"+14583855227\",\"full_name\":\"Rogelio Will\",\"description\":\"Clementine Ankunding DDS\"}','2022-01-03 21:24:12','2022-03-22 19:26:14'),(4,6,2451.00,0.00,7682.00,'$2y$10$fmYUJeGHAbaMloviMSND4OunwzqcV7FJsSUs413DRTgd5uWQdgS6O','{\"name\":\"Beulah Kemmer V\",\"number\":\"+14759881338\",\"full_name\":\"Eryn Welch\",\"description\":\"Dr. Tracey Walsh\"}','2022-01-03 21:24:12','2022-03-22 19:26:14'),(5,9,4785.90,0.00,18191.90,'$2y$10$bPzJzuaHsR2FHzYDC8tpHuut6z1fkKNc.uLJh7NjTqE5SF304F9xm','{\"name\":\"Hugh Wilderman\",\"number\":\"+18542103285\",\"full_name\":\"Hermina Gibson IV\",\"description\":\"Torrance Kerluke\"}','2022-01-03 21:24:12','2022-03-22 19:26:15'),(6,10,13633.20,0.00,35594.20,'$2y$10$AoDbqRfvtTK26uKnG/YtWO0XkJyP8KPSn3r2olkQbOe.su5ym3Kta','{\"name\":\"Dr. Kris Spencer\",\"number\":\"+12179905289\",\"full_name\":\"Alfreda Keeling V\",\"description\":\"Rachel Quitzon\"}','2022-01-03 21:24:12','2022-03-22 19:26:15');
/*!40000 ALTER TABLE `mp_vendor_info` ENABLE KEYS */;
UNLOCK TABLES;

--
-- Table structure for table `newsletters`
--

DROP TABLE IF EXISTS `newsletters`;
/*!40101 SET @saved_cs_client     = @@character_set_client */;
/*!40101 SET character_set_client = utf8 */;
CREATE TABLE `newsletters` (
  `id` bigint(20) unsigned NOT NULL AUTO_INCREMENT,
  `email` varchar(120) COLLATE utf8mb4_unicode_ci NOT NULL,
  `name` varchar(120) COLLATE utf8mb4_unicode_ci DEFAULT NULL,
  `status` varchar(60) COLLATE utf8mb4_unicode_ci NOT NULL DEFAULT 'subscribed',
  `created_at` timestamp NULL DEFAULT NULL,
  `updated_at` timestamp NULL DEFAULT NULL,
  PRIMARY KEY (`id`)
) ENGINE=InnoDB DEFAULT CHARSET=utf8mb4 COLLATE=utf8mb4_unicode_ci;
/*!40101 SET character_set_client = @saved_cs_client */;

--
-- Dumping data for table `newsletters`
--

LOCK TABLES `newsletters` WRITE;
/*!40000 ALTER TABLE `newsletters` DISABLE KEYS */;
/*!40000 ALTER TABLE `newsletters` ENABLE KEYS */;
UNLOCK TABLES;

--
-- Table structure for table `pages`
--

DROP TABLE IF EXISTS `pages`;
/*!40101 SET @saved_cs_client     = @@character_set_client */;
/*!40101 SET character_set_client = utf8 */;
CREATE TABLE `pages` (
  `id` bigint(20) unsigned NOT NULL AUTO_INCREMENT,
  `name` varchar(120) COLLATE utf8mb4_unicode_ci NOT NULL,
  `content` longtext COLLATE utf8mb4_unicode_ci DEFAULT NULL,
  `user_id` int(11) NOT NULL,
  `image` varchar(255) COLLATE utf8mb4_unicode_ci DEFAULT NULL,
  `template` varchar(60) COLLATE utf8mb4_unicode_ci DEFAULT NULL,
  `is_featured` tinyint(4) NOT NULL DEFAULT 0,
  `description` varchar(400) COLLATE utf8mb4_unicode_ci DEFAULT NULL,
  `status` varchar(60) COLLATE utf8mb4_unicode_ci NOT NULL DEFAULT 'published',
  `created_at` timestamp NULL DEFAULT NULL,
  `updated_at` timestamp NULL DEFAULT NULL,
  PRIMARY KEY (`id`)
) ENGINE=InnoDB AUTO_INCREMENT=13 DEFAULT CHARSET=utf8mb4 COLLATE=utf8mb4_unicode_ci;
/*!40101 SET character_set_client = @saved_cs_client */;

--
-- Dumping data for table `pages`
--

LOCK TABLES `pages` WRITE;
/*!40000 ALTER TABLE `pages` DISABLE KEYS */;
INSERT INTO `pages` VALUES (1,'Home','<div>[simple-slider key=\"home-slider\" ads_1=\"VC2C8Q1UGCBG\" ads_2=\"NBDWRXTSVZ8N\"][/simple-slider]</div><div>[site-features icon1=\"icon-rocket\" title1=\"Free Delivery\" subtitle1=\"For all orders over $99\" icon2=\"icon-sync\" title2=\"90 Days Return\" subtitle2=\"If goods have problems\" icon3=\"icon-credit-card\" title3=\"Secure Payment\" subtitle3=\"100% secure payment\" icon4=\"icon-bubbles\" title4=\"24/7 Support\" subtitle4=\"Dedicated support\" icon5=\"icon-gift\" title5=\"Gift Service\" subtitle5=\"Support gift service\"][/site-features]</div><div>[flash-sale title=\"Deal of the day\" flash_sale_id=\"1\"][/flash-sale]</div><div>[featured-product-categories title=\"Top Categories\"][/featured-product-categories]</div><div>[theme-ads key_1=\"IZ6WU8KUALYD\" key_2=\"ILSFJVYFGCPZ\" key_3=\"ZDOZUZZIU7FT\"][/theme-ads]</div><div>[featured-products title=\"Featured products\"][/featured-products]</div><div>[theme-ads key_1=\"Q9YDUIC9HSWS\" key_2=\"IZ6WU8KUALYE\"][/theme-ads]</div><div>[product-collections title=\"Exclusive Products\"][/product-collections]</div><div>[product-category-products category_id=\"18\"][/product-category-products]</div><div>[download-app title=\"Download Martfury App Now!\" subtitle=\"Shopping fastly and easily more with our app. Get a link to download the app on your phone.\" screenshot=\"general/app.png\" android_app_url=\"https://www.appstore.com\" ios_app_url=\"https://play.google.com/store\"][/download-app]</div><div>[product-category-products category_id=\"23\"][/product-category-products]</div><div>[newsletter-form title=\"Join Our Newsletter Now\" subtitle=\"Subscribe to get information about products and coupons\"][/newsletter-form]</div>',1,NULL,'homepage',0,NULL,'published','2022-01-03 21:24:05','2022-01-03 21:24:05'),(2,'About us','<p>Mock Turtle; \'but it doesn\'t mind.\' The table was a little timidly: \'but it\'s no use now,\' thought Alice, as she could, \'If you didn\'t sign it,\' said the March Hare said in a low, trembling voice. \'There\'s more evidence to come before that!\' \'Call the next thing is, to get in at the Cat\'s head began fading away the time. Alice had got its head impatiently, and walked off; the Dormouse indignantly. However, he consented to go among mad people,\' Alice remarked. \'Oh, you can\'t take LESS,\' said.</p><p>You gave us three or more; They all sat down in an agony of terror. \'Oh, there goes his PRECIOUS nose\'; as an unusually large saucepan flew close by her. There was exactly one a-piece all round. (It was this last word with such sudden violence that Alice had never had fits, my dear, and that he had a little scream, half of anger, and tried to fancy what the moral of that is--\"Birds of a tree. By the time at the other side of WHAT?\' thought Alice; \'I might as well be at school at once.\' And in.</p><p>Mock Turtle, \'they--you\'ve seen them, of course?\' \'Yes,\' said Alice, always ready to play croquet.\' Then they all looked puzzled.) \'He must have been that,\' said the Duchess, as she could remember them, all these strange Adventures of hers would, in the distance. \'And yet what a wonderful dream it had fallen into a cucumber-frame, or something of the Lobster Quadrille?\' the Gryphon said to the Caterpillar, just as if nothing had happened. \'How am I to get into her head. Still she went on, \'you.</p><p>Lory, as soon as the game was going to dive in among the party. Some of the goldfish kept running in her pocket, and pulled out a box of comfits, (luckily the salt water had not as yet had any dispute with the Queen,\' and she soon made out the proper way of keeping up the chimney, has he?\' said Alice to herself. \'I dare say you never tasted an egg!\' \'I HAVE tasted eggs, certainly,\' said Alice to herself, and shouted out, \'You\'d better not do that again!\' which produced another dead silence.</p>',1,NULL,'default',0,NULL,'published','2022-01-03 21:24:05','2022-01-03 21:24:05'),(3,'Terms Of Use','<p>Edwin and Morcar, the earls of Mercia and Northumbria, declared for him: and even Stigand, the patriotic archbishop of Canterbury, found it very much,\' said Alice, \'we learned French and music.\' \'And washing?\' said the Caterpillar. \'Not QUITE right, I\'m afraid,\' said Alice, in a great hurry; \'and their names were Elsie, Lacie, and Tillie; and they lived at the March Hare went \'Sh! sh!\' and the little door about fifteen inches high: she tried the effect of lying down with her face brightened up.</p><p>The Fish-Footman began by producing from under his arm a great hurry to get into the sky all the things between whiles.\' \'Then you shouldn\'t talk,\' said the Queen, who had been to her, still it was a different person then.\' \'Explain all that,\' he said in a deep, hollow tone: \'sit down, both of you, and don\'t speak a word till I\'ve finished.\' So they had settled down in a trembling voice to its feet, \'I move that the pebbles were all in bed!\' On various pretexts they all cheered. Alice thought.</p><p>Time, and round the table, but it makes rather a handsome pig, I think.\' And she began thinking over all the same, shedding gallons of tears, but said nothing. \'When we were little,\' the Mock Turtle Soup is made from,\' said the Duchess. \'I make you dry enough!\' They all sat down and began singing in its sleep \'Twinkle, twinkle, twinkle, twinkle--\' and went on in a frightened tone. \'The Queen will hear you! You see, she came upon a time there could be no use in talking to him,\' the Mock Turtle.</p><p>Caterpillar The Caterpillar and Alice joined the procession, wondering very much of it appeared. \'I don\'t quite understand you,\' she said, without even waiting to put his mouth close to her lips. \'I know SOMETHING interesting is sure to make personal remarks,\' Alice said to herself, \'the way all the jelly-fish out of breath, and said \'No, never\') \'--so you can find out the verses to himself: \'\"WE KNOW IT TO BE TRUE--\" that\'s the queerest thing about it.\' (The jury all wrote down all three to.</p>',1,NULL,'default',0,NULL,'published','2022-01-03 21:24:05','2022-01-03 21:24:05'),(4,'Terms & Conditions','<p>Oh dear! I\'d nearly forgotten to ask.\' \'It turned into a large piece out of the window, and some of the other ladder?--Why, I hadn\'t quite finished my tea when I breathe\"!\' \'It IS the fun?\' said Alice. The poor little thing was snorting like a mouse, That he met in the air: it puzzled her too much, so she bore it as well as if a fish came to the three gardeners who were all ornamented with hearts. Next came the guests, mostly Kings and Queens, and among them Alice recognised the White Rabbit.</p><p>Alice had been to the executioner: \'fetch her here.\' And the moral of that is--\"The more there is of mine, the less there is of mine, the less there is of finding morals in things!\' Alice began to get her head to keep back the wandering hair that WOULD always get into that lovely garden. First, however, she went on saying to herself, \'after such a fall as this, I shall think nothing of tumbling down stairs! How brave they\'ll all think me for his housemaid,\' she said to the Dormouse, not.</p><p>Dormouse, and repeated her question. \'Why did they live on?\' said the Duchess. An invitation for the moment she appeared; but she gained courage as she could. \'No,\' said the cook. The King and the other end of trials, \"There was some attempts at applause, which was lit up by two guinea-pigs, who were all writing very busily on slates. \'What are they made of?\' \'Pepper, mostly,\' said the youth, \'and your jaws are too weak For anything tougher than suet; Yet you balanced an eel on the bank, and.</p><p>Dinah, and saying to her to begin.\' He looked anxiously at the mushroom (she had grown to her great disappointment it was only too glad to find any. And yet I don\'t like them raw.\' \'Well, be off, and Alice joined the procession, wondering very much to-night, I should think!\' (Dinah was the same thing,\' said the King, \'unless it was YOUR table,\' said Alice; \'all I know all the jurymen on to himself as he spoke, and then nodded. \'It\'s no business there, at any rate: go and live in that poky.</p>',1,NULL,'default',0,NULL,'published','2022-01-03 21:24:05','2022-01-03 21:24:05'),(5,'Refund Policy','<p>March Hare, \'that \"I like what I like\"!\' \'You might just as well to say it over) \'--yes, that\'s about the twentieth time that day. \'No, no!\' said the Mock Turtle: \'why, if a fish came to the general conclusion, that wherever you go to on the same size: to be Number One,\' said Alice. \'Come, let\'s hear some of them bowed low. \'Would you tell me,\' said Alice, \'because I\'m not the smallest notice of her own mind (as well as she went back for a minute or two, it was a queer-shaped little creature.</p><p>This was quite impossible to say a word, but slowly followed her back to yesterday, because I was going to shrink any further: she felt a little bit of mushroom, and her eyes to see what I eat\" is the capital of Paris, and Paris is the same as the March Hare. \'Exactly so,\' said the King, and the small ones choked and had no reason to be a grin, and she swam about, trying to invent something!\' \'I--I\'m a little glass table. \'Now, I\'ll manage better this time,\' she said to herself. \'Shy, they.</p><p>As she said to one of the gloves, and was a dead silence. Alice was only the pepper that had made her look up in a low, trembling voice. \'There\'s more evidence to come before that!\' \'Call the first day,\' said the cook. \'Treacle,\' said the youth, \'and your jaws are too weak For anything tougher than suet; Yet you balanced an eel on the bank--the birds with draggled feathers, the animals with their fur clinging close to her lips. \'I know what it was quite surprised to find that her neck kept.</p><p>Alice. \'I wonder how many miles I\'ve fallen by this very sudden change, but she had finished, her sister on the stairs. Alice knew it was a most extraordinary noise going on rather better now,\' she added in an encouraging opening for a minute or two she walked sadly down the hall. After a while she ran, as well say that \"I see what this bottle does. I do it again and again.\' \'You are old, Father William,\' the young Crab, a little timidly, \'why you are very dull!\' \'You ought to have it.</p>',1,NULL,'default',0,NULL,'published','2022-01-03 21:24:05','2022-01-03 21:24:05'),(6,'Blog','<p>---</p>',1,NULL,'blog-sidebar',0,NULL,'published','2022-01-03 21:24:05','2022-01-03 21:24:05'),(7,'FAQs','<div>[faq title=\"Frequently Asked Questions\"][/faq]</div>',1,NULL,'default',0,NULL,'published','2022-01-03 21:24:05','2022-01-03 21:24:05'),(8,'Contact','<div>[google-map]502 New Street, Brighton VIC, Australia[/google-map]</div><div>[contact-info-boxes title=\"Contact Us For Any Questions\"][/contact-info-boxes]</div><div>[contact-form][/contact-form]</div>',1,NULL,'full-width',0,NULL,'published','2022-01-03 21:24:05','2022-01-03 21:24:05'),(9,'Cookie Policy','<h3>EU Cookie Consent</h3><p>To use this Website we are using Cookies and collecting some Data. To be compliant with the EU GDPR we give you to choose if you allow us to use certain Cookies and to collect some Data.</p><h4>Essential Data</h4><p>The Essential Data is needed to run the Site you are visiting technically. You can not deactivate them.</p><p>- Session Cookie: PHP uses a Cookie to identify user sessions. Without this Cookie the Website is not working.</p><p>- XSRF-Token Cookie: Laravel automatically generates a CSRF \"token\" for each active user session managed by the application. This token is used to verify that the authenticated user is the one actually making the requests to the application.</p>',1,NULL,'default',0,NULL,'published','2022-01-03 21:24:05','2022-01-03 21:24:05'),(10,'Affiliate','<p>YET,\' she said to herself; \'I should like it put more simply--\"Never imagine yourself not to her, though, as they used to it!\' pleaded poor Alice in a trembling voice:-- \'I passed by his garden.\"\' Alice did not seem to dry me at all.\' \'In that case,\' said the Pigeon; \'but I know who I am! But I\'d better take him his fan and gloves--that is, if I might venture to say to this: so she began fancying the sort of idea that they were IN the well,\' Alice said with a deep voice, \'What are tarts made.</p><p>Now, if you please! \"William the Conqueror, whose cause was favoured by the prisoner to--to somebody.\' \'It must have prizes.\' \'But who has won?\' This question the Dodo solemnly presented the thimble, saying \'We beg your pardon!\' said the Gryphon: and Alice was more and more faintly came, carried on the twelfth?\' Alice went on eagerly. \'That\'s enough about lessons,\' the Gryphon whispered in reply, \'for fear they should forget them before the end of his great wig.\' The judge, by the officers of.</p><p>I\'ve said as yet.\' \'A cheap sort of chance of this, so that by the English, who wanted leaders, and had been wandering, when a sharp hiss made her look up in a trembling voice to a lobster--\' (Alice began to cry again, for this time the Queen in a piteous tone. And the Gryphon interrupted in a trembling voice, \'Let us get to the end: then stop.\' These were the cook, to see how he can thoroughly enjoy The pepper when he sneezes: He only does it to her great delight it fitted! Alice opened the.</p><p>I get it home?\' when it saw mine coming!\' \'How do you know that cats COULD grin.\' \'They all can,\' said the Pigeon. \'I can hardly breathe.\' \'I can\'t help it,\' she thought, \'till its ears have come, or at any rate a book of rules for shutting people up like a stalk out of the Lobster; I heard him declare, \"You have baked me too brown, I must be getting home; the night-air doesn\'t suit my throat!\' and a crash of broken glass. \'What a curious dream!\' said Alice, who felt ready to ask the.</p>',1,NULL,'default',0,NULL,'published','2022-01-03 21:24:05','2022-01-03 21:24:05'),(11,'Career','<p>Queen added to one of them even when they hit her; and the three gardeners who were lying on the glass table and the Queen said--\' \'Get to your places!\' shouted the Queen in a large cat which was the Cat said, waving its right ear and left foot, so as to go among mad people,\' Alice remarked. \'Right, as usual,\' said the Duchess. An invitation from the change: and Alice guessed in a natural way again. \'I should like to be seen: she found herself in the air. This time there were three gardeners.</p><p>Oh, I shouldn\'t like THAT!\' \'Oh, you can\'t help it,\' she said this she looked at Alice, and sighing. \'It IS a long way. So she sat down again in a coaxing tone, and added \'It isn\'t directed at all,\' said the Mock Turtle sighed deeply, and began, in rather a handsome pig, I think.\' And she thought it over a little pattering of feet on the ground near the door, and the two creatures, who had not got into the darkness as hard as it lasted.) \'Then the eleventh day must have prizes.\' \'But who is.</p><p>Alice replied, rather shyly, \'I--I hardly know, sir, just at first, perhaps,\' said the Duchess, the Duchess! Oh! won\'t she be savage if I\'ve been changed in the distance would take the place of the sort!\' said Alice. \'Anything you like,\' said the Gryphon. \'Do you know what \"it\" means well enough, when I got up and picking the daisies, when suddenly a footman because he was obliged to have it explained,\' said the Cat, and vanished again. Alice waited till she had sat down and cried. \'Come.</p><p>Queen, stamping on the floor, and a bright idea came into Alice\'s shoulder as she had found the fan and gloves--that is, if I must, I must,\' the King said, for about the crumbs,\' said the Gryphon, half to Alice. \'Only a thimble,\' said Alice in a tone of great surprise. \'Of course it is,\' said the King, \'that only makes the matter on, What would become of me?\' Luckily for Alice, the little golden key in the lap of her or of anything to put everything upon Bill! I wouldn\'t be in a hoarse growl.</p>',1,NULL,'default',0,NULL,'published','2022-01-03 21:24:05','2022-01-03 21:24:05'),(12,'Coming soon','<p>Condimentum ipsum a adipiscing hac dolor set consectetur urna commodo elit parturient <br/>molestie ut nisl partu convallier ullamcorpe.</p><div>[coming-soon time=\"December 30, 2021 15:37:25\" image=\"general/coming-soon.jpg\"][/coming-soon]</div>',1,NULL,'coming-soon',0,NULL,'published','2022-01-03 21:24:05','2022-01-03 21:24:05');
/*!40000 ALTER TABLE `pages` ENABLE KEYS */;
UNLOCK TABLES;

--
-- Table structure for table `pages_translations`
--

DROP TABLE IF EXISTS `pages_translations`;
/*!40101 SET @saved_cs_client     = @@character_set_client */;
/*!40101 SET character_set_client = utf8 */;
CREATE TABLE `pages_translations` (
  `lang_code` varchar(191) COLLATE utf8mb4_unicode_ci NOT NULL,
  `pages_id` int(11) NOT NULL,
  `name` varchar(255) COLLATE utf8mb4_unicode_ci DEFAULT NULL,
  `description` varchar(400) COLLATE utf8mb4_unicode_ci DEFAULT NULL,
  `content` longtext COLLATE utf8mb4_unicode_ci DEFAULT NULL,
  PRIMARY KEY (`lang_code`,`pages_id`)
) ENGINE=InnoDB DEFAULT CHARSET=utf8mb4 COLLATE=utf8mb4_unicode_ci;
/*!40101 SET character_set_client = @saved_cs_client */;

--
-- Dumping data for table `pages_translations`
--

LOCK TABLES `pages_translations` WRITE;
/*!40000 ALTER TABLE `pages_translations` DISABLE KEYS */;
INSERT INTO `pages_translations` VALUES ('vi',1,'Trang chủ',NULL,'<div>[simple-slider key=\"home-slider\" ads_1=\"VC2C8Q1UGCBG\" ads_2=\"NBDWRXTSVZ8N\"][/simple-slider]</div><div>[site-features icon1=\"icon-rocket\" title1=\"Miễn phí vận chuyển\" subtitle1=\"Cho đơn hàng từ 2tr\" icon2=\"icon-sync\" title2=\"Miễn phí hoàn hàng\" subtitle2=\"If goods have problems\" icon3=\"icon-credit-card\" title3=\"Thanh toán bảo mật\" subtitle3=\"100% secure payment\" icon4=\"icon-bubbles\" title4=\"Hỗ trợ 24/7\" subtitle4=\"Dedicated support\" icon5=\"icon-gift\" title5=\"Dịch vụ gói quà\" subtitle5=\"Support gift service\"][/site-features]</div><div>[flash-sale title=\"Khuyến mãi hot\" flash_sale_id=\"1\"][/flash-sale]</div><div>[featured-product-categories title=\"Danh mục nổi bật\"][/featured-product-categories]</div><div>[theme-ads key_1=\"IZ6WU8KUALYD\" key_2=\"ILSFJVYFGCPZ\" key_3=\"ZDOZUZZIU7FT\"][/theme-ads]</div><div>[featured-products title=\"Sản phẩm nổi bật\"][/featured-products]</div><div>[theme-ads key_1=\"Q9YDUIC9HSWS\" key_2=\"IZ6WU8KUALYE\"][/theme-ads]</div><div>[product-collections title=\"Sản phẩm độc quyền\"][/product-collections]</div><div>[product-category-products category_id=\"18\"][/product-category-products]</div><div>[download-app title=\"Tải Martfury App Ngay!\" subtitle=\"Mua sắm nhanh chóng và dễ dàng hơn với ứng dụng của chúng tôi. Nhận liên kết để tải xuống ứng dụng trên điện thoại của bạn.\" screenshot=\"general/app.png\" android_app_url=\"https://www.appstore.com\" ios_app_url=\"https://play.google.com/store\"][/download-app]</div><div>[product-category-products category_id=\"23\"][/product-category-products]</div><div>[newsletter-form title=\"Tham gia bản tin ngay\" subtitle=\"Đăng ký để nhận thông tin về sản phẩm và phiếu giảm giá\"][/newsletter-form]</div>'),('vi',2,'Về chúng tôi',NULL,NULL),('vi',3,'Điều khoản sử dụng',NULL,NULL),('vi',4,'Điều khoản và điều kiện',NULL,NULL),('vi',5,'Điều kiện hoàn hàng',NULL,NULL),('vi',6,'Tin tức',NULL,'<p>---</p>'),('vi',7,'Câu hỏi thường gặp',NULL,'<div>[faq title=\"Các câu hỏi thường gặp\"][/faq]</div>'),('vi',8,'Liên hệ',NULL,'<div>[google-map]502 New Street, Brighton VIC, Australia[/google-map]</div><div>[contact-info-boxes title=\"Liên hệ với chúng tôi nếu bạn có thắc mắc\"][/contact-info-boxes]</div><div>[contact-form][/contact-form]</div>'),('vi',9,'Chính sách cookie',NULL,'<h3>EU Cookie Consent</h3><p>To use this website we are using Cookies and collecting some data. To be compliant with the EU GDPR we give you to choose if you allow us to use certain Cookies and to collect some Data.</p><h4>Essential Data</h4><p>The Essential Data is needed to run the Site you are visiting technically. You can not deactivate them.</p><p>- Session Cookie: PHP uses a Cookie to identify user sessions. Without this Cookie the Website is not working.</p><p>- XSRF-Token Cookie: Laravel automatically generates a CSRF \"token\" for each active user session managed by the application. This token is used to verify that the authenticated user is the one actually making the requests to the application.</p>'),('vi',10,'Tiếp thị liên kết',NULL,NULL),('vi',11,'Tuyển dụng',NULL,NULL),('vi',12,'Sắp ra mắt',NULL,'<p>Condimentum ipsum a adipiscing hac dolor set consectetur urna commodo elit parturient <br/>molestie ut nisl partu convallier ullamcorpe.</p><div>[coming-soon time=\"December 30, 2021 15:37:25\" image=\"general/coming-soon.jpg\"][/coming-soon]</div>');
/*!40000 ALTER TABLE `pages_translations` ENABLE KEYS */;
UNLOCK TABLES;

--
-- Table structure for table `password_resets`
--

DROP TABLE IF EXISTS `password_resets`;
/*!40101 SET @saved_cs_client     = @@character_set_client */;
/*!40101 SET character_set_client = utf8 */;
CREATE TABLE `password_resets` (
  `email` varchar(191) COLLATE utf8mb4_unicode_ci NOT NULL,
  `token` varchar(191) COLLATE utf8mb4_unicode_ci NOT NULL,
  `created_at` timestamp NULL DEFAULT NULL,
  KEY `password_resets_email_index` (`email`)
) ENGINE=InnoDB DEFAULT CHARSET=utf8mb4 COLLATE=utf8mb4_unicode_ci;
/*!40101 SET character_set_client = @saved_cs_client */;

--
-- Dumping data for table `password_resets`
--

LOCK TABLES `password_resets` WRITE;
/*!40000 ALTER TABLE `password_resets` DISABLE KEYS */;
/*!40000 ALTER TABLE `password_resets` ENABLE KEYS */;
UNLOCK TABLES;

--
-- Table structure for table `payments`
--

DROP TABLE IF EXISTS `payments`;
/*!40101 SET @saved_cs_client     = @@character_set_client */;
/*!40101 SET character_set_client = utf8 */;
CREATE TABLE `payments` (
  `id` bigint(20) unsigned NOT NULL AUTO_INCREMENT,
  `currency` varchar(120) COLLATE utf8mb4_unicode_ci DEFAULT NULL,
  `user_id` int(10) unsigned NOT NULL DEFAULT 0,
  `charge_id` varchar(60) COLLATE utf8mb4_unicode_ci DEFAULT NULL,
  `payment_channel` varchar(60) COLLATE utf8mb4_unicode_ci DEFAULT NULL,
  `description` varchar(255) COLLATE utf8mb4_unicode_ci DEFAULT NULL,
  `amount` decimal(15,2) unsigned NOT NULL,
  `order_id` int(10) unsigned DEFAULT NULL,
  `status` varchar(60) COLLATE utf8mb4_unicode_ci DEFAULT 'pending',
  `payment_type` varchar(191) COLLATE utf8mb4_unicode_ci DEFAULT 'confirm',
  `customer_id` int(10) unsigned DEFAULT NULL,
  `refunded_amount` decimal(15,2) unsigned DEFAULT NULL,
  `refund_note` varchar(255) COLLATE utf8mb4_unicode_ci DEFAULT NULL,
  `created_at` timestamp NULL DEFAULT NULL,
  `updated_at` timestamp NULL DEFAULT NULL,
  `customer_type` varchar(255) COLLATE utf8mb4_unicode_ci DEFAULT NULL,
  `metadata` mediumtext COLLATE utf8mb4_unicode_ci DEFAULT NULL,
  PRIMARY KEY (`id`)
) ENGINE=InnoDB AUTO_INCREMENT=52 DEFAULT CHARSET=utf8mb4 COLLATE=utf8mb4_unicode_ci;
/*!40101 SET character_set_client = @saved_cs_client */;

--
-- Dumping data for table `payments`
--

LOCK TABLES `payments` WRITE;
/*!40000 ALTER TABLE `payments` DISABLE KEYS */;
INSERT INTO `payments` VALUES (1,'USD',0,'GOQFDMXFJL','paystack',NULL,1792.95,1,'completed','confirm',8,NULL,NULL,'2022-03-22 19:26:09','2022-03-22 19:26:09','Botble\\Ecommerce\\Models\\Customer',NULL),(2,'USD',0,'A5X0FR495L','razorpay',NULL,667.90,2,'completed','confirm',8,NULL,NULL,'2022-03-22 19:26:09','2022-03-22 19:26:09','Botble\\Ecommerce\\Models\\Customer',NULL),(3,'USD',0,'PHRHXJROFE','sslcommerz',NULL,1410.20,3,'completed','confirm',1,NULL,NULL,'2022-03-22 19:26:09','2022-03-22 19:26:09','Botble\\Ecommerce\\Models\\Customer',NULL),(4,'USD',0,'ZOCDHHRUGA','paypal',NULL,2566.20,4,'completed','confirm',1,NULL,NULL,'2022-03-22 19:26:09','2022-03-22 19:26:09','Botble\\Ecommerce\\Models\\Customer',NULL),(5,'USD',0,'E5J9N7BMYV','paypal',NULL,1077.30,5,'completed','confirm',1,NULL,NULL,'2022-03-22 19:26:09','2022-03-22 19:26:09','Botble\\Ecommerce\\Models\\Customer',NULL),(6,'USD',0,'8TLGXSCZQ1','paypal',NULL,1763.90,6,'completed','confirm',1,NULL,NULL,'2022-03-22 19:26:09','2022-03-22 19:26:09','Botble\\Ecommerce\\Models\\Customer',NULL),(7,'USD',0,'R1NKYJTDDN','paypal',NULL,4290.40,7,'completed','confirm',4,NULL,NULL,'2022-03-22 19:26:09','2022-03-22 19:26:09','Botble\\Ecommerce\\Models\\Customer',NULL),(8,'USD',0,'XUUJD7I5YR','paypal',NULL,623.70,8,'completed','confirm',8,NULL,NULL,'2022-03-22 19:26:09','2022-03-22 19:26:09','Botble\\Ecommerce\\Models\\Customer',NULL),(9,'USD',0,'ROIGGKIYRF','stripe',NULL,1410.20,9,'completed','confirm',8,NULL,NULL,'2022-03-22 19:26:09','2022-03-22 19:26:09','Botble\\Ecommerce\\Models\\Customer',NULL),(10,'USD',0,'WLVNUZ2BOM','cod',NULL,1344.20,10,'pending','confirm',8,NULL,NULL,'2022-03-22 19:26:09','2022-03-22 19:26:09','Botble\\Ecommerce\\Models\\Customer',NULL),(11,'USD',0,'9ZGXX7NBLW','stripe',NULL,168.53,11,'completed','confirm',1,NULL,NULL,'2022-03-22 19:26:09','2022-03-22 19:26:09','Botble\\Ecommerce\\Models\\Customer',NULL),(12,'USD',0,'MBLI1ESSLB','sslcommerz',NULL,2477.60,12,'completed','confirm',1,NULL,NULL,'2022-03-22 19:26:09','2022-03-22 19:26:09','Botble\\Ecommerce\\Models\\Customer',NULL),(13,'USD',0,'NKKTKCMGZ0','stripe',NULL,1850.70,13,'completed','confirm',1,NULL,NULL,'2022-03-22 19:26:09','2022-03-22 19:26:09','Botble\\Ecommerce\\Models\\Customer',NULL),(14,'USD',0,'X15LCCKH3H','bank_transfer',NULL,1656.75,14,'pending','confirm',7,NULL,NULL,'2022-03-22 19:26:09','2022-03-22 19:26:09','Botble\\Ecommerce\\Models\\Customer',NULL),(15,'USD',0,'QTHTNAIYNP','stripe',NULL,446.60,15,'completed','confirm',7,NULL,NULL,'2022-03-22 19:26:09','2022-03-22 19:26:09','Botble\\Ecommerce\\Models\\Customer',NULL),(16,'USD',0,'WEI7WPADRR','razorpay',NULL,1850.70,16,'completed','confirm',7,NULL,NULL,'2022-03-22 19:26:09','2022-03-22 19:26:09','Botble\\Ecommerce\\Models\\Customer',NULL),(17,'USD',0,'YZ73HIIQZ5','razorpay',NULL,1571.70,17,'completed','confirm',7,NULL,NULL,'2022-03-22 19:26:09','2022-03-22 19:26:09','Botble\\Ecommerce\\Models\\Customer',NULL),(18,'USD',0,'TNMRPSB0MG','mollie',NULL,2542.00,18,'completed','confirm',7,NULL,NULL,'2022-03-22 19:26:09','2022-03-22 19:26:09','Botble\\Ecommerce\\Models\\Customer',NULL),(19,'USD',0,'3E2Z42PXVV','mollie',NULL,1910.40,19,'completed','confirm',4,NULL,NULL,'2022-03-22 19:26:09','2022-03-22 19:26:09','Botble\\Ecommerce\\Models\\Customer',NULL),(20,'USD',0,'FKXOZLAMRW','paypal',NULL,620.40,20,'completed','confirm',4,NULL,NULL,'2022-03-22 19:26:09','2022-03-22 19:26:09','Botble\\Ecommerce\\Models\\Customer',NULL),(21,'USD',0,'ZAAOSXPGJU','stripe',NULL,902.00,21,'completed','confirm',4,NULL,NULL,'2022-03-22 19:26:09','2022-03-22 19:26:09','Botble\\Ecommerce\\Models\\Customer',NULL),(22,'USD',0,'QDNRG1FJKA','bank_transfer',NULL,726.23,22,'pending','confirm',7,NULL,NULL,'2022-03-22 19:26:09','2022-03-22 19:26:09','Botble\\Ecommerce\\Models\\Customer',NULL),(23,'USD',0,'ZCG7TWUBGC','razorpay',NULL,1361.80,23,'completed','confirm',7,NULL,NULL,'2022-03-22 19:26:09','2022-03-22 19:26:09','Botble\\Ecommerce\\Models\\Customer',NULL),(24,'USD',0,'ZTE3K9MN1E','stripe',NULL,1571.70,24,'completed','confirm',4,NULL,NULL,'2022-03-22 19:26:09','2022-03-22 19:26:09','Botble\\Ecommerce\\Models\\Customer',NULL),(25,'USD',0,'MWGARPDQWC','cod',NULL,1596.50,25,'pending','confirm',4,NULL,NULL,'2022-03-22 19:26:10','2022-03-22 19:26:10','Botble\\Ecommerce\\Models\\Customer',NULL),(26,'USD',0,'IN69A4XUDY','paystack',NULL,4017.60,26,'completed','confirm',4,NULL,NULL,'2022-03-22 19:26:10','2022-03-22 19:26:10','Botble\\Ecommerce\\Models\\Customer',NULL),(27,'USD',0,'LYR2XJABHP','bank_transfer',NULL,1757.70,27,'pending','confirm',1,NULL,NULL,'2022-03-22 19:26:10','2022-03-22 19:26:10','Botble\\Ecommerce\\Models\\Customer',NULL),(28,'USD',0,'K1R1KST8HM','stripe',NULL,588.50,28,'completed','confirm',1,NULL,NULL,'2022-03-22 19:26:10','2022-03-22 19:26:10','Botble\\Ecommerce\\Models\\Customer',NULL),(29,'USD',0,'ZGR8RXQQKC','razorpay',NULL,902.00,29,'completed','confirm',1,NULL,NULL,'2022-03-22 19:26:10','2022-03-22 19:26:10','Botble\\Ecommerce\\Models\\Customer',NULL),(30,'USD',0,'7EDKONMAEP','mollie',NULL,125.55,30,'completed','confirm',7,NULL,NULL,'2022-03-22 19:26:10','2022-03-22 19:26:10','Botble\\Ecommerce\\Models\\Customer',NULL),(31,'USD',0,'FZCWQAQALD','paystack',NULL,446.60,31,'completed','confirm',7,NULL,NULL,'2022-03-22 19:26:10','2022-03-22 19:26:10','Botble\\Ecommerce\\Models\\Customer',NULL),(32,'USD',0,'SVQUKJDRAX','razorpay',NULL,557.70,32,'completed','confirm',8,NULL,NULL,'2022-03-22 19:26:10','2022-03-22 19:26:10','Botble\\Ecommerce\\Models\\Customer',NULL),(33,'USD',0,'WEQMQAIWYX','bank_transfer',NULL,1910.40,33,'pending','confirm',8,NULL,NULL,'2022-03-22 19:26:10','2022-03-22 19:26:10','Botble\\Ecommerce\\Models\\Customer',NULL),(34,'USD',0,'MKKA71XWQL','cod',NULL,3816.10,34,'pending','confirm',7,NULL,NULL,'2022-03-22 19:26:10','2022-03-22 19:26:10','Botble\\Ecommerce\\Models\\Customer',NULL),(35,'USD',0,'YHGGHZJOMU','paypal',NULL,2721.60,35,'completed','confirm',7,NULL,NULL,'2022-03-22 19:26:10','2022-03-22 19:26:10','Botble\\Ecommerce\\Models\\Customer',NULL),(36,'USD',0,'WHPS9O0K53','sslcommerz',NULL,2692.20,36,'completed','confirm',8,NULL,NULL,'2022-03-22 19:26:10','2022-03-22 19:26:10','Botble\\Ecommerce\\Models\\Customer',NULL),(37,'USD',0,'VNLRA95ZMV','cod',NULL,1404.90,37,'pending','confirm',8,NULL,NULL,'2022-03-22 19:26:10','2022-03-22 19:26:10','Botble\\Ecommerce\\Models\\Customer',NULL),(38,'USD',0,'RQ6UQCF1XT','paypal',NULL,4939.60,38,'completed','confirm',4,NULL,NULL,'2022-03-22 19:26:10','2022-03-22 19:26:10','Botble\\Ecommerce\\Models\\Customer',NULL),(39,'USD',0,'DVGFRY4QRY','paystack',NULL,1077.30,39,'completed','confirm',4,NULL,NULL,'2022-03-22 19:26:10','2022-03-22 19:26:10','Botble\\Ecommerce\\Models\\Customer',NULL),(40,'USD',0,'WPBU8GA9UH','paypal',NULL,3012.60,40,'completed','confirm',7,NULL,NULL,'2022-03-22 19:26:10','2022-03-22 19:26:10','Botble\\Ecommerce\\Models\\Customer',NULL),(41,'USD',0,'4LCQNCDUWJ','stripe',NULL,564.30,41,'completed','confirm',7,NULL,NULL,'2022-03-22 19:26:10','2022-03-22 19:26:10','Botble\\Ecommerce\\Models\\Customer',NULL),(42,'USD',0,'QXMEC5JTCN','stripe',NULL,1850.70,42,'completed','confirm',7,NULL,NULL,'2022-03-22 19:26:10','2022-03-22 19:26:10','Botble\\Ecommerce\\Models\\Customer',NULL),(43,'USD',0,'BSAYUX8X3O','sslcommerz',NULL,88.28,43,'completed','confirm',1,NULL,NULL,'2022-03-22 19:26:10','2022-03-22 19:26:10','Botble\\Ecommerce\\Models\\Customer',NULL),(44,'USD',0,'UFLCXTKAFL','bank_transfer',NULL,1253.70,44,'pending','confirm',1,NULL,NULL,'2022-03-22 19:26:10','2022-03-22 19:26:10','Botble\\Ecommerce\\Models\\Customer',NULL),(45,'USD',0,'NMSYDXU1DP','stripe',NULL,1404.90,45,'completed','confirm',1,NULL,NULL,'2022-03-22 19:26:10','2022-03-22 19:26:10','Botble\\Ecommerce\\Models\\Customer',NULL),(46,'USD',0,'ESUYQSGGIK','sslcommerz',NULL,1652.70,46,'completed','confirm',4,NULL,NULL,'2022-03-22 19:26:10','2022-03-22 19:26:10','Botble\\Ecommerce\\Models\\Customer',NULL),(47,'USD',0,'KUN1W3CJZG','paystack',NULL,2585.10,47,'completed','confirm',4,NULL,NULL,'2022-03-22 19:26:10','2022-03-22 19:26:10','Botble\\Ecommerce\\Models\\Customer',NULL),(48,'USD',0,'LUD8J8USAV','bank_transfer',NULL,1590.30,48,'pending','confirm',4,NULL,NULL,'2022-03-22 19:26:10','2022-03-22 19:26:10','Botble\\Ecommerce\\Models\\Customer',NULL),(49,'USD',0,'XP0FCUYHTO','sslcommerz',NULL,3788.20,49,'completed','confirm',8,NULL,NULL,'2022-03-22 19:26:10','2022-03-22 19:26:10','Botble\\Ecommerce\\Models\\Customer',NULL),(50,'USD',0,'G8ZWPK0JQY','paystack',NULL,564.30,50,'completed','confirm',8,NULL,NULL,'2022-03-22 19:26:10','2022-03-22 19:26:10','Botble\\Ecommerce\\Models\\Customer',NULL),(51,'USD',0,'HBA6INUZHS','sslcommerz',NULL,735.90,51,'completed','confirm',8,NULL,NULL,'2022-03-22 19:26:10','2022-03-22 19:26:10','Botble\\Ecommerce\\Models\\Customer',NULL);
/*!40000 ALTER TABLE `payments` ENABLE KEYS */;
UNLOCK TABLES;

--
-- Table structure for table `post_categories`
--

DROP TABLE IF EXISTS `post_categories`;
/*!40101 SET @saved_cs_client     = @@character_set_client */;
/*!40101 SET character_set_client = utf8 */;
CREATE TABLE `post_categories` (
  `id` bigint(20) unsigned NOT NULL AUTO_INCREMENT,
  `category_id` int(10) unsigned NOT NULL,
  `post_id` int(10) unsigned NOT NULL,
  PRIMARY KEY (`id`)
) ENGINE=InnoDB AUTO_INCREMENT=23 DEFAULT CHARSET=utf8mb4 COLLATE=utf8mb4_unicode_ci;
/*!40101 SET character_set_client = @saved_cs_client */;

--
-- Dumping data for table `post_categories`
--

LOCK TABLES `post_categories` WRITE;
/*!40000 ALTER TABLE `post_categories` DISABLE KEYS */;
INSERT INTO `post_categories` VALUES (1,1,1),(2,4,1),(3,1,2),(4,4,2),(5,2,3),(6,3,3),(7,2,4),(8,3,4),(9,2,5),(10,4,5),(11,1,6),(12,3,6),(13,2,7),(14,3,7),(15,1,8),(16,3,8),(17,2,9),(18,4,9),(19,2,10),(20,4,10),(21,2,11),(22,3,11);
/*!40000 ALTER TABLE `post_categories` ENABLE KEYS */;
UNLOCK TABLES;

--
-- Table structure for table `post_tags`
--

DROP TABLE IF EXISTS `post_tags`;
/*!40101 SET @saved_cs_client     = @@character_set_client */;
/*!40101 SET character_set_client = utf8 */;
CREATE TABLE `post_tags` (
  `id` bigint(20) unsigned NOT NULL AUTO_INCREMENT,
  `tag_id` int(10) unsigned NOT NULL,
  `post_id` int(10) unsigned NOT NULL,
  PRIMARY KEY (`id`)
) ENGINE=InnoDB AUTO_INCREMENT=56 DEFAULT CHARSET=utf8mb4 COLLATE=utf8mb4_unicode_ci;
/*!40101 SET character_set_client = @saved_cs_client */;

--
-- Dumping data for table `post_tags`
--

LOCK TABLES `post_tags` WRITE;
/*!40000 ALTER TABLE `post_tags` DISABLE KEYS */;
INSERT INTO `post_tags` VALUES (1,1,1),(2,2,1),(3,3,1),(4,4,1),(5,5,1),(6,1,2),(7,2,2),(8,3,2),(9,4,2),(10,5,2),(11,1,3),(12,2,3),(13,3,3),(14,4,3),(15,5,3),(16,1,4),(17,2,4),(18,3,4),(19,4,4),(20,5,4),(21,1,5),(22,2,5),(23,3,5),(24,4,5),(25,5,5),(26,1,6),(27,2,6),(28,3,6),(29,4,6),(30,5,6),(31,1,7),(32,2,7),(33,3,7),(34,4,7),(35,5,7),(36,1,8),(37,2,8),(38,3,8),(39,4,8),(40,5,8),(41,1,9),(42,2,9),(43,3,9),(44,4,9),(45,5,9),(46,1,10),(47,2,10),(48,3,10),(49,4,10),(50,5,10),(51,1,11),(52,2,11),(53,3,11),(54,4,11),(55,5,11);
/*!40000 ALTER TABLE `post_tags` ENABLE KEYS */;
UNLOCK TABLES;

--
-- Table structure for table `posts`
--

DROP TABLE IF EXISTS `posts`;
/*!40101 SET @saved_cs_client     = @@character_set_client */;
/*!40101 SET character_set_client = utf8 */;
CREATE TABLE `posts` (
  `id` bigint(20) unsigned NOT NULL AUTO_INCREMENT,
  `name` varchar(255) COLLATE utf8mb4_unicode_ci NOT NULL,
  `description` varchar(400) COLLATE utf8mb4_unicode_ci DEFAULT NULL,
  `content` longtext COLLATE utf8mb4_unicode_ci DEFAULT NULL,
  `status` varchar(60) COLLATE utf8mb4_unicode_ci NOT NULL DEFAULT 'published',
  `author_id` int(11) NOT NULL,
  `author_type` varchar(255) COLLATE utf8mb4_unicode_ci NOT NULL DEFAULT 'Botble\\ACL\\Models\\User',
  `is_featured` tinyint(3) unsigned NOT NULL DEFAULT 0,
  `image` varchar(255) COLLATE utf8mb4_unicode_ci DEFAULT NULL,
  `views` int(10) unsigned NOT NULL DEFAULT 0,
  `format_type` varchar(30) COLLATE utf8mb4_unicode_ci DEFAULT NULL,
  `created_at` timestamp NULL DEFAULT NULL,
  `updated_at` timestamp NULL DEFAULT NULL,
  PRIMARY KEY (`id`)
) ENGINE=InnoDB AUTO_INCREMENT=12 DEFAULT CHARSET=utf8mb4 COLLATE=utf8mb4_unicode_ci;
/*!40101 SET character_set_client = @saved_cs_client */;

--
-- Dumping data for table `posts`
--

LOCK TABLES `posts` WRITE;
/*!40000 ALTER TABLE `posts` DISABLE KEYS */;
INSERT INTO `posts` VALUES (1,'4 Expert Tips On How To Choose The Right Men’s Wallet','You should pay more attention when you choose your wallets. There are a lot of them on the market with the different designs and styles. When you choose carefully, you would be able to buy a wallet that is catered to your needs. Not to mention that it will help to enhance your style significantly.','<p>I have seen many people underestimating the power of their wallets. To them, they are just a functional item they use to carry. As a result, they often end up with the wallets which are not really suitable for them.</p>\n\n<p>You should pay more attention when you choose your wallets. There are a lot of them on the market with the different designs and styles. When you choose carefully, you would be able to buy a wallet that is catered to your needs. Not to mention that it will help to enhance your style significantly.</p>\n\n<p style=\"text-align:center\"><img alt=\"f4\" src=\"/storage/news/1.jpg\" /></p>\n\n<p><br />\n&nbsp;</p>\n\n<p><strong><em>For all of the reason above, here are 7 expert tips to help you pick up the right men&rsquo;s wallet for you:</em></strong></p>\n\n<h4><strong>Number 1: Choose A Neat Wallet</strong></h4>\n\n<p>The wallet is an essential accessory that you should go simple. Simplicity is the best in this case. A simple and neat wallet with the plain color and even&nbsp;<strong>minimalist style</strong>&nbsp;is versatile. It can be used for both formal and casual events. In addition, that wallet will go well with most of the clothes in your wardrobe.</p>\n\n<p>Keep in mind that a wallet will tell other people about your personality and your fashion sense as much as other clothes you put on. Hence, don&rsquo;t go cheesy on your wallet or else people will think that you have a funny and particular style.</p>\n\n<p style=\"text-align:center\"><img alt=\"f5\" src=\"/storage/news/2.jpg\" /></p>\n\n<p><br />\n&nbsp;</p>\n<hr />\n<h4><strong>Number 2: Choose The Right Size For Your Wallet</strong></h4>\n\n<p>You should avoid having an over-sized wallet. Don&rsquo;t think that you need to buy a big wallet because you have a lot to carry with you. In addition, a fat wallet is very ugly. It will make it harder for you to slide the wallet into your trousers&rsquo; pocket. In addition, it will create a bulge and ruin your look.</p>\n\n<p>Before you go on to buy a new wallet, clean out your wallet and place all of the items from your wallet on a table. Throw away things that you would never need any more such as the old bills or the expired gift cards. Remember to check your wallet on a frequent basis to get rid of all of the old stuff that you don&rsquo;t need anymore.</p>\n\n<p style=\"text-align:center\"><img alt=\"f1\" src=\"/storage/news/3.jpg\" /></p>\n\n<p><br />\n&nbsp;</p>\n\n<hr />\n<h4><strong>Number 3: Don&rsquo;t Limit Your Options Of Materials</strong></h4>\n\n<p>The types and designs of wallets are not the only things that you should consider when you go out searching for your best wallet. You have more than 1 option of material rather than leather to choose from as well.</p>\n\n<p>You can experiment with other available options such as cotton, polyester and canvas. They all have their own pros and cons. As a result, they will be suitable for different needs and requirements. You should think about them all in order to choose the material which you would like the most.</p>\n\n<p style=\"text-align:center\"><img alt=\"f6\" height=\"375\" src=\"/storage/news/4.jpg\" /></p>\n\n<p><br />\n&nbsp;</p>\n\n<hr />\n<h4><strong>Number 4: Consider A Wallet As A Long Term Investment</strong></h4>\n\n<p>Your wallet is indeed an investment that you should consider spending a decent amount of time and effort on it. Another factor that you need to consider is how much you want to spend on your wallet. The price ranges of wallets on the market vary a great deal. You can find a wallet which is as cheap as about 5 to 7 dollars. On the other hand, you should expect to pay around 250 to 300 dollars for a high-quality wallet.</p>\n\n<p>In case you need a wallet to use for a long time, it is a good idea that you should invest a decent amount of money on a wallet. A high quality wallet from a reputational brand with the premium quality such as cowhide leather will last for a long time. In addition, it is an accessory to show off your fashion sense and your social status.</p>\n\n<p style=\"text-align:center\"><img alt=\"f2\" height=\"400\" src=\"/storage/news/5.jpg\" /></p>\n\n<p>&nbsp;</p>\n','published',1,'Botble\\ACL\\Models\\User',1,'news/1.jpg',2080,NULL,'2022-01-03 21:24:04','2022-01-03 21:24:04'),(2,'Sexy Clutches: How to Buy & Wear a Designer Clutch Bag','You should pay more attention when you choose your wallets. There are a lot of them on the market with the different designs and styles. When you choose carefully, you would be able to buy a wallet that is catered to your needs. Not to mention that it will help to enhance your style significantly.','<p>I have seen many people underestimating the power of their wallets. To them, they are just a functional item they use to carry. As a result, they often end up with the wallets which are not really suitable for them.</p>\n\n<p>You should pay more attention when you choose your wallets. There are a lot of them on the market with the different designs and styles. When you choose carefully, you would be able to buy a wallet that is catered to your needs. Not to mention that it will help to enhance your style significantly.</p>\n\n<p style=\"text-align:center\"><img alt=\"f4\" src=\"/storage/news/1.jpg\" /></p>\n\n<p><br />\n&nbsp;</p>\n\n<p><strong><em>For all of the reason above, here are 7 expert tips to help you pick up the right men&rsquo;s wallet for you:</em></strong></p>\n\n<h4><strong>Number 1: Choose A Neat Wallet</strong></h4>\n\n<p>The wallet is an essential accessory that you should go simple. Simplicity is the best in this case. A simple and neat wallet with the plain color and even&nbsp;<strong>minimalist style</strong>&nbsp;is versatile. It can be used for both formal and casual events. In addition, that wallet will go well with most of the clothes in your wardrobe.</p>\n\n<p>Keep in mind that a wallet will tell other people about your personality and your fashion sense as much as other clothes you put on. Hence, don&rsquo;t go cheesy on your wallet or else people will think that you have a funny and particular style.</p>\n\n<p style=\"text-align:center\"><img alt=\"f5\" src=\"/storage/news/2.jpg\" /></p>\n\n<p><br />\n&nbsp;</p>\n<hr />\n<h4><strong>Number 2: Choose The Right Size For Your Wallet</strong></h4>\n\n<p>You should avoid having an over-sized wallet. Don&rsquo;t think that you need to buy a big wallet because you have a lot to carry with you. In addition, a fat wallet is very ugly. It will make it harder for you to slide the wallet into your trousers&rsquo; pocket. In addition, it will create a bulge and ruin your look.</p>\n\n<p>Before you go on to buy a new wallet, clean out your wallet and place all of the items from your wallet on a table. Throw away things that you would never need any more such as the old bills or the expired gift cards. Remember to check your wallet on a frequent basis to get rid of all of the old stuff that you don&rsquo;t need anymore.</p>\n\n<p style=\"text-align:center\"><img alt=\"f1\" src=\"/storage/news/3.jpg\" /></p>\n\n<p><br />\n&nbsp;</p>\n\n<hr />\n<h4><strong>Number 3: Don&rsquo;t Limit Your Options Of Materials</strong></h4>\n\n<p>The types and designs of wallets are not the only things that you should consider when you go out searching for your best wallet. You have more than 1 option of material rather than leather to choose from as well.</p>\n\n<p>You can experiment with other available options such as cotton, polyester and canvas. They all have their own pros and cons. As a result, they will be suitable for different needs and requirements. You should think about them all in order to choose the material which you would like the most.</p>\n\n<p style=\"text-align:center\"><img alt=\"f6\" height=\"375\" src=\"/storage/news/4.jpg\" /></p>\n\n<p><br />\n&nbsp;</p>\n\n<hr />\n<h4><strong>Number 4: Consider A Wallet As A Long Term Investment</strong></h4>\n\n<p>Your wallet is indeed an investment that you should consider spending a decent amount of time and effort on it. Another factor that you need to consider is how much you want to spend on your wallet. The price ranges of wallets on the market vary a great deal. You can find a wallet which is as cheap as about 5 to 7 dollars. On the other hand, you should expect to pay around 250 to 300 dollars for a high-quality wallet.</p>\n\n<p>In case you need a wallet to use for a long time, it is a good idea that you should invest a decent amount of money on a wallet. A high quality wallet from a reputational brand with the premium quality such as cowhide leather will last for a long time. In addition, it is an accessory to show off your fashion sense and your social status.</p>\n\n<p style=\"text-align:center\"><img alt=\"f2\" height=\"400\" src=\"/storage/news/5.jpg\" /></p>\n\n<p>&nbsp;</p>\n','published',1,'Botble\\ACL\\Models\\User',1,'news/2.jpg',1200,NULL,'2022-01-03 21:24:04','2022-01-03 21:24:04'),(3,'The Top 2020 Handbag Trends to Know','You should pay more attention when you choose your wallets. There are a lot of them on the market with the different designs and styles. When you choose carefully, you would be able to buy a wallet that is catered to your needs. Not to mention that it will help to enhance your style significantly.','<p>I have seen many people underestimating the power of their wallets. To them, they are just a functional item they use to carry. As a result, they often end up with the wallets which are not really suitable for them.</p>\n\n<p>You should pay more attention when you choose your wallets. There are a lot of them on the market with the different designs and styles. When you choose carefully, you would be able to buy a wallet that is catered to your needs. Not to mention that it will help to enhance your style significantly.</p>\n\n<p style=\"text-align:center\"><img alt=\"f4\" src=\"/storage/news/1.jpg\" /></p>\n\n<p><br />\n&nbsp;</p>\n\n<p><strong><em>For all of the reason above, here are 7 expert tips to help you pick up the right men&rsquo;s wallet for you:</em></strong></p>\n\n<h4><strong>Number 1: Choose A Neat Wallet</strong></h4>\n\n<p>The wallet is an essential accessory that you should go simple. Simplicity is the best in this case. A simple and neat wallet with the plain color and even&nbsp;<strong>minimalist style</strong>&nbsp;is versatile. It can be used for both formal and casual events. In addition, that wallet will go well with most of the clothes in your wardrobe.</p>\n\n<p>Keep in mind that a wallet will tell other people about your personality and your fashion sense as much as other clothes you put on. Hence, don&rsquo;t go cheesy on your wallet or else people will think that you have a funny and particular style.</p>\n\n<p style=\"text-align:center\"><img alt=\"f5\" src=\"/storage/news/2.jpg\" /></p>\n\n<p><br />\n&nbsp;</p>\n<hr />\n<h4><strong>Number 2: Choose The Right Size For Your Wallet</strong></h4>\n\n<p>You should avoid having an over-sized wallet. Don&rsquo;t think that you need to buy a big wallet because you have a lot to carry with you. In addition, a fat wallet is very ugly. It will make it harder for you to slide the wallet into your trousers&rsquo; pocket. In addition, it will create a bulge and ruin your look.</p>\n\n<p>Before you go on to buy a new wallet, clean out your wallet and place all of the items from your wallet on a table. Throw away things that you would never need any more such as the old bills or the expired gift cards. Remember to check your wallet on a frequent basis to get rid of all of the old stuff that you don&rsquo;t need anymore.</p>\n\n<p style=\"text-align:center\"><img alt=\"f1\" src=\"/storage/news/3.jpg\" /></p>\n\n<p><br />\n&nbsp;</p>\n\n<hr />\n<h4><strong>Number 3: Don&rsquo;t Limit Your Options Of Materials</strong></h4>\n\n<p>The types and designs of wallets are not the only things that you should consider when you go out searching for your best wallet. You have more than 1 option of material rather than leather to choose from as well.</p>\n\n<p>You can experiment with other available options such as cotton, polyester and canvas. They all have their own pros and cons. As a result, they will be suitable for different needs and requirements. You should think about them all in order to choose the material which you would like the most.</p>\n\n<p style=\"text-align:center\"><img alt=\"f6\" height=\"375\" src=\"/storage/news/4.jpg\" /></p>\n\n<p><br />\n&nbsp;</p>\n\n<hr />\n<h4><strong>Number 4: Consider A Wallet As A Long Term Investment</strong></h4>\n\n<p>Your wallet is indeed an investment that you should consider spending a decent amount of time and effort on it. Another factor that you need to consider is how much you want to spend on your wallet. The price ranges of wallets on the market vary a great deal. You can find a wallet which is as cheap as about 5 to 7 dollars. On the other hand, you should expect to pay around 250 to 300 dollars for a high-quality wallet.</p>\n\n<p>In case you need a wallet to use for a long time, it is a good idea that you should invest a decent amount of money on a wallet. A high quality wallet from a reputational brand with the premium quality such as cowhide leather will last for a long time. In addition, it is an accessory to show off your fashion sense and your social status.</p>\n\n<p style=\"text-align:center\"><img alt=\"f2\" height=\"400\" src=\"/storage/news/5.jpg\" /></p>\n\n<p>&nbsp;</p>\n','published',1,'Botble\\ACL\\Models\\User',1,'news/3.jpg',1738,NULL,'2022-01-03 21:24:04','2022-01-03 21:24:04'),(4,'How to Match the Color of Your Handbag With an Outfit','You should pay more attention when you choose your wallets. There are a lot of them on the market with the different designs and styles. When you choose carefully, you would be able to buy a wallet that is catered to your needs. Not to mention that it will help to enhance your style significantly.','<p>I have seen many people underestimating the power of their wallets. To them, they are just a functional item they use to carry. As a result, they often end up with the wallets which are not really suitable for them.</p>\n\n<p>You should pay more attention when you choose your wallets. There are a lot of them on the market with the different designs and styles. When you choose carefully, you would be able to buy a wallet that is catered to your needs. Not to mention that it will help to enhance your style significantly.</p>\n\n<p style=\"text-align:center\"><img alt=\"f4\" src=\"/storage/news/1.jpg\" /></p>\n\n<p><br />\n&nbsp;</p>\n\n<p><strong><em>For all of the reason above, here are 7 expert tips to help you pick up the right men&rsquo;s wallet for you:</em></strong></p>\n\n<h4><strong>Number 1: Choose A Neat Wallet</strong></h4>\n\n<p>The wallet is an essential accessory that you should go simple. Simplicity is the best in this case. A simple and neat wallet with the plain color and even&nbsp;<strong>minimalist style</strong>&nbsp;is versatile. It can be used for both formal and casual events. In addition, that wallet will go well with most of the clothes in your wardrobe.</p>\n\n<p>Keep in mind that a wallet will tell other people about your personality and your fashion sense as much as other clothes you put on. Hence, don&rsquo;t go cheesy on your wallet or else people will think that you have a funny and particular style.</p>\n\n<p style=\"text-align:center\"><img alt=\"f5\" src=\"/storage/news/2.jpg\" /></p>\n\n<p><br />\n&nbsp;</p>\n<hr />\n<h4><strong>Number 2: Choose The Right Size For Your Wallet</strong></h4>\n\n<p>You should avoid having an over-sized wallet. Don&rsquo;t think that you need to buy a big wallet because you have a lot to carry with you. In addition, a fat wallet is very ugly. It will make it harder for you to slide the wallet into your trousers&rsquo; pocket. In addition, it will create a bulge and ruin your look.</p>\n\n<p>Before you go on to buy a new wallet, clean out your wallet and place all of the items from your wallet on a table. Throw away things that you would never need any more such as the old bills or the expired gift cards. Remember to check your wallet on a frequent basis to get rid of all of the old stuff that you don&rsquo;t need anymore.</p>\n\n<p style=\"text-align:center\"><img alt=\"f1\" src=\"/storage/news/3.jpg\" /></p>\n\n<p><br />\n&nbsp;</p>\n\n<hr />\n<h4><strong>Number 3: Don&rsquo;t Limit Your Options Of Materials</strong></h4>\n\n<p>The types and designs of wallets are not the only things that you should consider when you go out searching for your best wallet. You have more than 1 option of material rather than leather to choose from as well.</p>\n\n<p>You can experiment with other available options such as cotton, polyester and canvas. They all have their own pros and cons. As a result, they will be suitable for different needs and requirements. You should think about them all in order to choose the material which you would like the most.</p>\n\n<p style=\"text-align:center\"><img alt=\"f6\" height=\"375\" src=\"/storage/news/4.jpg\" /></p>\n\n<p><br />\n&nbsp;</p>\n\n<hr />\n<h4><strong>Number 4: Consider A Wallet As A Long Term Investment</strong></h4>\n\n<p>Your wallet is indeed an investment that you should consider spending a decent amount of time and effort on it. Another factor that you need to consider is how much you want to spend on your wallet. The price ranges of wallets on the market vary a great deal. You can find a wallet which is as cheap as about 5 to 7 dollars. On the other hand, you should expect to pay around 250 to 300 dollars for a high-quality wallet.</p>\n\n<p>In case you need a wallet to use for a long time, it is a good idea that you should invest a decent amount of money on a wallet. A high quality wallet from a reputational brand with the premium quality such as cowhide leather will last for a long time. In addition, it is an accessory to show off your fashion sense and your social status.</p>\n\n<p style=\"text-align:center\"><img alt=\"f2\" height=\"400\" src=\"/storage/news/5.jpg\" /></p>\n\n<p>&nbsp;</p>\n','published',1,'Botble\\ACL\\Models\\User',1,'news/4.jpg',747,NULL,'2022-01-03 21:24:04','2022-01-03 21:24:04'),(5,'How to Care for Leather Bags','You should pay more attention when you choose your wallets. There are a lot of them on the market with the different designs and styles. When you choose carefully, you would be able to buy a wallet that is catered to your needs. Not to mention that it will help to enhance your style significantly.','<p>I have seen many people underestimating the power of their wallets. To them, they are just a functional item they use to carry. As a result, they often end up with the wallets which are not really suitable for them.</p>\n\n<p>You should pay more attention when you choose your wallets. There are a lot of them on the market with the different designs and styles. When you choose carefully, you would be able to buy a wallet that is catered to your needs. Not to mention that it will help to enhance your style significantly.</p>\n\n<p style=\"text-align:center\"><img alt=\"f4\" src=\"/storage/news/1.jpg\" /></p>\n\n<p><br />\n&nbsp;</p>\n\n<p><strong><em>For all of the reason above, here are 7 expert tips to help you pick up the right men&rsquo;s wallet for you:</em></strong></p>\n\n<h4><strong>Number 1: Choose A Neat Wallet</strong></h4>\n\n<p>The wallet is an essential accessory that you should go simple. Simplicity is the best in this case. A simple and neat wallet with the plain color and even&nbsp;<strong>minimalist style</strong>&nbsp;is versatile. It can be used for both formal and casual events. In addition, that wallet will go well with most of the clothes in your wardrobe.</p>\n\n<p>Keep in mind that a wallet will tell other people about your personality and your fashion sense as much as other clothes you put on. Hence, don&rsquo;t go cheesy on your wallet or else people will think that you have a funny and particular style.</p>\n\n<p style=\"text-align:center\"><img alt=\"f5\" src=\"/storage/news/2.jpg\" /></p>\n\n<p><br />\n&nbsp;</p>\n<hr />\n<h4><strong>Number 2: Choose The Right Size For Your Wallet</strong></h4>\n\n<p>You should avoid having an over-sized wallet. Don&rsquo;t think that you need to buy a big wallet because you have a lot to carry with you. In addition, a fat wallet is very ugly. It will make it harder for you to slide the wallet into your trousers&rsquo; pocket. In addition, it will create a bulge and ruin your look.</p>\n\n<p>Before you go on to buy a new wallet, clean out your wallet and place all of the items from your wallet on a table. Throw away things that you would never need any more such as the old bills or the expired gift cards. Remember to check your wallet on a frequent basis to get rid of all of the old stuff that you don&rsquo;t need anymore.</p>\n\n<p style=\"text-align:center\"><img alt=\"f1\" src=\"/storage/news/3.jpg\" /></p>\n\n<p><br />\n&nbsp;</p>\n\n<hr />\n<h4><strong>Number 3: Don&rsquo;t Limit Your Options Of Materials</strong></h4>\n\n<p>The types and designs of wallets are not the only things that you should consider when you go out searching for your best wallet. You have more than 1 option of material rather than leather to choose from as well.</p>\n\n<p>You can experiment with other available options such as cotton, polyester and canvas. They all have their own pros and cons. As a result, they will be suitable for different needs and requirements. You should think about them all in order to choose the material which you would like the most.</p>\n\n<p style=\"text-align:center\"><img alt=\"f6\" height=\"375\" src=\"/storage/news/4.jpg\" /></p>\n\n<p><br />\n&nbsp;</p>\n\n<hr />\n<h4><strong>Number 4: Consider A Wallet As A Long Term Investment</strong></h4>\n\n<p>Your wallet is indeed an investment that you should consider spending a decent amount of time and effort on it. Another factor that you need to consider is how much you want to spend on your wallet. The price ranges of wallets on the market vary a great deal. You can find a wallet which is as cheap as about 5 to 7 dollars. On the other hand, you should expect to pay around 250 to 300 dollars for a high-quality wallet.</p>\n\n<p>In case you need a wallet to use for a long time, it is a good idea that you should invest a decent amount of money on a wallet. A high quality wallet from a reputational brand with the premium quality such as cowhide leather will last for a long time. In addition, it is an accessory to show off your fashion sense and your social status.</p>\n\n<p style=\"text-align:center\"><img alt=\"f2\" height=\"400\" src=\"/storage/news/5.jpg\" /></p>\n\n<p>&nbsp;</p>\n','published',1,'Botble\\ACL\\Models\\User',1,'news/5.jpg',1162,NULL,'2022-01-03 21:24:04','2022-01-03 21:24:04'),(6,'We\'re Crushing Hard on Summer\'s 10 Biggest Bag Trends','You should pay more attention when you choose your wallets. There are a lot of them on the market with the different designs and styles. When you choose carefully, you would be able to buy a wallet that is catered to your needs. Not to mention that it will help to enhance your style significantly.','<p>I have seen many people underestimating the power of their wallets. To them, they are just a functional item they use to carry. As a result, they often end up with the wallets which are not really suitable for them.</p>\n\n<p>You should pay more attention when you choose your wallets. There are a lot of them on the market with the different designs and styles. When you choose carefully, you would be able to buy a wallet that is catered to your needs. Not to mention that it will help to enhance your style significantly.</p>\n\n<p style=\"text-align:center\"><img alt=\"f4\" src=\"/storage/news/1.jpg\" /></p>\n\n<p><br />\n&nbsp;</p>\n\n<p><strong><em>For all of the reason above, here are 7 expert tips to help you pick up the right men&rsquo;s wallet for you:</em></strong></p>\n\n<h4><strong>Number 1: Choose A Neat Wallet</strong></h4>\n\n<p>The wallet is an essential accessory that you should go simple. Simplicity is the best in this case. A simple and neat wallet with the plain color and even&nbsp;<strong>minimalist style</strong>&nbsp;is versatile. It can be used for both formal and casual events. In addition, that wallet will go well with most of the clothes in your wardrobe.</p>\n\n<p>Keep in mind that a wallet will tell other people about your personality and your fashion sense as much as other clothes you put on. Hence, don&rsquo;t go cheesy on your wallet or else people will think that you have a funny and particular style.</p>\n\n<p style=\"text-align:center\"><img alt=\"f5\" src=\"/storage/news/2.jpg\" /></p>\n\n<p><br />\n&nbsp;</p>\n<hr />\n<h4><strong>Number 2: Choose The Right Size For Your Wallet</strong></h4>\n\n<p>You should avoid having an over-sized wallet. Don&rsquo;t think that you need to buy a big wallet because you have a lot to carry with you. In addition, a fat wallet is very ugly. It will make it harder for you to slide the wallet into your trousers&rsquo; pocket. In addition, it will create a bulge and ruin your look.</p>\n\n<p>Before you go on to buy a new wallet, clean out your wallet and place all of the items from your wallet on a table. Throw away things that you would never need any more such as the old bills or the expired gift cards. Remember to check your wallet on a frequent basis to get rid of all of the old stuff that you don&rsquo;t need anymore.</p>\n\n<p style=\"text-align:center\"><img alt=\"f1\" src=\"/storage/news/3.jpg\" /></p>\n\n<p><br />\n&nbsp;</p>\n\n<hr />\n<h4><strong>Number 3: Don&rsquo;t Limit Your Options Of Materials</strong></h4>\n\n<p>The types and designs of wallets are not the only things that you should consider when you go out searching for your best wallet. You have more than 1 option of material rather than leather to choose from as well.</p>\n\n<p>You can experiment with other available options such as cotton, polyester and canvas. They all have their own pros and cons. As a result, they will be suitable for different needs and requirements. You should think about them all in order to choose the material which you would like the most.</p>\n\n<p style=\"text-align:center\"><img alt=\"f6\" height=\"375\" src=\"/storage/news/4.jpg\" /></p>\n\n<p><br />\n&nbsp;</p>\n\n<hr />\n<h4><strong>Number 4: Consider A Wallet As A Long Term Investment</strong></h4>\n\n<p>Your wallet is indeed an investment that you should consider spending a decent amount of time and effort on it. Another factor that you need to consider is how much you want to spend on your wallet. The price ranges of wallets on the market vary a great deal. You can find a wallet which is as cheap as about 5 to 7 dollars. On the other hand, you should expect to pay around 250 to 300 dollars for a high-quality wallet.</p>\n\n<p>In case you need a wallet to use for a long time, it is a good idea that you should invest a decent amount of money on a wallet. A high quality wallet from a reputational brand with the premium quality such as cowhide leather will last for a long time. In addition, it is an accessory to show off your fashion sense and your social status.</p>\n\n<p style=\"text-align:center\"><img alt=\"f2\" height=\"400\" src=\"/storage/news/5.jpg\" /></p>\n\n<p>&nbsp;</p>\n','published',1,'Botble\\ACL\\Models\\User',1,'news/6.jpg',852,NULL,'2022-01-03 21:24:04','2022-01-03 21:24:04'),(7,'Essential Qualities of Highly Successful Music','You should pay more attention when you choose your wallets. There are a lot of them on the market with the different designs and styles. When you choose carefully, you would be able to buy a wallet that is catered to your needs. Not to mention that it will help to enhance your style significantly.','<p>I have seen many people underestimating the power of their wallets. To them, they are just a functional item they use to carry. As a result, they often end up with the wallets which are not really suitable for them.</p>\n\n<p>You should pay more attention when you choose your wallets. There are a lot of them on the market with the different designs and styles. When you choose carefully, you would be able to buy a wallet that is catered to your needs. Not to mention that it will help to enhance your style significantly.</p>\n\n<p style=\"text-align:center\"><img alt=\"f4\" src=\"/storage/news/1.jpg\" /></p>\n\n<p><br />\n&nbsp;</p>\n\n<p><strong><em>For all of the reason above, here are 7 expert tips to help you pick up the right men&rsquo;s wallet for you:</em></strong></p>\n\n<h4><strong>Number 1: Choose A Neat Wallet</strong></h4>\n\n<p>The wallet is an essential accessory that you should go simple. Simplicity is the best in this case. A simple and neat wallet with the plain color and even&nbsp;<strong>minimalist style</strong>&nbsp;is versatile. It can be used for both formal and casual events. In addition, that wallet will go well with most of the clothes in your wardrobe.</p>\n\n<p>Keep in mind that a wallet will tell other people about your personality and your fashion sense as much as other clothes you put on. Hence, don&rsquo;t go cheesy on your wallet or else people will think that you have a funny and particular style.</p>\n\n<p style=\"text-align:center\"><img alt=\"f5\" src=\"/storage/news/2.jpg\" /></p>\n\n<p><br />\n&nbsp;</p>\n<hr />\n<h4><strong>Number 2: Choose The Right Size For Your Wallet</strong></h4>\n\n<p>You should avoid having an over-sized wallet. Don&rsquo;t think that you need to buy a big wallet because you have a lot to carry with you. In addition, a fat wallet is very ugly. It will make it harder for you to slide the wallet into your trousers&rsquo; pocket. In addition, it will create a bulge and ruin your look.</p>\n\n<p>Before you go on to buy a new wallet, clean out your wallet and place all of the items from your wallet on a table. Throw away things that you would never need any more such as the old bills or the expired gift cards. Remember to check your wallet on a frequent basis to get rid of all of the old stuff that you don&rsquo;t need anymore.</p>\n\n<p style=\"text-align:center\"><img alt=\"f1\" src=\"/storage/news/3.jpg\" /></p>\n\n<p><br />\n&nbsp;</p>\n\n<hr />\n<h4><strong>Number 3: Don&rsquo;t Limit Your Options Of Materials</strong></h4>\n\n<p>The types and designs of wallets are not the only things that you should consider when you go out searching for your best wallet. You have more than 1 option of material rather than leather to choose from as well.</p>\n\n<p>You can experiment with other available options such as cotton, polyester and canvas. They all have their own pros and cons. As a result, they will be suitable for different needs and requirements. You should think about them all in order to choose the material which you would like the most.</p>\n\n<p style=\"text-align:center\"><img alt=\"f6\" height=\"375\" src=\"/storage/news/4.jpg\" /></p>\n\n<p><br />\n&nbsp;</p>\n\n<hr />\n<h4><strong>Number 4: Consider A Wallet As A Long Term Investment</strong></h4>\n\n<p>Your wallet is indeed an investment that you should consider spending a decent amount of time and effort on it. Another factor that you need to consider is how much you want to spend on your wallet. The price ranges of wallets on the market vary a great deal. You can find a wallet which is as cheap as about 5 to 7 dollars. On the other hand, you should expect to pay around 250 to 300 dollars for a high-quality wallet.</p>\n\n<p>In case you need a wallet to use for a long time, it is a good idea that you should invest a decent amount of money on a wallet. A high quality wallet from a reputational brand with the premium quality such as cowhide leather will last for a long time. In addition, it is an accessory to show off your fashion sense and your social status.</p>\n\n<p style=\"text-align:center\"><img alt=\"f2\" height=\"400\" src=\"/storage/news/5.jpg\" /></p>\n\n<p>&nbsp;</p>\n','published',1,'Botble\\ACL\\Models\\User',1,'news/7.jpg',2075,NULL,'2022-01-03 21:24:04','2022-01-03 21:24:04'),(8,'9 Things I Love About Shaving My Head','You should pay more attention when you choose your wallets. There are a lot of them on the market with the different designs and styles. When you choose carefully, you would be able to buy a wallet that is catered to your needs. Not to mention that it will help to enhance your style significantly.','<p>I have seen many people underestimating the power of their wallets. To them, they are just a functional item they use to carry. As a result, they often end up with the wallets which are not really suitable for them.</p>\n\n<p>You should pay more attention when you choose your wallets. There are a lot of them on the market with the different designs and styles. When you choose carefully, you would be able to buy a wallet that is catered to your needs. Not to mention that it will help to enhance your style significantly.</p>\n\n<p style=\"text-align:center\"><img alt=\"f4\" src=\"/storage/news/1.jpg\" /></p>\n\n<p><br />\n&nbsp;</p>\n\n<p><strong><em>For all of the reason above, here are 7 expert tips to help you pick up the right men&rsquo;s wallet for you:</em></strong></p>\n\n<h4><strong>Number 1: Choose A Neat Wallet</strong></h4>\n\n<p>The wallet is an essential accessory that you should go simple. Simplicity is the best in this case. A simple and neat wallet with the plain color and even&nbsp;<strong>minimalist style</strong>&nbsp;is versatile. It can be used for both formal and casual events. In addition, that wallet will go well with most of the clothes in your wardrobe.</p>\n\n<p>Keep in mind that a wallet will tell other people about your personality and your fashion sense as much as other clothes you put on. Hence, don&rsquo;t go cheesy on your wallet or else people will think that you have a funny and particular style.</p>\n\n<p style=\"text-align:center\"><img alt=\"f5\" src=\"/storage/news/2.jpg\" /></p>\n\n<p><br />\n&nbsp;</p>\n<hr />\n<h4><strong>Number 2: Choose The Right Size For Your Wallet</strong></h4>\n\n<p>You should avoid having an over-sized wallet. Don&rsquo;t think that you need to buy a big wallet because you have a lot to carry with you. In addition, a fat wallet is very ugly. It will make it harder for you to slide the wallet into your trousers&rsquo; pocket. In addition, it will create a bulge and ruin your look.</p>\n\n<p>Before you go on to buy a new wallet, clean out your wallet and place all of the items from your wallet on a table. Throw away things that you would never need any more such as the old bills or the expired gift cards. Remember to check your wallet on a frequent basis to get rid of all of the old stuff that you don&rsquo;t need anymore.</p>\n\n<p style=\"text-align:center\"><img alt=\"f1\" src=\"/storage/news/3.jpg\" /></p>\n\n<p><br />\n&nbsp;</p>\n\n<hr />\n<h4><strong>Number 3: Don&rsquo;t Limit Your Options Of Materials</strong></h4>\n\n<p>The types and designs of wallets are not the only things that you should consider when you go out searching for your best wallet. You have more than 1 option of material rather than leather to choose from as well.</p>\n\n<p>You can experiment with other available options such as cotton, polyester and canvas. They all have their own pros and cons. As a result, they will be suitable for different needs and requirements. You should think about them all in order to choose the material which you would like the most.</p>\n\n<p style=\"text-align:center\"><img alt=\"f6\" height=\"375\" src=\"/storage/news/4.jpg\" /></p>\n\n<p><br />\n&nbsp;</p>\n\n<hr />\n<h4><strong>Number 4: Consider A Wallet As A Long Term Investment</strong></h4>\n\n<p>Your wallet is indeed an investment that you should consider spending a decent amount of time and effort on it. Another factor that you need to consider is how much you want to spend on your wallet. The price ranges of wallets on the market vary a great deal. You can find a wallet which is as cheap as about 5 to 7 dollars. On the other hand, you should expect to pay around 250 to 300 dollars for a high-quality wallet.</p>\n\n<p>In case you need a wallet to use for a long time, it is a good idea that you should invest a decent amount of money on a wallet. A high quality wallet from a reputational brand with the premium quality such as cowhide leather will last for a long time. In addition, it is an accessory to show off your fashion sense and your social status.</p>\n\n<p style=\"text-align:center\"><img alt=\"f2\" height=\"400\" src=\"/storage/news/5.jpg\" /></p>\n\n<p>&nbsp;</p>\n','published',1,'Botble\\ACL\\Models\\User',1,'news/8.jpg',171,NULL,'2022-01-03 21:24:04','2022-01-03 21:24:04'),(9,'Why Teamwork Really Makes The Dream Work','You should pay more attention when you choose your wallets. There are a lot of them on the market with the different designs and styles. When you choose carefully, you would be able to buy a wallet that is catered to your needs. Not to mention that it will help to enhance your style significantly.','<p>I have seen many people underestimating the power of their wallets. To them, they are just a functional item they use to carry. As a result, they often end up with the wallets which are not really suitable for them.</p>\n\n<p>You should pay more attention when you choose your wallets. There are a lot of them on the market with the different designs and styles. When you choose carefully, you would be able to buy a wallet that is catered to your needs. Not to mention that it will help to enhance your style significantly.</p>\n\n<p style=\"text-align:center\"><img alt=\"f4\" src=\"/storage/news/1.jpg\" /></p>\n\n<p><br />\n&nbsp;</p>\n\n<p><strong><em>For all of the reason above, here are 7 expert tips to help you pick up the right men&rsquo;s wallet for you:</em></strong></p>\n\n<h4><strong>Number 1: Choose A Neat Wallet</strong></h4>\n\n<p>The wallet is an essential accessory that you should go simple. Simplicity is the best in this case. A simple and neat wallet with the plain color and even&nbsp;<strong>minimalist style</strong>&nbsp;is versatile. It can be used for both formal and casual events. In addition, that wallet will go well with most of the clothes in your wardrobe.</p>\n\n<p>Keep in mind that a wallet will tell other people about your personality and your fashion sense as much as other clothes you put on. Hence, don&rsquo;t go cheesy on your wallet or else people will think that you have a funny and particular style.</p>\n\n<p style=\"text-align:center\"><img alt=\"f5\" src=\"/storage/news/2.jpg\" /></p>\n\n<p><br />\n&nbsp;</p>\n<hr />\n<h4><strong>Number 2: Choose The Right Size For Your Wallet</strong></h4>\n\n<p>You should avoid having an over-sized wallet. Don&rsquo;t think that you need to buy a big wallet because you have a lot to carry with you. In addition, a fat wallet is very ugly. It will make it harder for you to slide the wallet into your trousers&rsquo; pocket. In addition, it will create a bulge and ruin your look.</p>\n\n<p>Before you go on to buy a new wallet, clean out your wallet and place all of the items from your wallet on a table. Throw away things that you would never need any more such as the old bills or the expired gift cards. Remember to check your wallet on a frequent basis to get rid of all of the old stuff that you don&rsquo;t need anymore.</p>\n\n<p style=\"text-align:center\"><img alt=\"f1\" src=\"/storage/news/3.jpg\" /></p>\n\n<p><br />\n&nbsp;</p>\n\n<hr />\n<h4><strong>Number 3: Don&rsquo;t Limit Your Options Of Materials</strong></h4>\n\n<p>The types and designs of wallets are not the only things that you should consider when you go out searching for your best wallet. You have more than 1 option of material rather than leather to choose from as well.</p>\n\n<p>You can experiment with other available options such as cotton, polyester and canvas. They all have their own pros and cons. As a result, they will be suitable for different needs and requirements. You should think about them all in order to choose the material which you would like the most.</p>\n\n<p style=\"text-align:center\"><img alt=\"f6\" height=\"375\" src=\"/storage/news/4.jpg\" /></p>\n\n<p><br />\n&nbsp;</p>\n\n<hr />\n<h4><strong>Number 4: Consider A Wallet As A Long Term Investment</strong></h4>\n\n<p>Your wallet is indeed an investment that you should consider spending a decent amount of time and effort on it. Another factor that you need to consider is how much you want to spend on your wallet. The price ranges of wallets on the market vary a great deal. You can find a wallet which is as cheap as about 5 to 7 dollars. On the other hand, you should expect to pay around 250 to 300 dollars for a high-quality wallet.</p>\n\n<p>In case you need a wallet to use for a long time, it is a good idea that you should invest a decent amount of money on a wallet. A high quality wallet from a reputational brand with the premium quality such as cowhide leather will last for a long time. In addition, it is an accessory to show off your fashion sense and your social status.</p>\n\n<p style=\"text-align:center\"><img alt=\"f2\" height=\"400\" src=\"/storage/news/5.jpg\" /></p>\n\n<p>&nbsp;</p>\n','published',1,'Botble\\ACL\\Models\\User',1,'news/9.jpg',137,NULL,'2022-01-03 21:24:04','2022-01-03 21:24:04'),(10,'The World Caters to Average People','You should pay more attention when you choose your wallets. There are a lot of them on the market with the different designs and styles. When you choose carefully, you would be able to buy a wallet that is catered to your needs. Not to mention that it will help to enhance your style significantly.','<p>I have seen many people underestimating the power of their wallets. To them, they are just a functional item they use to carry. As a result, they often end up with the wallets which are not really suitable for them.</p>\n\n<p>You should pay more attention when you choose your wallets. There are a lot of them on the market with the different designs and styles. When you choose carefully, you would be able to buy a wallet that is catered to your needs. Not to mention that it will help to enhance your style significantly.</p>\n\n<p style=\"text-align:center\"><img alt=\"f4\" src=\"/storage/news/1.jpg\" /></p>\n\n<p><br />\n&nbsp;</p>\n\n<p><strong><em>For all of the reason above, here are 7 expert tips to help you pick up the right men&rsquo;s wallet for you:</em></strong></p>\n\n<h4><strong>Number 1: Choose A Neat Wallet</strong></h4>\n\n<p>The wallet is an essential accessory that you should go simple. Simplicity is the best in this case. A simple and neat wallet with the plain color and even&nbsp;<strong>minimalist style</strong>&nbsp;is versatile. It can be used for both formal and casual events. In addition, that wallet will go well with most of the clothes in your wardrobe.</p>\n\n<p>Keep in mind that a wallet will tell other people about your personality and your fashion sense as much as other clothes you put on. Hence, don&rsquo;t go cheesy on your wallet or else people will think that you have a funny and particular style.</p>\n\n<p style=\"text-align:center\"><img alt=\"f5\" src=\"/storage/news/2.jpg\" /></p>\n\n<p><br />\n&nbsp;</p>\n<hr />\n<h4><strong>Number 2: Choose The Right Size For Your Wallet</strong></h4>\n\n<p>You should avoid having an over-sized wallet. Don&rsquo;t think that you need to buy a big wallet because you have a lot to carry with you. In addition, a fat wallet is very ugly. It will make it harder for you to slide the wallet into your trousers&rsquo; pocket. In addition, it will create a bulge and ruin your look.</p>\n\n<p>Before you go on to buy a new wallet, clean out your wallet and place all of the items from your wallet on a table. Throw away things that you would never need any more such as the old bills or the expired gift cards. Remember to check your wallet on a frequent basis to get rid of all of the old stuff that you don&rsquo;t need anymore.</p>\n\n<p style=\"text-align:center\"><img alt=\"f1\" src=\"/storage/news/3.jpg\" /></p>\n\n<p><br />\n&nbsp;</p>\n\n<hr />\n<h4><strong>Number 3: Don&rsquo;t Limit Your Options Of Materials</strong></h4>\n\n<p>The types and designs of wallets are not the only things that you should consider when you go out searching for your best wallet. You have more than 1 option of material rather than leather to choose from as well.</p>\n\n<p>You can experiment with other available options such as cotton, polyester and canvas. They all have their own pros and cons. As a result, they will be suitable for different needs and requirements. You should think about them all in order to choose the material which you would like the most.</p>\n\n<p style=\"text-align:center\"><img alt=\"f6\" height=\"375\" src=\"/storage/news/4.jpg\" /></p>\n\n<p><br />\n&nbsp;</p>\n\n<hr />\n<h4><strong>Number 4: Consider A Wallet As A Long Term Investment</strong></h4>\n\n<p>Your wallet is indeed an investment that you should consider spending a decent amount of time and effort on it. Another factor that you need to consider is how much you want to spend on your wallet. The price ranges of wallets on the market vary a great deal. You can find a wallet which is as cheap as about 5 to 7 dollars. On the other hand, you should expect to pay around 250 to 300 dollars for a high-quality wallet.</p>\n\n<p>In case you need a wallet to use for a long time, it is a good idea that you should invest a decent amount of money on a wallet. A high quality wallet from a reputational brand with the premium quality such as cowhide leather will last for a long time. In addition, it is an accessory to show off your fashion sense and your social status.</p>\n\n<p style=\"text-align:center\"><img alt=\"f2\" height=\"400\" src=\"/storage/news/5.jpg\" /></p>\n\n<p>&nbsp;</p>\n','published',1,'Botble\\ACL\\Models\\User',1,'news/10.jpg',1792,NULL,'2022-01-03 21:24:04','2022-01-03 21:24:04'),(11,'The litigants on the screen are not actors','You should pay more attention when you choose your wallets. There are a lot of them on the market with the different designs and styles. When you choose carefully, you would be able to buy a wallet that is catered to your needs. Not to mention that it will help to enhance your style significantly.','<p>I have seen many people underestimating the power of their wallets. To them, they are just a functional item they use to carry. As a result, they often end up with the wallets which are not really suitable for them.</p>\n\n<p>You should pay more attention when you choose your wallets. There are a lot of them on the market with the different designs and styles. When you choose carefully, you would be able to buy a wallet that is catered to your needs. Not to mention that it will help to enhance your style significantly.</p>\n\n<p style=\"text-align:center\"><img alt=\"f4\" src=\"/storage/news/1.jpg\" /></p>\n\n<p><br />\n&nbsp;</p>\n\n<p><strong><em>For all of the reason above, here are 7 expert tips to help you pick up the right men&rsquo;s wallet for you:</em></strong></p>\n\n<h4><strong>Number 1: Choose A Neat Wallet</strong></h4>\n\n<p>The wallet is an essential accessory that you should go simple. Simplicity is the best in this case. A simple and neat wallet with the plain color and even&nbsp;<strong>minimalist style</strong>&nbsp;is versatile. It can be used for both formal and casual events. In addition, that wallet will go well with most of the clothes in your wardrobe.</p>\n\n<p>Keep in mind that a wallet will tell other people about your personality and your fashion sense as much as other clothes you put on. Hence, don&rsquo;t go cheesy on your wallet or else people will think that you have a funny and particular style.</p>\n\n<p style=\"text-align:center\"><img alt=\"f5\" src=\"/storage/news/2.jpg\" /></p>\n\n<p><br />\n&nbsp;</p>\n<hr />\n<h4><strong>Number 2: Choose The Right Size For Your Wallet</strong></h4>\n\n<p>You should avoid having an over-sized wallet. Don&rsquo;t think that you need to buy a big wallet because you have a lot to carry with you. In addition, a fat wallet is very ugly. It will make it harder for you to slide the wallet into your trousers&rsquo; pocket. In addition, it will create a bulge and ruin your look.</p>\n\n<p>Before you go on to buy a new wallet, clean out your wallet and place all of the items from your wallet on a table. Throw away things that you would never need any more such as the old bills or the expired gift cards. Remember to check your wallet on a frequent basis to get rid of all of the old stuff that you don&rsquo;t need anymore.</p>\n\n<p style=\"text-align:center\"><img alt=\"f1\" src=\"/storage/news/3.jpg\" /></p>\n\n<p><br />\n&nbsp;</p>\n\n<hr />\n<h4><strong>Number 3: Don&rsquo;t Limit Your Options Of Materials</strong></h4>\n\n<p>The types and designs of wallets are not the only things that you should consider when you go out searching for your best wallet. You have more than 1 option of material rather than leather to choose from as well.</p>\n\n<p>You can experiment with other available options such as cotton, polyester and canvas. They all have their own pros and cons. As a result, they will be suitable for different needs and requirements. You should think about them all in order to choose the material which you would like the most.</p>\n\n<p style=\"text-align:center\"><img alt=\"f6\" height=\"375\" src=\"/storage/news/4.jpg\" /></p>\n\n<p><br />\n&nbsp;</p>\n\n<hr />\n<h4><strong>Number 4: Consider A Wallet As A Long Term Investment</strong></h4>\n\n<p>Your wallet is indeed an investment that you should consider spending a decent amount of time and effort on it. Another factor that you need to consider is how much you want to spend on your wallet. The price ranges of wallets on the market vary a great deal. You can find a wallet which is as cheap as about 5 to 7 dollars. On the other hand, you should expect to pay around 250 to 300 dollars for a high-quality wallet.</p>\n\n<p>In case you need a wallet to use for a long time, it is a good idea that you should invest a decent amount of money on a wallet. A high quality wallet from a reputational brand with the premium quality such as cowhide leather will last for a long time. In addition, it is an accessory to show off your fashion sense and your social status.</p>\n\n<p style=\"text-align:center\"><img alt=\"f2\" height=\"400\" src=\"/storage/news/5.jpg\" /></p>\n\n<p>&nbsp;</p>\n','published',1,'Botble\\ACL\\Models\\User',0,'news/11.jpg',887,NULL,'2022-01-03 21:24:04','2022-01-03 21:24:04');
/*!40000 ALTER TABLE `posts` ENABLE KEYS */;
UNLOCK TABLES;

--
-- Table structure for table `posts_translations`
--

DROP TABLE IF EXISTS `posts_translations`;
/*!40101 SET @saved_cs_client     = @@character_set_client */;
/*!40101 SET character_set_client = utf8 */;
CREATE TABLE `posts_translations` (
  `lang_code` varchar(191) COLLATE utf8mb4_unicode_ci NOT NULL,
  `posts_id` int(11) NOT NULL,
  `name` varchar(255) COLLATE utf8mb4_unicode_ci DEFAULT NULL,
  `description` varchar(400) COLLATE utf8mb4_unicode_ci DEFAULT NULL,
  `content` longtext COLLATE utf8mb4_unicode_ci DEFAULT NULL,
  PRIMARY KEY (`lang_code`,`posts_id`)
) ENGINE=InnoDB DEFAULT CHARSET=utf8mb4 COLLATE=utf8mb4_unicode_ci;
/*!40101 SET character_set_client = @saved_cs_client */;

--
-- Dumping data for table `posts_translations`
--

LOCK TABLES `posts_translations` WRITE;
/*!40000 ALTER TABLE `posts_translations` DISABLE KEYS */;
INSERT INTO `posts_translations` VALUES ('vi',1,'4 Lời khuyên của Chuyên gia về Cách Chọn Ví Nam Phù hợp','Bạn nên chú ý hơn khi chọn ví. Có rất nhiều trong số chúng trên thị trường với các mẫu mã và phong cách khác nhau. Khi bạn lựa chọn cẩn thận, bạn sẽ có thể mua một chiếc ví phù hợp với nhu cầu của bạn. Chưa kể nó sẽ giúp nâng tầm phong cách của bạn một cách đáng kể.','<p>I have seen many people underestimating the power of their wallets. To them, they are just a functional item they use to carry. As a result, they often end up with the wallets which are not really suitable for them.</p>\n\n<p>You should pay more attention when you choose your wallets. There are a lot of them on the market with the different designs and styles. When you choose carefully, you would be able to buy a wallet that is catered to your needs. Not to mention that it will help to enhance your style significantly.</p>\n\n<p style=\"text-align:center\"><img alt=\"f4\" src=\"/storage/news/1.jpg\" /></p>\n\n<p><br />\n&nbsp;</p>\n\n<p><strong><em>For all of the reason above, here are 7 expert tips to help you pick up the right men&rsquo;s wallet for you:</em></strong></p>\n\n<h4><strong>Number 1: Choose A Neat Wallet</strong></h4>\n\n<p>The wallet is an essential accessory that you should go simple. Simplicity is the best in this case. A simple and neat wallet with the plain color and even&nbsp;<strong>minimalist style</strong>&nbsp;is versatile. It can be used for both formal and casual events. In addition, that wallet will go well with most of the clothes in your wardrobe.</p>\n\n<p>Keep in mind that a wallet will tell other people about your personality and your fashion sense as much as other clothes you put on. Hence, don&rsquo;t go cheesy on your wallet or else people will think that you have a funny and particular style.</p>\n\n<p style=\"text-align:center\"><img alt=\"f5\" src=\"/storage/news/2.jpg\" /></p>\n\n<p><br />\n&nbsp;</p>\n<hr />\n<h4><strong>Number 2: Choose The Right Size For Your Wallet</strong></h4>\n\n<p>You should avoid having an over-sized wallet. Don&rsquo;t think that you need to buy a big wallet because you have a lot to carry with you. In addition, a fat wallet is very ugly. It will make it harder for you to slide the wallet into your trousers&rsquo; pocket. In addition, it will create a bulge and ruin your look.</p>\n\n<p>Before you go on to buy a new wallet, clean out your wallet and place all of the items from your wallet on a table. Throw away things that you would never need any more such as the old bills or the expired gift cards. Remember to check your wallet on a frequent basis to get rid of all of the old stuff that you don&rsquo;t need anymore.</p>\n\n<p style=\"text-align:center\"><img alt=\"f1\" src=\"/storage/news/3.jpg\" /></p>\n\n<p><br />\n&nbsp;</p>\n\n<hr />\n<h4><strong>Number 3: Don&rsquo;t Limit Your Options Of Materials</strong></h4>\n\n<p>The types and designs of wallets are not the only things that you should consider when you go out searching for your best wallet. You have more than 1 option of material rather than leather to choose from as well.</p>\n\n<p>You can experiment with other available options such as cotton, polyester and canvas. They all have their own pros and cons. As a result, they will be suitable for different needs and requirements. You should think about them all in order to choose the material which you would like the most.</p>\n\n<p style=\"text-align:center\"><img alt=\"f6\" height=\"375\" src=\"/storage/news/4.jpg\" /></p>\n\n<p><br />\n&nbsp;</p>\n\n<hr />\n<h4><strong>Number 4: Consider A Wallet As A Long Term Investment</strong></h4>\n\n<p>Your wallet is indeed an investment that you should consider spending a decent amount of time and effort on it. Another factor that you need to consider is how much you want to spend on your wallet. The price ranges of wallets on the market vary a great deal. You can find a wallet which is as cheap as about 5 to 7 dollars. On the other hand, you should expect to pay around 250 to 300 dollars for a high-quality wallet.</p>\n\n<p>In case you need a wallet to use for a long time, it is a good idea that you should invest a decent amount of money on a wallet. A high quality wallet from a reputational brand with the premium quality such as cowhide leather will last for a long time. In addition, it is an accessory to show off your fashion sense and your social status.</p>\n\n<p style=\"text-align:center\"><img alt=\"f2\" height=\"400\" src=\"/storage/news/5.jpg\" /></p>\n\n<p>&nbsp;</p>\n'),('vi',2,'Sexy Clutches: Cách Mua & Đeo Túi Clutch Thiết kế','Bạn nên chú ý hơn khi chọn ví. Có rất nhiều trong số chúng trên thị trường với các mẫu mã và phong cách khác nhau. Khi bạn lựa chọn cẩn thận, bạn sẽ có thể mua một chiếc ví phù hợp với nhu cầu của bạn. Chưa kể nó sẽ giúp nâng tầm phong cách của bạn một cách đáng kể.','<p>I have seen many people underestimating the power of their wallets. To them, they are just a functional item they use to carry. As a result, they often end up with the wallets which are not really suitable for them.</p>\n\n<p>You should pay more attention when you choose your wallets. There are a lot of them on the market with the different designs and styles. When you choose carefully, you would be able to buy a wallet that is catered to your needs. Not to mention that it will help to enhance your style significantly.</p>\n\n<p style=\"text-align:center\"><img alt=\"f4\" src=\"/storage/news/1.jpg\" /></p>\n\n<p><br />\n&nbsp;</p>\n\n<p><strong><em>For all of the reason above, here are 7 expert tips to help you pick up the right men&rsquo;s wallet for you:</em></strong></p>\n\n<h4><strong>Number 1: Choose A Neat Wallet</strong></h4>\n\n<p>The wallet is an essential accessory that you should go simple. Simplicity is the best in this case. A simple and neat wallet with the plain color and even&nbsp;<strong>minimalist style</strong>&nbsp;is versatile. It can be used for both formal and casual events. In addition, that wallet will go well with most of the clothes in your wardrobe.</p>\n\n<p>Keep in mind that a wallet will tell other people about your personality and your fashion sense as much as other clothes you put on. Hence, don&rsquo;t go cheesy on your wallet or else people will think that you have a funny and particular style.</p>\n\n<p style=\"text-align:center\"><img alt=\"f5\" src=\"/storage/news/2.jpg\" /></p>\n\n<p><br />\n&nbsp;</p>\n<hr />\n<h4><strong>Number 2: Choose The Right Size For Your Wallet</strong></h4>\n\n<p>You should avoid having an over-sized wallet. Don&rsquo;t think that you need to buy a big wallet because you have a lot to carry with you. In addition, a fat wallet is very ugly. It will make it harder for you to slide the wallet into your trousers&rsquo; pocket. In addition, it will create a bulge and ruin your look.</p>\n\n<p>Before you go on to buy a new wallet, clean out your wallet and place all of the items from your wallet on a table. Throw away things that you would never need any more such as the old bills or the expired gift cards. Remember to check your wallet on a frequent basis to get rid of all of the old stuff that you don&rsquo;t need anymore.</p>\n\n<p style=\"text-align:center\"><img alt=\"f1\" src=\"/storage/news/3.jpg\" /></p>\n\n<p><br />\n&nbsp;</p>\n\n<hr />\n<h4><strong>Number 3: Don&rsquo;t Limit Your Options Of Materials</strong></h4>\n\n<p>The types and designs of wallets are not the only things that you should consider when you go out searching for your best wallet. You have more than 1 option of material rather than leather to choose from as well.</p>\n\n<p>You can experiment with other available options such as cotton, polyester and canvas. They all have their own pros and cons. As a result, they will be suitable for different needs and requirements. You should think about them all in order to choose the material which you would like the most.</p>\n\n<p style=\"text-align:center\"><img alt=\"f6\" height=\"375\" src=\"/storage/news/4.jpg\" /></p>\n\n<p><br />\n&nbsp;</p>\n\n<hr />\n<h4><strong>Number 4: Consider A Wallet As A Long Term Investment</strong></h4>\n\n<p>Your wallet is indeed an investment that you should consider spending a decent amount of time and effort on it. Another factor that you need to consider is how much you want to spend on your wallet. The price ranges of wallets on the market vary a great deal. You can find a wallet which is as cheap as about 5 to 7 dollars. On the other hand, you should expect to pay around 250 to 300 dollars for a high-quality wallet.</p>\n\n<p>In case you need a wallet to use for a long time, it is a good idea that you should invest a decent amount of money on a wallet. A high quality wallet from a reputational brand with the premium quality such as cowhide leather will last for a long time. In addition, it is an accessory to show off your fashion sense and your social status.</p>\n\n<p style=\"text-align:center\"><img alt=\"f2\" height=\"400\" src=\"/storage/news/5.jpg\" /></p>\n\n<p>&nbsp;</p>\n'),('vi',3,'Xu hướng túi xách hàng đầu năm 2020 cần biết','Bạn nên chú ý hơn khi chọn ví. Có rất nhiều trong số chúng trên thị trường với các mẫu mã và phong cách khác nhau. Khi bạn lựa chọn cẩn thận, bạn sẽ có thể mua một chiếc ví phù hợp với nhu cầu của bạn. Chưa kể nó sẽ giúp nâng tầm phong cách của bạn một cách đáng kể.','<p>I have seen many people underestimating the power of their wallets. To them, they are just a functional item they use to carry. As a result, they often end up with the wallets which are not really suitable for them.</p>\n\n<p>You should pay more attention when you choose your wallets. There are a lot of them on the market with the different designs and styles. When you choose carefully, you would be able to buy a wallet that is catered to your needs. Not to mention that it will help to enhance your style significantly.</p>\n\n<p style=\"text-align:center\"><img alt=\"f4\" src=\"/storage/news/1.jpg\" /></p>\n\n<p><br />\n&nbsp;</p>\n\n<p><strong><em>For all of the reason above, here are 7 expert tips to help you pick up the right men&rsquo;s wallet for you:</em></strong></p>\n\n<h4><strong>Number 1: Choose A Neat Wallet</strong></h4>\n\n<p>The wallet is an essential accessory that you should go simple. Simplicity is the best in this case. A simple and neat wallet with the plain color and even&nbsp;<strong>minimalist style</strong>&nbsp;is versatile. It can be used for both formal and casual events. In addition, that wallet will go well with most of the clothes in your wardrobe.</p>\n\n<p>Keep in mind that a wallet will tell other people about your personality and your fashion sense as much as other clothes you put on. Hence, don&rsquo;t go cheesy on your wallet or else people will think that you have a funny and particular style.</p>\n\n<p style=\"text-align:center\"><img alt=\"f5\" src=\"/storage/news/2.jpg\" /></p>\n\n<p><br />\n&nbsp;</p>\n<hr />\n<h4><strong>Number 2: Choose The Right Size For Your Wallet</strong></h4>\n\n<p>You should avoid having an over-sized wallet. Don&rsquo;t think that you need to buy a big wallet because you have a lot to carry with you. In addition, a fat wallet is very ugly. It will make it harder for you to slide the wallet into your trousers&rsquo; pocket. In addition, it will create a bulge and ruin your look.</p>\n\n<p>Before you go on to buy a new wallet, clean out your wallet and place all of the items from your wallet on a table. Throw away things that you would never need any more such as the old bills or the expired gift cards. Remember to check your wallet on a frequent basis to get rid of all of the old stuff that you don&rsquo;t need anymore.</p>\n\n<p style=\"text-align:center\"><img alt=\"f1\" src=\"/storage/news/3.jpg\" /></p>\n\n<p><br />\n&nbsp;</p>\n\n<hr />\n<h4><strong>Number 3: Don&rsquo;t Limit Your Options Of Materials</strong></h4>\n\n<p>The types and designs of wallets are not the only things that you should consider when you go out searching for your best wallet. You have more than 1 option of material rather than leather to choose from as well.</p>\n\n<p>You can experiment with other available options such as cotton, polyester and canvas. They all have their own pros and cons. As a result, they will be suitable for different needs and requirements. You should think about them all in order to choose the material which you would like the most.</p>\n\n<p style=\"text-align:center\"><img alt=\"f6\" height=\"375\" src=\"/storage/news/4.jpg\" /></p>\n\n<p><br />\n&nbsp;</p>\n\n<hr />\n<h4><strong>Number 4: Consider A Wallet As A Long Term Investment</strong></h4>\n\n<p>Your wallet is indeed an investment that you should consider spending a decent amount of time and effort on it. Another factor that you need to consider is how much you want to spend on your wallet. The price ranges of wallets on the market vary a great deal. You can find a wallet which is as cheap as about 5 to 7 dollars. On the other hand, you should expect to pay around 250 to 300 dollars for a high-quality wallet.</p>\n\n<p>In case you need a wallet to use for a long time, it is a good idea that you should invest a decent amount of money on a wallet. A high quality wallet from a reputational brand with the premium quality such as cowhide leather will last for a long time. In addition, it is an accessory to show off your fashion sense and your social status.</p>\n\n<p style=\"text-align:center\"><img alt=\"f2\" height=\"400\" src=\"/storage/news/5.jpg\" /></p>\n\n<p>&nbsp;</p>\n'),('vi',4,'Cách Phối Màu Túi Xách Của Bạn Với Trang Phục','Bạn nên chú ý hơn khi chọn ví. Có rất nhiều trong số chúng trên thị trường với các mẫu mã và phong cách khác nhau. Khi bạn lựa chọn cẩn thận, bạn sẽ có thể mua một chiếc ví phù hợp với nhu cầu của bạn. Chưa kể nó sẽ giúp nâng tầm phong cách của bạn một cách đáng kể.','<p>I have seen many people underestimating the power of their wallets. To them, they are just a functional item they use to carry. As a result, they often end up with the wallets which are not really suitable for them.</p>\n\n<p>You should pay more attention when you choose your wallets. There are a lot of them on the market with the different designs and styles. When you choose carefully, you would be able to buy a wallet that is catered to your needs. Not to mention that it will help to enhance your style significantly.</p>\n\n<p style=\"text-align:center\"><img alt=\"f4\" src=\"/storage/news/1.jpg\" /></p>\n\n<p><br />\n&nbsp;</p>\n\n<p><strong><em>For all of the reason above, here are 7 expert tips to help you pick up the right men&rsquo;s wallet for you:</em></strong></p>\n\n<h4><strong>Number 1: Choose A Neat Wallet</strong></h4>\n\n<p>The wallet is an essential accessory that you should go simple. Simplicity is the best in this case. A simple and neat wallet with the plain color and even&nbsp;<strong>minimalist style</strong>&nbsp;is versatile. It can be used for both formal and casual events. In addition, that wallet will go well with most of the clothes in your wardrobe.</p>\n\n<p>Keep in mind that a wallet will tell other people about your personality and your fashion sense as much as other clothes you put on. Hence, don&rsquo;t go cheesy on your wallet or else people will think that you have a funny and particular style.</p>\n\n<p style=\"text-align:center\"><img alt=\"f5\" src=\"/storage/news/2.jpg\" /></p>\n\n<p><br />\n&nbsp;</p>\n<hr />\n<h4><strong>Number 2: Choose The Right Size For Your Wallet</strong></h4>\n\n<p>You should avoid having an over-sized wallet. Don&rsquo;t think that you need to buy a big wallet because you have a lot to carry with you. In addition, a fat wallet is very ugly. It will make it harder for you to slide the wallet into your trousers&rsquo; pocket. In addition, it will create a bulge and ruin your look.</p>\n\n<p>Before you go on to buy a new wallet, clean out your wallet and place all of the items from your wallet on a table. Throw away things that you would never need any more such as the old bills or the expired gift cards. Remember to check your wallet on a frequent basis to get rid of all of the old stuff that you don&rsquo;t need anymore.</p>\n\n<p style=\"text-align:center\"><img alt=\"f1\" src=\"/storage/news/3.jpg\" /></p>\n\n<p><br />\n&nbsp;</p>\n\n<hr />\n<h4><strong>Number 3: Don&rsquo;t Limit Your Options Of Materials</strong></h4>\n\n<p>The types and designs of wallets are not the only things that you should consider when you go out searching for your best wallet. You have more than 1 option of material rather than leather to choose from as well.</p>\n\n<p>You can experiment with other available options such as cotton, polyester and canvas. They all have their own pros and cons. As a result, they will be suitable for different needs and requirements. You should think about them all in order to choose the material which you would like the most.</p>\n\n<p style=\"text-align:center\"><img alt=\"f6\" height=\"375\" src=\"/storage/news/4.jpg\" /></p>\n\n<p><br />\n&nbsp;</p>\n\n<hr />\n<h4><strong>Number 4: Consider A Wallet As A Long Term Investment</strong></h4>\n\n<p>Your wallet is indeed an investment that you should consider spending a decent amount of time and effort on it. Another factor that you need to consider is how much you want to spend on your wallet. The price ranges of wallets on the market vary a great deal. You can find a wallet which is as cheap as about 5 to 7 dollars. On the other hand, you should expect to pay around 250 to 300 dollars for a high-quality wallet.</p>\n\n<p>In case you need a wallet to use for a long time, it is a good idea that you should invest a decent amount of money on a wallet. A high quality wallet from a reputational brand with the premium quality such as cowhide leather will last for a long time. In addition, it is an accessory to show off your fashion sense and your social status.</p>\n\n<p style=\"text-align:center\"><img alt=\"f2\" height=\"400\" src=\"/storage/news/5.jpg\" /></p>\n\n<p>&nbsp;</p>\n'),('vi',5,'Cách Chăm sóc Túi Da','Bạn nên chú ý hơn khi chọn ví. Có rất nhiều trong số chúng trên thị trường với các mẫu mã và phong cách khác nhau. Khi bạn lựa chọn cẩn thận, bạn sẽ có thể mua một chiếc ví phù hợp với nhu cầu của bạn. Chưa kể nó sẽ giúp nâng tầm phong cách của bạn một cách đáng kể.','<p>I have seen many people underestimating the power of their wallets. To them, they are just a functional item they use to carry. As a result, they often end up with the wallets which are not really suitable for them.</p>\n\n<p>You should pay more attention when you choose your wallets. There are a lot of them on the market with the different designs and styles. When you choose carefully, you would be able to buy a wallet that is catered to your needs. Not to mention that it will help to enhance your style significantly.</p>\n\n<p style=\"text-align:center\"><img alt=\"f4\" src=\"/storage/news/1.jpg\" /></p>\n\n<p><br />\n&nbsp;</p>\n\n<p><strong><em>For all of the reason above, here are 7 expert tips to help you pick up the right men&rsquo;s wallet for you:</em></strong></p>\n\n<h4><strong>Number 1: Choose A Neat Wallet</strong></h4>\n\n<p>The wallet is an essential accessory that you should go simple. Simplicity is the best in this case. A simple and neat wallet with the plain color and even&nbsp;<strong>minimalist style</strong>&nbsp;is versatile. It can be used for both formal and casual events. In addition, that wallet will go well with most of the clothes in your wardrobe.</p>\n\n<p>Keep in mind that a wallet will tell other people about your personality and your fashion sense as much as other clothes you put on. Hence, don&rsquo;t go cheesy on your wallet or else people will think that you have a funny and particular style.</p>\n\n<p style=\"text-align:center\"><img alt=\"f5\" src=\"/storage/news/2.jpg\" /></p>\n\n<p><br />\n&nbsp;</p>\n<hr />\n<h4><strong>Number 2: Choose The Right Size For Your Wallet</strong></h4>\n\n<p>You should avoid having an over-sized wallet. Don&rsquo;t think that you need to buy a big wallet because you have a lot to carry with you. In addition, a fat wallet is very ugly. It will make it harder for you to slide the wallet into your trousers&rsquo; pocket. In addition, it will create a bulge and ruin your look.</p>\n\n<p>Before you go on to buy a new wallet, clean out your wallet and place all of the items from your wallet on a table. Throw away things that you would never need any more such as the old bills or the expired gift cards. Remember to check your wallet on a frequent basis to get rid of all of the old stuff that you don&rsquo;t need anymore.</p>\n\n<p style=\"text-align:center\"><img alt=\"f1\" src=\"/storage/news/3.jpg\" /></p>\n\n<p><br />\n&nbsp;</p>\n\n<hr />\n<h4><strong>Number 3: Don&rsquo;t Limit Your Options Of Materials</strong></h4>\n\n<p>The types and designs of wallets are not the only things that you should consider when you go out searching for your best wallet. You have more than 1 option of material rather than leather to choose from as well.</p>\n\n<p>You can experiment with other available options such as cotton, polyester and canvas. They all have their own pros and cons. As a result, they will be suitable for different needs and requirements. You should think about them all in order to choose the material which you would like the most.</p>\n\n<p style=\"text-align:center\"><img alt=\"f6\" height=\"375\" src=\"/storage/news/4.jpg\" /></p>\n\n<p><br />\n&nbsp;</p>\n\n<hr />\n<h4><strong>Number 4: Consider A Wallet As A Long Term Investment</strong></h4>\n\n<p>Your wallet is indeed an investment that you should consider spending a decent amount of time and effort on it. Another factor that you need to consider is how much you want to spend on your wallet. The price ranges of wallets on the market vary a great deal. You can find a wallet which is as cheap as about 5 to 7 dollars. On the other hand, you should expect to pay around 250 to 300 dollars for a high-quality wallet.</p>\n\n<p>In case you need a wallet to use for a long time, it is a good idea that you should invest a decent amount of money on a wallet. A high quality wallet from a reputational brand with the premium quality such as cowhide leather will last for a long time. In addition, it is an accessory to show off your fashion sense and your social status.</p>\n\n<p style=\"text-align:center\"><img alt=\"f2\" height=\"400\" src=\"/storage/news/5.jpg\" /></p>\n\n<p>&nbsp;</p>\n'),('vi',6,'Chúng tôi đang nghiền ngẫm 10 xu hướng túi lớn nhất của mùa hè','Bạn nên chú ý hơn khi chọn ví. Có rất nhiều trong số chúng trên thị trường với các mẫu mã và phong cách khác nhau. Khi bạn lựa chọn cẩn thận, bạn sẽ có thể mua một chiếc ví phù hợp với nhu cầu của bạn. Chưa kể nó sẽ giúp nâng tầm phong cách của bạn một cách đáng kể.','<p>I have seen many people underestimating the power of their wallets. To them, they are just a functional item they use to carry. As a result, they often end up with the wallets which are not really suitable for them.</p>\n\n<p>You should pay more attention when you choose your wallets. There are a lot of them on the market with the different designs and styles. When you choose carefully, you would be able to buy a wallet that is catered to your needs. Not to mention that it will help to enhance your style significantly.</p>\n\n<p style=\"text-align:center\"><img alt=\"f4\" src=\"/storage/news/1.jpg\" /></p>\n\n<p><br />\n&nbsp;</p>\n\n<p><strong><em>For all of the reason above, here are 7 expert tips to help you pick up the right men&rsquo;s wallet for you:</em></strong></p>\n\n<h4><strong>Number 1: Choose A Neat Wallet</strong></h4>\n\n<p>The wallet is an essential accessory that you should go simple. Simplicity is the best in this case. A simple and neat wallet with the plain color and even&nbsp;<strong>minimalist style</strong>&nbsp;is versatile. It can be used for both formal and casual events. In addition, that wallet will go well with most of the clothes in your wardrobe.</p>\n\n<p>Keep in mind that a wallet will tell other people about your personality and your fashion sense as much as other clothes you put on. Hence, don&rsquo;t go cheesy on your wallet or else people will think that you have a funny and particular style.</p>\n\n<p style=\"text-align:center\"><img alt=\"f5\" src=\"/storage/news/2.jpg\" /></p>\n\n<p><br />\n&nbsp;</p>\n<hr />\n<h4><strong>Number 2: Choose The Right Size For Your Wallet</strong></h4>\n\n<p>You should avoid having an over-sized wallet. Don&rsquo;t think that you need to buy a big wallet because you have a lot to carry with you. In addition, a fat wallet is very ugly. It will make it harder for you to slide the wallet into your trousers&rsquo; pocket. In addition, it will create a bulge and ruin your look.</p>\n\n<p>Before you go on to buy a new wallet, clean out your wallet and place all of the items from your wallet on a table. Throw away things that you would never need any more such as the old bills or the expired gift cards. Remember to check your wallet on a frequent basis to get rid of all of the old stuff that you don&rsquo;t need anymore.</p>\n\n<p style=\"text-align:center\"><img alt=\"f1\" src=\"/storage/news/3.jpg\" /></p>\n\n<p><br />\n&nbsp;</p>\n\n<hr />\n<h4><strong>Number 3: Don&rsquo;t Limit Your Options Of Materials</strong></h4>\n\n<p>The types and designs of wallets are not the only things that you should consider when you go out searching for your best wallet. You have more than 1 option of material rather than leather to choose from as well.</p>\n\n<p>You can experiment with other available options such as cotton, polyester and canvas. They all have their own pros and cons. As a result, they will be suitable for different needs and requirements. You should think about them all in order to choose the material which you would like the most.</p>\n\n<p style=\"text-align:center\"><img alt=\"f6\" height=\"375\" src=\"/storage/news/4.jpg\" /></p>\n\n<p><br />\n&nbsp;</p>\n\n<hr />\n<h4><strong>Number 4: Consider A Wallet As A Long Term Investment</strong></h4>\n\n<p>Your wallet is indeed an investment that you should consider spending a decent amount of time and effort on it. Another factor that you need to consider is how much you want to spend on your wallet. The price ranges of wallets on the market vary a great deal. You can find a wallet which is as cheap as about 5 to 7 dollars. On the other hand, you should expect to pay around 250 to 300 dollars for a high-quality wallet.</p>\n\n<p>In case you need a wallet to use for a long time, it is a good idea that you should invest a decent amount of money on a wallet. A high quality wallet from a reputational brand with the premium quality such as cowhide leather will last for a long time. In addition, it is an accessory to show off your fashion sense and your social status.</p>\n\n<p style=\"text-align:center\"><img alt=\"f2\" height=\"400\" src=\"/storage/news/5.jpg\" /></p>\n\n<p>&nbsp;</p>\n'),('vi',7,'Những phẩm chất cần thiết của âm nhạc thành công cao','Bạn nên chú ý hơn khi chọn ví. Có rất nhiều trong số chúng trên thị trường với các mẫu mã và phong cách khác nhau. Khi bạn lựa chọn cẩn thận, bạn sẽ có thể mua một chiếc ví phù hợp với nhu cầu của bạn. Chưa kể nó sẽ giúp nâng tầm phong cách của bạn một cách đáng kể.','<p>I have seen many people underestimating the power of their wallets. To them, they are just a functional item they use to carry. As a result, they often end up with the wallets which are not really suitable for them.</p>\n\n<p>You should pay more attention when you choose your wallets. There are a lot of them on the market with the different designs and styles. When you choose carefully, you would be able to buy a wallet that is catered to your needs. Not to mention that it will help to enhance your style significantly.</p>\n\n<p style=\"text-align:center\"><img alt=\"f4\" src=\"/storage/news/1.jpg\" /></p>\n\n<p><br />\n&nbsp;</p>\n\n<p><strong><em>For all of the reason above, here are 7 expert tips to help you pick up the right men&rsquo;s wallet for you:</em></strong></p>\n\n<h4><strong>Number 1: Choose A Neat Wallet</strong></h4>\n\n<p>The wallet is an essential accessory that you should go simple. Simplicity is the best in this case. A simple and neat wallet with the plain color and even&nbsp;<strong>minimalist style</strong>&nbsp;is versatile. It can be used for both formal and casual events. In addition, that wallet will go well with most of the clothes in your wardrobe.</p>\n\n<p>Keep in mind that a wallet will tell other people about your personality and your fashion sense as much as other clothes you put on. Hence, don&rsquo;t go cheesy on your wallet or else people will think that you have a funny and particular style.</p>\n\n<p style=\"text-align:center\"><img alt=\"f5\" src=\"/storage/news/2.jpg\" /></p>\n\n<p><br />\n&nbsp;</p>\n<hr />\n<h4><strong>Number 2: Choose The Right Size For Your Wallet</strong></h4>\n\n<p>You should avoid having an over-sized wallet. Don&rsquo;t think that you need to buy a big wallet because you have a lot to carry with you. In addition, a fat wallet is very ugly. It will make it harder for you to slide the wallet into your trousers&rsquo; pocket. In addition, it will create a bulge and ruin your look.</p>\n\n<p>Before you go on to buy a new wallet, clean out your wallet and place all of the items from your wallet on a table. Throw away things that you would never need any more such as the old bills or the expired gift cards. Remember to check your wallet on a frequent basis to get rid of all of the old stuff that you don&rsquo;t need anymore.</p>\n\n<p style=\"text-align:center\"><img alt=\"f1\" src=\"/storage/news/3.jpg\" /></p>\n\n<p><br />\n&nbsp;</p>\n\n<hr />\n<h4><strong>Number 3: Don&rsquo;t Limit Your Options Of Materials</strong></h4>\n\n<p>The types and designs of wallets are not the only things that you should consider when you go out searching for your best wallet. You have more than 1 option of material rather than leather to choose from as well.</p>\n\n<p>You can experiment with other available options such as cotton, polyester and canvas. They all have their own pros and cons. As a result, they will be suitable for different needs and requirements. You should think about them all in order to choose the material which you would like the most.</p>\n\n<p style=\"text-align:center\"><img alt=\"f6\" height=\"375\" src=\"/storage/news/4.jpg\" /></p>\n\n<p><br />\n&nbsp;</p>\n\n<hr />\n<h4><strong>Number 4: Consider A Wallet As A Long Term Investment</strong></h4>\n\n<p>Your wallet is indeed an investment that you should consider spending a decent amount of time and effort on it. Another factor that you need to consider is how much you want to spend on your wallet. The price ranges of wallets on the market vary a great deal. You can find a wallet which is as cheap as about 5 to 7 dollars. On the other hand, you should expect to pay around 250 to 300 dollars for a high-quality wallet.</p>\n\n<p>In case you need a wallet to use for a long time, it is a good idea that you should invest a decent amount of money on a wallet. A high quality wallet from a reputational brand with the premium quality such as cowhide leather will last for a long time. In addition, it is an accessory to show off your fashion sense and your social status.</p>\n\n<p style=\"text-align:center\"><img alt=\"f2\" height=\"400\" src=\"/storage/news/5.jpg\" /></p>\n\n<p>&nbsp;</p>\n'),('vi',8,'9 điều tôi thích khi cạo đầu','Bạn nên chú ý hơn khi chọn ví. Có rất nhiều trong số chúng trên thị trường với các mẫu mã và phong cách khác nhau. Khi bạn lựa chọn cẩn thận, bạn sẽ có thể mua một chiếc ví phù hợp với nhu cầu của bạn. Chưa kể nó sẽ giúp nâng tầm phong cách của bạn một cách đáng kể.','<p>I have seen many people underestimating the power of their wallets. To them, they are just a functional item they use to carry. As a result, they often end up with the wallets which are not really suitable for them.</p>\n\n<p>You should pay more attention when you choose your wallets. There are a lot of them on the market with the different designs and styles. When you choose carefully, you would be able to buy a wallet that is catered to your needs. Not to mention that it will help to enhance your style significantly.</p>\n\n<p style=\"text-align:center\"><img alt=\"f4\" src=\"/storage/news/1.jpg\" /></p>\n\n<p><br />\n&nbsp;</p>\n\n<p><strong><em>For all of the reason above, here are 7 expert tips to help you pick up the right men&rsquo;s wallet for you:</em></strong></p>\n\n<h4><strong>Number 1: Choose A Neat Wallet</strong></h4>\n\n<p>The wallet is an essential accessory that you should go simple. Simplicity is the best in this case. A simple and neat wallet with the plain color and even&nbsp;<strong>minimalist style</strong>&nbsp;is versatile. It can be used for both formal and casual events. In addition, that wallet will go well with most of the clothes in your wardrobe.</p>\n\n<p>Keep in mind that a wallet will tell other people about your personality and your fashion sense as much as other clothes you put on. Hence, don&rsquo;t go cheesy on your wallet or else people will think that you have a funny and particular style.</p>\n\n<p style=\"text-align:center\"><img alt=\"f5\" src=\"/storage/news/2.jpg\" /></p>\n\n<p><br />\n&nbsp;</p>\n<hr />\n<h4><strong>Number 2: Choose The Right Size For Your Wallet</strong></h4>\n\n<p>You should avoid having an over-sized wallet. Don&rsquo;t think that you need to buy a big wallet because you have a lot to carry with you. In addition, a fat wallet is very ugly. It will make it harder for you to slide the wallet into your trousers&rsquo; pocket. In addition, it will create a bulge and ruin your look.</p>\n\n<p>Before you go on to buy a new wallet, clean out your wallet and place all of the items from your wallet on a table. Throw away things that you would never need any more such as the old bills or the expired gift cards. Remember to check your wallet on a frequent basis to get rid of all of the old stuff that you don&rsquo;t need anymore.</p>\n\n<p style=\"text-align:center\"><img alt=\"f1\" src=\"/storage/news/3.jpg\" /></p>\n\n<p><br />\n&nbsp;</p>\n\n<hr />\n<h4><strong>Number 3: Don&rsquo;t Limit Your Options Of Materials</strong></h4>\n\n<p>The types and designs of wallets are not the only things that you should consider when you go out searching for your best wallet. You have more than 1 option of material rather than leather to choose from as well.</p>\n\n<p>You can experiment with other available options such as cotton, polyester and canvas. They all have their own pros and cons. As a result, they will be suitable for different needs and requirements. You should think about them all in order to choose the material which you would like the most.</p>\n\n<p style=\"text-align:center\"><img alt=\"f6\" height=\"375\" src=\"/storage/news/4.jpg\" /></p>\n\n<p><br />\n&nbsp;</p>\n\n<hr />\n<h4><strong>Number 4: Consider A Wallet As A Long Term Investment</strong></h4>\n\n<p>Your wallet is indeed an investment that you should consider spending a decent amount of time and effort on it. Another factor that you need to consider is how much you want to spend on your wallet. The price ranges of wallets on the market vary a great deal. You can find a wallet which is as cheap as about 5 to 7 dollars. On the other hand, you should expect to pay around 250 to 300 dollars for a high-quality wallet.</p>\n\n<p>In case you need a wallet to use for a long time, it is a good idea that you should invest a decent amount of money on a wallet. A high quality wallet from a reputational brand with the premium quality such as cowhide leather will last for a long time. In addition, it is an accessory to show off your fashion sense and your social status.</p>\n\n<p style=\"text-align:center\"><img alt=\"f2\" height=\"400\" src=\"/storage/news/5.jpg\" /></p>\n\n<p>&nbsp;</p>\n'),('vi',9,'Tại sao làm việc theo nhóm thực sự biến giấc mơ thành công','Bạn nên chú ý hơn khi chọn ví. Có rất nhiều trong số chúng trên thị trường với các mẫu mã và phong cách khác nhau. Khi bạn lựa chọn cẩn thận, bạn sẽ có thể mua một chiếc ví phù hợp với nhu cầu của bạn. Chưa kể nó sẽ giúp nâng tầm phong cách của bạn một cách đáng kể.','<p>I have seen many people underestimating the power of their wallets. To them, they are just a functional item they use to carry. As a result, they often end up with the wallets which are not really suitable for them.</p>\n\n<p>You should pay more attention when you choose your wallets. There are a lot of them on the market with the different designs and styles. When you choose carefully, you would be able to buy a wallet that is catered to your needs. Not to mention that it will help to enhance your style significantly.</p>\n\n<p style=\"text-align:center\"><img alt=\"f4\" src=\"/storage/news/1.jpg\" /></p>\n\n<p><br />\n&nbsp;</p>\n\n<p><strong><em>For all of the reason above, here are 7 expert tips to help you pick up the right men&rsquo;s wallet for you:</em></strong></p>\n\n<h4><strong>Number 1: Choose A Neat Wallet</strong></h4>\n\n<p>The wallet is an essential accessory that you should go simple. Simplicity is the best in this case. A simple and neat wallet with the plain color and even&nbsp;<strong>minimalist style</strong>&nbsp;is versatile. It can be used for both formal and casual events. In addition, that wallet will go well with most of the clothes in your wardrobe.</p>\n\n<p>Keep in mind that a wallet will tell other people about your personality and your fashion sense as much as other clothes you put on. Hence, don&rsquo;t go cheesy on your wallet or else people will think that you have a funny and particular style.</p>\n\n<p style=\"text-align:center\"><img alt=\"f5\" src=\"/storage/news/2.jpg\" /></p>\n\n<p><br />\n&nbsp;</p>\n<hr />\n<h4><strong>Number 2: Choose The Right Size For Your Wallet</strong></h4>\n\n<p>You should avoid having an over-sized wallet. Don&rsquo;t think that you need to buy a big wallet because you have a lot to carry with you. In addition, a fat wallet is very ugly. It will make it harder for you to slide the wallet into your trousers&rsquo; pocket. In addition, it will create a bulge and ruin your look.</p>\n\n<p>Before you go on to buy a new wallet, clean out your wallet and place all of the items from your wallet on a table. Throw away things that you would never need any more such as the old bills or the expired gift cards. Remember to check your wallet on a frequent basis to get rid of all of the old stuff that you don&rsquo;t need anymore.</p>\n\n<p style=\"text-align:center\"><img alt=\"f1\" src=\"/storage/news/3.jpg\" /></p>\n\n<p><br />\n&nbsp;</p>\n\n<hr />\n<h4><strong>Number 3: Don&rsquo;t Limit Your Options Of Materials</strong></h4>\n\n<p>The types and designs of wallets are not the only things that you should consider when you go out searching for your best wallet. You have more than 1 option of material rather than leather to choose from as well.</p>\n\n<p>You can experiment with other available options such as cotton, polyester and canvas. They all have their own pros and cons. As a result, they will be suitable for different needs and requirements. You should think about them all in order to choose the material which you would like the most.</p>\n\n<p style=\"text-align:center\"><img alt=\"f6\" height=\"375\" src=\"/storage/news/4.jpg\" /></p>\n\n<p><br />\n&nbsp;</p>\n\n<hr />\n<h4><strong>Number 4: Consider A Wallet As A Long Term Investment</strong></h4>\n\n<p>Your wallet is indeed an investment that you should consider spending a decent amount of time and effort on it. Another factor that you need to consider is how much you want to spend on your wallet. The price ranges of wallets on the market vary a great deal. You can find a wallet which is as cheap as about 5 to 7 dollars. On the other hand, you should expect to pay around 250 to 300 dollars for a high-quality wallet.</p>\n\n<p>In case you need a wallet to use for a long time, it is a good idea that you should invest a decent amount of money on a wallet. A high quality wallet from a reputational brand with the premium quality such as cowhide leather will last for a long time. In addition, it is an accessory to show off your fashion sense and your social status.</p>\n\n<p style=\"text-align:center\"><img alt=\"f2\" height=\"400\" src=\"/storage/news/5.jpg\" /></p>\n\n<p>&nbsp;</p>\n'),('vi',10,'Thế giới phục vụ cho những người trung bình','Bạn nên chú ý hơn khi chọn ví. Có rất nhiều trong số chúng trên thị trường với các mẫu mã và phong cách khác nhau. Khi bạn lựa chọn cẩn thận, bạn sẽ có thể mua một chiếc ví phù hợp với nhu cầu của bạn. Chưa kể nó sẽ giúp nâng tầm phong cách của bạn một cách đáng kể.','<p>I have seen many people underestimating the power of their wallets. To them, they are just a functional item they use to carry. As a result, they often end up with the wallets which are not really suitable for them.</p>\n\n<p>You should pay more attention when you choose your wallets. There are a lot of them on the market with the different designs and styles. When you choose carefully, you would be able to buy a wallet that is catered to your needs. Not to mention that it will help to enhance your style significantly.</p>\n\n<p style=\"text-align:center\"><img alt=\"f4\" src=\"/storage/news/1.jpg\" /></p>\n\n<p><br />\n&nbsp;</p>\n\n<p><strong><em>For all of the reason above, here are 7 expert tips to help you pick up the right men&rsquo;s wallet for you:</em></strong></p>\n\n<h4><strong>Number 1: Choose A Neat Wallet</strong></h4>\n\n<p>The wallet is an essential accessory that you should go simple. Simplicity is the best in this case. A simple and neat wallet with the plain color and even&nbsp;<strong>minimalist style</strong>&nbsp;is versatile. It can be used for both formal and casual events. In addition, that wallet will go well with most of the clothes in your wardrobe.</p>\n\n<p>Keep in mind that a wallet will tell other people about your personality and your fashion sense as much as other clothes you put on. Hence, don&rsquo;t go cheesy on your wallet or else people will think that you have a funny and particular style.</p>\n\n<p style=\"text-align:center\"><img alt=\"f5\" src=\"/storage/news/2.jpg\" /></p>\n\n<p><br />\n&nbsp;</p>\n<hr />\n<h4><strong>Number 2: Choose The Right Size For Your Wallet</strong></h4>\n\n<p>You should avoid having an over-sized wallet. Don&rsquo;t think that you need to buy a big wallet because you have a lot to carry with you. In addition, a fat wallet is very ugly. It will make it harder for you to slide the wallet into your trousers&rsquo; pocket. In addition, it will create a bulge and ruin your look.</p>\n\n<p>Before you go on to buy a new wallet, clean out your wallet and place all of the items from your wallet on a table. Throw away things that you would never need any more such as the old bills or the expired gift cards. Remember to check your wallet on a frequent basis to get rid of all of the old stuff that you don&rsquo;t need anymore.</p>\n\n<p style=\"text-align:center\"><img alt=\"f1\" src=\"/storage/news/3.jpg\" /></p>\n\n<p><br />\n&nbsp;</p>\n\n<hr />\n<h4><strong>Number 3: Don&rsquo;t Limit Your Options Of Materials</strong></h4>\n\n<p>The types and designs of wallets are not the only things that you should consider when you go out searching for your best wallet. You have more than 1 option of material rather than leather to choose from as well.</p>\n\n<p>You can experiment with other available options such as cotton, polyester and canvas. They all have their own pros and cons. As a result, they will be suitable for different needs and requirements. You should think about them all in order to choose the material which you would like the most.</p>\n\n<p style=\"text-align:center\"><img alt=\"f6\" height=\"375\" src=\"/storage/news/4.jpg\" /></p>\n\n<p><br />\n&nbsp;</p>\n\n<hr />\n<h4><strong>Number 4: Consider A Wallet As A Long Term Investment</strong></h4>\n\n<p>Your wallet is indeed an investment that you should consider spending a decent amount of time and effort on it. Another factor that you need to consider is how much you want to spend on your wallet. The price ranges of wallets on the market vary a great deal. You can find a wallet which is as cheap as about 5 to 7 dollars. On the other hand, you should expect to pay around 250 to 300 dollars for a high-quality wallet.</p>\n\n<p>In case you need a wallet to use for a long time, it is a good idea that you should invest a decent amount of money on a wallet. A high quality wallet from a reputational brand with the premium quality such as cowhide leather will last for a long time. In addition, it is an accessory to show off your fashion sense and your social status.</p>\n\n<p style=\"text-align:center\"><img alt=\"f2\" height=\"400\" src=\"/storage/news/5.jpg\" /></p>\n\n<p>&nbsp;</p>\n'),('vi',11,'Các đương sự trên màn hình không phải là diễn viên','Bạn nên chú ý hơn khi chọn ví. Có rất nhiều trong số chúng trên thị trường với các mẫu mã và phong cách khác nhau. Khi bạn lựa chọn cẩn thận, bạn sẽ có thể mua một chiếc ví phù hợp với nhu cầu của bạn. Chưa kể nó sẽ giúp nâng tầm phong cách của bạn một cách đáng kể.','<p>I have seen many people underestimating the power of their wallets. To them, they are just a functional item they use to carry. As a result, they often end up with the wallets which are not really suitable for them.</p>\n\n<p>You should pay more attention when you choose your wallets. There are a lot of them on the market with the different designs and styles. When you choose carefully, you would be able to buy a wallet that is catered to your needs. Not to mention that it will help to enhance your style significantly.</p>\n\n<p style=\"text-align:center\"><img alt=\"f4\" src=\"/storage/news/1.jpg\" /></p>\n\n<p><br />\n&nbsp;</p>\n\n<p><strong><em>For all of the reason above, here are 7 expert tips to help you pick up the right men&rsquo;s wallet for you:</em></strong></p>\n\n<h4><strong>Number 1: Choose A Neat Wallet</strong></h4>\n\n<p>The wallet is an essential accessory that you should go simple. Simplicity is the best in this case. A simple and neat wallet with the plain color and even&nbsp;<strong>minimalist style</strong>&nbsp;is versatile. It can be used for both formal and casual events. In addition, that wallet will go well with most of the clothes in your wardrobe.</p>\n\n<p>Keep in mind that a wallet will tell other people about your personality and your fashion sense as much as other clothes you put on. Hence, don&rsquo;t go cheesy on your wallet or else people will think that you have a funny and particular style.</p>\n\n<p style=\"text-align:center\"><img alt=\"f5\" src=\"/storage/news/2.jpg\" /></p>\n\n<p><br />\n&nbsp;</p>\n<hr />\n<h4><strong>Number 2: Choose The Right Size For Your Wallet</strong></h4>\n\n<p>You should avoid having an over-sized wallet. Don&rsquo;t think that you need to buy a big wallet because you have a lot to carry with you. In addition, a fat wallet is very ugly. It will make it harder for you to slide the wallet into your trousers&rsquo; pocket. In addition, it will create a bulge and ruin your look.</p>\n\n<p>Before you go on to buy a new wallet, clean out your wallet and place all of the items from your wallet on a table. Throw away things that you would never need any more such as the old bills or the expired gift cards. Remember to check your wallet on a frequent basis to get rid of all of the old stuff that you don&rsquo;t need anymore.</p>\n\n<p style=\"text-align:center\"><img alt=\"f1\" src=\"/storage/news/3.jpg\" /></p>\n\n<p><br />\n&nbsp;</p>\n\n<hr />\n<h4><strong>Number 3: Don&rsquo;t Limit Your Options Of Materials</strong></h4>\n\n<p>The types and designs of wallets are not the only things that you should consider when you go out searching for your best wallet. You have more than 1 option of material rather than leather to choose from as well.</p>\n\n<p>You can experiment with other available options such as cotton, polyester and canvas. They all have their own pros and cons. As a result, they will be suitable for different needs and requirements. You should think about them all in order to choose the material which you would like the most.</p>\n\n<p style=\"text-align:center\"><img alt=\"f6\" height=\"375\" src=\"/storage/news/4.jpg\" /></p>\n\n<p><br />\n&nbsp;</p>\n\n<hr />\n<h4><strong>Number 4: Consider A Wallet As A Long Term Investment</strong></h4>\n\n<p>Your wallet is indeed an investment that you should consider spending a decent amount of time and effort on it. Another factor that you need to consider is how much you want to spend on your wallet. The price ranges of wallets on the market vary a great deal. You can find a wallet which is as cheap as about 5 to 7 dollars. On the other hand, you should expect to pay around 250 to 300 dollars for a high-quality wallet.</p>\n\n<p>In case you need a wallet to use for a long time, it is a good idea that you should invest a decent amount of money on a wallet. A high quality wallet from a reputational brand with the premium quality such as cowhide leather will last for a long time. In addition, it is an accessory to show off your fashion sense and your social status.</p>\n\n<p style=\"text-align:center\"><img alt=\"f2\" height=\"400\" src=\"/storage/news/5.jpg\" /></p>\n\n<p>&nbsp;</p>\n');
/*!40000 ALTER TABLE `posts_translations` ENABLE KEYS */;
UNLOCK TABLES;

--
-- Table structure for table `revisions`
--

DROP TABLE IF EXISTS `revisions`;
/*!40101 SET @saved_cs_client     = @@character_set_client */;
/*!40101 SET character_set_client = utf8 */;
CREATE TABLE `revisions` (
  `id` bigint(20) unsigned NOT NULL AUTO_INCREMENT,
  `revisionable_type` varchar(191) COLLATE utf8mb4_unicode_ci NOT NULL,
  `revisionable_id` int(11) NOT NULL,
  `user_id` int(11) DEFAULT NULL,
  `key` varchar(191) COLLATE utf8mb4_unicode_ci NOT NULL,
  `old_value` text COLLATE utf8mb4_unicode_ci DEFAULT NULL,
  `new_value` text COLLATE utf8mb4_unicode_ci DEFAULT NULL,
  `created_at` timestamp NULL DEFAULT NULL,
  `updated_at` timestamp NULL DEFAULT NULL,
  PRIMARY KEY (`id`),
  KEY `revisions_revisionable_id_revisionable_type_index` (`revisionable_id`,`revisionable_type`)
) ENGINE=InnoDB DEFAULT CHARSET=utf8mb4 COLLATE=utf8mb4_unicode_ci;
/*!40101 SET character_set_client = @saved_cs_client */;

--
-- Dumping data for table `revisions`
--

LOCK TABLES `revisions` WRITE;
/*!40000 ALTER TABLE `revisions` DISABLE KEYS */;
/*!40000 ALTER TABLE `revisions` ENABLE KEYS */;
UNLOCK TABLES;

--
-- Table structure for table `role_users`
--

DROP TABLE IF EXISTS `role_users`;
/*!40101 SET @saved_cs_client     = @@character_set_client */;
/*!40101 SET character_set_client = utf8 */;
CREATE TABLE `role_users` (
  `id` bigint(20) unsigned NOT NULL AUTO_INCREMENT,
  `user_id` int(10) unsigned NOT NULL,
  `role_id` int(10) unsigned NOT NULL,
  `created_at` timestamp NULL DEFAULT NULL,
  `updated_at` timestamp NULL DEFAULT NULL,
  PRIMARY KEY (`id`),
  KEY `role_users_user_id_index` (`user_id`),
  KEY `role_users_role_id_index` (`role_id`)
) ENGINE=InnoDB DEFAULT CHARSET=utf8mb4 COLLATE=utf8mb4_unicode_ci;
/*!40101 SET character_set_client = @saved_cs_client */;

--
-- Dumping data for table `role_users`
--

LOCK TABLES `role_users` WRITE;
/*!40000 ALTER TABLE `role_users` DISABLE KEYS */;
/*!40000 ALTER TABLE `role_users` ENABLE KEYS */;
UNLOCK TABLES;

--
-- Table structure for table `roles`
--

DROP TABLE IF EXISTS `roles`;
/*!40101 SET @saved_cs_client     = @@character_set_client */;
/*!40101 SET character_set_client = utf8 */;
CREATE TABLE `roles` (
  `id` bigint(20) unsigned NOT NULL AUTO_INCREMENT,
  `slug` varchar(120) COLLATE utf8mb4_unicode_ci NOT NULL,
  `name` varchar(120) COLLATE utf8mb4_unicode_ci NOT NULL,
  `permissions` text COLLATE utf8mb4_unicode_ci DEFAULT NULL,
  `description` varchar(255) COLLATE utf8mb4_unicode_ci DEFAULT NULL,
  `is_default` tinyint(3) unsigned NOT NULL DEFAULT 0,
  `created_by` int(10) unsigned NOT NULL,
  `updated_by` int(10) unsigned NOT NULL,
  `created_at` timestamp NULL DEFAULT NULL,
  `updated_at` timestamp NULL DEFAULT NULL,
  PRIMARY KEY (`id`),
  UNIQUE KEY `roles_slug_unique` (`slug`),
  KEY `roles_created_by_index` (`created_by`),
  KEY `roles_updated_by_index` (`updated_by`)
) ENGINE=InnoDB DEFAULT CHARSET=utf8mb4 COLLATE=utf8mb4_unicode_ci;
/*!40101 SET character_set_client = @saved_cs_client */;

--
-- Dumping data for table `roles`
--

LOCK TABLES `roles` WRITE;
/*!40000 ALTER TABLE `roles` DISABLE KEYS */;
/*!40000 ALTER TABLE `roles` ENABLE KEYS */;
UNLOCK TABLES;

--
-- Table structure for table `settings`
--

DROP TABLE IF EXISTS `settings`;
/*!40101 SET @saved_cs_client     = @@character_set_client */;
/*!40101 SET character_set_client = utf8 */;
CREATE TABLE `settings` (
  `id` bigint(20) unsigned NOT NULL AUTO_INCREMENT,
  `key` varchar(191) COLLATE utf8mb4_unicode_ci NOT NULL,
  `value` text COLLATE utf8mb4_unicode_ci DEFAULT NULL,
  `created_at` timestamp NULL DEFAULT NULL,
  `updated_at` timestamp NULL DEFAULT NULL,
  PRIMARY KEY (`id`),
  UNIQUE KEY `settings_key_unique` (`key`)
) ENGINE=InnoDB AUTO_INCREMENT=201 DEFAULT CHARSET=utf8mb4 COLLATE=utf8mb4_unicode_ci;
/*!40101 SET character_set_client = @saved_cs_client */;

--
-- Dumping data for table `settings`
--

LOCK TABLES `settings` WRITE;
/*!40000 ALTER TABLE `settings` DISABLE KEYS */;
INSERT INTO `settings` VALUES (1,'activated_plugins','[\"language\",\"language-advanced\",\"ads\",\"analytics\",\"audit-log\",\"backup\",\"blog\",\"captcha\",\"contact\",\"cookie-consent\",\"ecommerce\",\"faq\",\"marketplace\",\"mollie\",\"newsletter\",\"payment\",\"paystack\",\"razorpay\",\"simple-slider\",\"social-login\",\"sslcommerz\",\"translation\",\"location\"]',NULL,NULL),(2,'payment_cod_status','1',NULL,NULL),(3,'payment_bank_transfer_status','1',NULL,NULL),(4,'simple_slider_using_assets','0',NULL,NULL),(5,'permalink-botble-blog-models-post','blog',NULL,NULL),(6,'permalink-botble-blog-models-category','blog',NULL,NULL),(7,'payment_cod_description','Please pay money directly to the postman, if you choose cash on delivery method (COD).',NULL,NULL),(8,'payment_bank_transfer_description','Please send money to our bank account: ACB - 1990 404 19.',NULL,NULL),(9,'plugins_ecommerce_customer_new_order_status','0',NULL,NULL),(10,'plugins_ecommerce_admin_new_order_status','0',NULL,NULL),(11,'theme','martfury',NULL,NULL),(12,'admin_logo','general/logo-light.png',NULL,NULL),(97,'language_hide_default','1',NULL,NULL),(98,'language_switcher_display','dropdown',NULL,NULL),(99,'language_display','all',NULL,NULL),(100,'language_hide_languages','[]',NULL,NULL),(111,'ecommerce_store_name','Martfury',NULL,NULL),(112,'ecommerce_store_phone','1800979769',NULL,NULL),(113,'ecommerce_store_address','502 New Street',NULL,NULL),(114,'ecommerce_store_state','Brighton VIC',NULL,NULL),(115,'ecommerce_store_city','Brighton VIC',NULL,NULL),(116,'ecommerce_store_country','AU',NULL,NULL),(117,'theme-martfury-site_title','Martfury - Laravel Ecommerce system',NULL,NULL),(118,'theme-martfury-copyright','© 2022 Martfury. All Rights Reserved.',NULL,NULL),(119,'theme-martfury-favicon','general/favicon.png',NULL,NULL),(120,'theme-martfury-logo','general/logo.png',NULL,NULL),(121,'theme-martfury-welcome_message','Welcome to Martfury Online Shopping Store!',NULL,NULL),(122,'theme-martfury-address','502 New Street, Brighton VIC, Australia',NULL,NULL),(123,'theme-martfury-hotline','1800 97 97 69',NULL,NULL),(124,'theme-martfury-email','contact@martfury.co',NULL,NULL),(125,'theme-martfury-payment_methods','[\"general\\/payment-method-1.jpg\",\"general\\/payment-method-2.jpg\",\"general\\/payment-method-3.jpg\",\"general\\/payment-method-4.jpg\",\"general\\/payment-method-5.jpg\"]',NULL,NULL),(126,'theme-martfury-newsletter_image','general/newsletter.jpg',NULL,NULL),(127,'theme-martfury-homepage_id','1',NULL,NULL),(128,'theme-martfury-blog_page_id','6',NULL,NULL),(129,'theme-martfury-cookie_consent_message','Your experience on this site will be improved by allowing cookies ',NULL,NULL),(130,'theme-martfury-cookie_consent_learn_more_url','http://martfury.test/cookie-policy',NULL,NULL),(131,'theme-martfury-cookie_consent_learn_more_text','Cookie Policy',NULL,NULL),(132,'theme-martfury-number_of_products_per_page','40',NULL,NULL),(133,'theme-martfury-product_feature_1_title','Shipping worldwide',NULL,NULL),(134,'theme-martfury-product_feature_1_icon','icon-network',NULL,NULL),(135,'theme-martfury-product_feature_2_title','Free 7-day return if eligible, so easy',NULL,NULL),(136,'theme-martfury-product_feature_2_icon','icon-3d-rotate',NULL,NULL),(137,'theme-martfury-product_feature_3_title','Supplier give bills for this product.',NULL,NULL),(138,'theme-martfury-product_feature_3_icon','icon-receipt',NULL,NULL),(139,'theme-martfury-product_feature_4_title','Pay online or when receiving goods',NULL,NULL),(140,'theme-martfury-product_feature_4_icon','icon-credit-card',NULL,NULL),(141,'theme-martfury-contact_info_box_1_title','Contact Directly',NULL,NULL),(142,'theme-martfury-contact_info_box_1_subtitle','contact@martfury.com',NULL,NULL),(143,'theme-martfury-contact_info_box_1_details','(+004) 912-3548-07',NULL,NULL),(144,'theme-martfury-contact_info_box_2_title','Headquarters',NULL,NULL),(145,'theme-martfury-contact_info_box_2_subtitle','17 Queen St, Southbank, Melbourne 10560, Australia',NULL,NULL),(146,'theme-martfury-contact_info_box_2_details','',NULL,NULL),(147,'theme-martfury-contact_info_box_3_title','Work With Us',NULL,NULL),(148,'theme-martfury-contact_info_box_3_subtitle','Send your CV to our email:',NULL,NULL),(149,'theme-martfury-contact_info_box_3_details','career@martfury.com',NULL,NULL),(150,'theme-martfury-contact_info_box_4_title','Customer Service',NULL,NULL),(151,'theme-martfury-contact_info_box_4_subtitle','customercare@martfury.com',NULL,NULL),(152,'theme-martfury-contact_info_box_4_details','(800) 843-2446',NULL,NULL),(153,'theme-martfury-contact_info_box_5_title','Media Relations',NULL,NULL),(154,'theme-martfury-contact_info_box_5_subtitle','media@martfury.com',NULL,NULL),(155,'theme-martfury-contact_info_box_5_details','(801) 947-3564',NULL,NULL),(156,'theme-martfury-contact_info_box_6_title','Vendor Support',NULL,NULL),(157,'theme-martfury-contact_info_box_6_subtitle','vendorsupport@martfury.com',NULL,NULL),(158,'theme-martfury-contact_info_box_6_details','(801) 947-3100',NULL,NULL),(159,'theme-martfury-number_of_cross_sale_products_in_cart_page','7',NULL,NULL),(160,'theme-martfury-logo_in_the_checkout_page','general/logo-dark.png',NULL,NULL),(161,'theme-martfury-logo_in_invoices','general/logo-dark.png',NULL,NULL),(162,'theme-martfury-logo_vendor_dashboard','general/logo-dark.png',NULL,NULL),(165,'theme-martfury-social-name-1','Facebook',NULL,NULL),(166,'theme-martfury-social-url-1','https://www.facebook.com/',NULL,NULL),(167,'theme-martfury-social-icon-1','fa-facebook',NULL,NULL),(168,'theme-martfury-social-color-1','#3b5999',NULL,NULL),(169,'theme-martfury-social-name-2','Twitter',NULL,NULL),(170,'theme-martfury-social-url-2','https://www.twitter.com/',NULL,NULL),(171,'theme-martfury-social-icon-2','fa-twitter',NULL,NULL),(172,'theme-martfury-social-color-2','#55ACF9',NULL,NULL),(173,'theme-martfury-social-name-3','Instagram',NULL,NULL),(174,'theme-martfury-social-url-3','https://www.instagram.com/',NULL,NULL),(175,'theme-martfury-social-icon-3','fa-instagram',NULL,NULL),(176,'theme-martfury-social-color-3','#E1306C',NULL,NULL),(177,'theme-martfury-social-name-4','Youtube',NULL,NULL),(178,'theme-martfury-social-url-4','https://www.youtube.com/',NULL,NULL),(179,'theme-martfury-social-icon-4','fa-youtube',NULL,NULL),(180,'theme-martfury-social-color-4','#FF0000',NULL,NULL),(181,'theme-martfury-vi-copyright','© 2022 Martfury. Tất cả quyền đã được bảo hộ.',NULL,NULL),(182,'theme-martfury-vi-welcome_message','Chào mừng đến với Martfury - Cửa Hàng Mua Sắm Online!',NULL,NULL),(183,'theme-martfury-vi-homepage_id','1',NULL,NULL),(184,'theme-martfury-vi-blog_page_id','6',NULL,NULL),(185,'theme-martfury-vi-cookie_consent_message','Trải nghiệm của bạn trên trang web này sẽ được cải thiện bằng cách cho phép cookie ',NULL,NULL),(186,'theme-martfury-vi-cookie_consent_learn_more_url','http://martfury.test/cookie-policy',NULL,NULL),(187,'theme-martfury-vi-cookie_consent_learn_more_text','Chính sách cookie',NULL,NULL),(188,'theme-martfury-vi-product_feature_1_title','Vận chuyển toàn cầu',NULL,NULL),(189,'theme-martfury-vi-product_feature_2_title','Miễn phí hoàn hàng 7 ngày',NULL,NULL),(190,'theme-martfury-vi-product_feature_3_title','Nhà cung cấp sẽ cấp hóa đơn cho sản phẩm này',NULL,NULL),(191,'theme-martfury-vi-product_feature_4_title','Thanh toán online hoặc trực tiếp',NULL,NULL),(192,'media_random_hash','0acd8adfaf6cb28d7f59dd3487385ede',NULL,NULL);
/*!40000 ALTER TABLE `settings` ENABLE KEYS */;
UNLOCK TABLES;

--
-- Table structure for table `simple_slider_items`
--

DROP TABLE IF EXISTS `simple_slider_items`;
/*!40101 SET @saved_cs_client     = @@character_set_client */;
/*!40101 SET character_set_client = utf8 */;
CREATE TABLE `simple_slider_items` (
  `id` bigint(20) unsigned NOT NULL AUTO_INCREMENT,
  `simple_slider_id` int(10) unsigned NOT NULL,
  `title` varchar(255) COLLATE utf8mb4_unicode_ci DEFAULT NULL,
  `image` varchar(255) COLLATE utf8mb4_unicode_ci NOT NULL,
  `link` varchar(255) COLLATE utf8mb4_unicode_ci DEFAULT NULL,
  `description` text COLLATE utf8mb4_unicode_ci DEFAULT NULL,
  `order` int(10) unsigned NOT NULL DEFAULT 0,
  `created_at` timestamp NULL DEFAULT NULL,
  `updated_at` timestamp NULL DEFAULT NULL,
  PRIMARY KEY (`id`)
) ENGINE=InnoDB AUTO_INCREMENT=7 DEFAULT CHARSET=utf8mb4 COLLATE=utf8mb4_unicode_ci;
/*!40101 SET character_set_client = @saved_cs_client */;

--
-- Dumping data for table `simple_slider_items`
--

LOCK TABLES `simple_slider_items` WRITE;
/*!40000 ALTER TABLE `simple_slider_items` DISABLE KEYS */;
INSERT INTO `simple_slider_items` VALUES (1,1,'Slider 1','sliders/1.jpg','/products',NULL,1,'2022-01-03 21:24:05','2022-01-03 21:24:05'),(2,1,'Slider 2','sliders/2.jpg','/products',NULL,2,'2022-01-03 21:24:05','2022-01-03 21:24:05'),(3,1,'Slider 3','sliders/3.jpg','/products',NULL,3,'2022-01-03 21:24:05','2022-01-03 21:24:05'),(4,2,'Slider 1','sliders/1.jpg','/products',NULL,1,'2022-01-03 21:24:05','2022-01-03 21:24:05'),(5,2,'Slider 2','sliders/2.jpg','/products',NULL,2,'2022-01-03 21:24:05','2022-01-03 21:24:05'),(6,2,'Slider 3','sliders/3.jpg','/products',NULL,3,'2022-01-03 21:24:05','2022-01-03 21:24:05');
/*!40000 ALTER TABLE `simple_slider_items` ENABLE KEYS */;
UNLOCK TABLES;

--
-- Table structure for table `simple_sliders`
--

DROP TABLE IF EXISTS `simple_sliders`;
/*!40101 SET @saved_cs_client     = @@character_set_client */;
/*!40101 SET character_set_client = utf8 */;
CREATE TABLE `simple_sliders` (
  `id` bigint(20) unsigned NOT NULL AUTO_INCREMENT,
  `name` varchar(120) COLLATE utf8mb4_unicode_ci NOT NULL,
  `key` varchar(120) COLLATE utf8mb4_unicode_ci NOT NULL,
  `description` varchar(255) COLLATE utf8mb4_unicode_ci DEFAULT NULL,
  `status` varchar(60) COLLATE utf8mb4_unicode_ci NOT NULL DEFAULT 'published',
  `created_at` timestamp NULL DEFAULT NULL,
  `updated_at` timestamp NULL DEFAULT NULL,
  PRIMARY KEY (`id`)
) ENGINE=InnoDB AUTO_INCREMENT=3 DEFAULT CHARSET=utf8mb4 COLLATE=utf8mb4_unicode_ci;
/*!40101 SET character_set_client = @saved_cs_client */;

--
-- Dumping data for table `simple_sliders`
--

LOCK TABLES `simple_sliders` WRITE;
/*!40000 ALTER TABLE `simple_sliders` DISABLE KEYS */;
INSERT INTO `simple_sliders` VALUES (1,'Home slider','home-slider','The main slider on homepage','published','2022-01-03 21:24:05','2022-01-03 21:24:05'),(2,'Slider trang chủ','slider-trang-chu','Slider chính trên trang chủ','published','2022-01-03 21:24:05','2022-01-03 21:24:05');
/*!40000 ALTER TABLE `simple_sliders` ENABLE KEYS */;
UNLOCK TABLES;

--
-- Table structure for table `slugs`
--

DROP TABLE IF EXISTS `slugs`;
/*!40101 SET @saved_cs_client     = @@character_set_client */;
/*!40101 SET character_set_client = utf8 */;
CREATE TABLE `slugs` (
  `id` bigint(20) unsigned NOT NULL AUTO_INCREMENT,
  `key` varchar(255) COLLATE utf8mb4_unicode_ci NOT NULL,
  `reference_id` int(10) unsigned NOT NULL,
  `reference_type` varchar(255) COLLATE utf8mb4_unicode_ci NOT NULL,
  `prefix` varchar(120) COLLATE utf8mb4_unicode_ci DEFAULT '',
  `created_at` timestamp NULL DEFAULT NULL,
  `updated_at` timestamp NULL DEFAULT NULL,
  PRIMARY KEY (`id`)
) ENGINE=InnoDB AUTO_INCREMENT=112 DEFAULT CHARSET=utf8mb4 COLLATE=utf8mb4_unicode_ci;
/*!40101 SET character_set_client = @saved_cs_client */;

--
-- Dumping data for table `slugs`
--

LOCK TABLES `slugs` WRITE;
/*!40000 ALTER TABLE `slugs` DISABLE KEYS */;
INSERT INTO `slugs` VALUES (1,'fashion-live',1,'Botble\\Ecommerce\\Models\\Brand','brands','2022-01-03 21:23:41','2022-01-03 21:23:41'),(2,'hand-crafted',2,'Botble\\Ecommerce\\Models\\Brand','brands','2022-01-03 21:23:41','2022-01-03 21:23:41'),(3,'mestonix',3,'Botble\\Ecommerce\\Models\\Brand','brands','2022-01-03 21:23:41','2022-01-03 21:23:41'),(4,'sunshine',4,'Botble\\Ecommerce\\Models\\Brand','brands','2022-01-03 21:23:41','2022-01-03 21:23:41'),(5,'pure',5,'Botble\\Ecommerce\\Models\\Brand','brands','2022-01-03 21:23:41','2022-01-03 21:23:41'),(6,'anfold',6,'Botble\\Ecommerce\\Models\\Brand','brands','2022-01-03 21:23:41','2022-01-03 21:23:41'),(7,'automotive',7,'Botble\\Ecommerce\\Models\\Brand','brands','2022-01-03 21:23:41','2022-01-03 21:23:41'),(8,'hot-promotions',1,'Botble\\Ecommerce\\Models\\ProductCategory','product-categories','2022-01-03 21:23:43','2022-01-03 21:23:43'),(9,'electronics',2,'Botble\\Ecommerce\\Models\\ProductCategory','product-categories','2022-01-03 21:23:43','2022-01-03 21:23:43'),(10,'consumer-electronic',3,'Botble\\Ecommerce\\Models\\ProductCategory','product-categories','2022-01-03 21:23:43','2022-01-03 21:23:43'),(11,'home-audio-theaters',4,'Botble\\Ecommerce\\Models\\ProductCategory','product-categories','2022-01-03 21:23:43','2022-01-03 21:23:43'),(12,'tv-videos',5,'Botble\\Ecommerce\\Models\\ProductCategory','product-categories','2022-01-03 21:23:43','2022-01-03 21:23:43'),(13,'camera-photos-videos',6,'Botble\\Ecommerce\\Models\\ProductCategory','product-categories','2022-01-03 21:23:43','2022-01-03 21:23:43'),(14,'cellphones-accessories',7,'Botble\\Ecommerce\\Models\\ProductCategory','product-categories','2022-01-03 21:23:43','2022-01-03 21:23:43'),(15,'headphones',8,'Botble\\Ecommerce\\Models\\ProductCategory','product-categories','2022-01-03 21:23:43','2022-01-03 21:23:43'),(16,'videos-games',9,'Botble\\Ecommerce\\Models\\ProductCategory','product-categories','2022-01-03 21:23:43','2022-01-03 21:23:43'),(17,'wireless-speakers',10,'Botble\\Ecommerce\\Models\\ProductCategory','product-categories','2022-01-03 21:23:43','2022-01-03 21:23:43'),(18,'office-electronic',11,'Botble\\Ecommerce\\Models\\ProductCategory','product-categories','2022-01-03 21:23:43','2022-01-03 21:23:43'),(19,'accessories-parts',12,'Botble\\Ecommerce\\Models\\ProductCategory','product-categories','2022-01-03 21:23:43','2022-01-03 21:23:43'),(20,'digital-cables',13,'Botble\\Ecommerce\\Models\\ProductCategory','product-categories','2022-01-03 21:23:43','2022-01-03 21:23:43'),(21,'audio-video-cables',14,'Botble\\Ecommerce\\Models\\ProductCategory','product-categories','2022-01-03 21:23:43','2022-01-03 21:23:43'),(22,'batteries',15,'Botble\\Ecommerce\\Models\\ProductCategory','product-categories','2022-01-03 21:23:43','2022-01-03 21:23:43'),(23,'clothing',16,'Botble\\Ecommerce\\Models\\ProductCategory','product-categories','2022-01-03 21:23:43','2022-01-03 21:23:43'),(24,'computers',17,'Botble\\Ecommerce\\Models\\ProductCategory','product-categories','2022-01-03 21:23:43','2022-01-03 21:23:43'),(25,'computer-technologies',18,'Botble\\Ecommerce\\Models\\ProductCategory','product-categories','2022-01-03 21:23:43','2022-01-03 21:23:43'),(26,'computer-tablets',19,'Botble\\Ecommerce\\Models\\ProductCategory','product-categories','2022-01-03 21:23:43','2022-01-03 21:23:43'),(27,'laptop',20,'Botble\\Ecommerce\\Models\\ProductCategory','product-categories','2022-01-03 21:23:43','2022-01-03 21:23:43'),(28,'monitors',21,'Botble\\Ecommerce\\Models\\ProductCategory','product-categories','2022-01-03 21:23:43','2022-01-03 21:23:43'),(29,'computer-components',22,'Botble\\Ecommerce\\Models\\ProductCategory','product-categories','2022-01-03 21:23:43','2022-01-03 21:23:43'),(30,'networking',23,'Botble\\Ecommerce\\Models\\ProductCategory','product-categories','2022-01-03 21:23:43','2022-01-03 21:23:43'),(31,'drive-storages',24,'Botble\\Ecommerce\\Models\\ProductCategory','product-categories','2022-01-03 21:23:43','2022-01-03 21:23:43'),(32,'gaming-laptop',25,'Botble\\Ecommerce\\Models\\ProductCategory','product-categories','2022-01-03 21:23:43','2022-01-03 21:23:43'),(33,'security-protection',26,'Botble\\Ecommerce\\Models\\ProductCategory','product-categories','2022-01-03 21:23:43','2022-01-03 21:23:43'),(34,'accessories',27,'Botble\\Ecommerce\\Models\\ProductCategory','product-categories','2022-01-03 21:23:43','2022-01-03 21:23:43'),(35,'home-kitchen',28,'Botble\\Ecommerce\\Models\\ProductCategory','product-categories','2022-01-03 21:23:43','2022-01-03 21:23:43'),(36,'health-beauty',29,'Botble\\Ecommerce\\Models\\ProductCategory','product-categories','2022-01-03 21:23:43','2022-01-03 21:23:43'),(37,'jewelry-watch',30,'Botble\\Ecommerce\\Models\\ProductCategory','product-categories','2022-01-03 21:23:43','2022-01-03 21:23:43'),(38,'technology-toys',31,'Botble\\Ecommerce\\Models\\ProductCategory','product-categories','2022-01-03 21:23:43','2022-01-03 21:23:43'),(39,'phones',32,'Botble\\Ecommerce\\Models\\ProductCategory','product-categories','2022-01-03 21:23:43','2022-01-03 21:23:43'),(40,'babies-moms',33,'Botble\\Ecommerce\\Models\\ProductCategory','product-categories','2022-01-03 21:23:43','2022-01-03 21:23:43'),(41,'sport-outdoor',34,'Botble\\Ecommerce\\Models\\ProductCategory','product-categories','2022-01-03 21:23:43','2022-01-03 21:23:43'),(42,'books-office',35,'Botble\\Ecommerce\\Models\\ProductCategory','product-categories','2022-01-03 21:23:43','2022-01-03 21:23:43'),(43,'cars-motorcycles',36,'Botble\\Ecommerce\\Models\\ProductCategory','product-categories','2022-01-03 21:23:43','2022-01-03 21:23:43'),(44,'home-improvements',37,'Botble\\Ecommerce\\Models\\ProductCategory','product-categories','2022-01-03 21:23:43','2022-01-03 21:23:43'),(45,'dual-camera-20mp',1,'Botble\\Ecommerce\\Models\\Product','products','2022-01-03 21:23:57','2022-01-03 21:23:57'),(46,'smart-watches',2,'Botble\\Ecommerce\\Models\\Product','products','2022-01-03 21:23:57','2022-01-03 21:23:57'),(47,'beat-headphone',3,'Botble\\Ecommerce\\Models\\Product','products','2022-01-03 21:23:57','2022-01-03 21:23:57'),(48,'red-black-headphone',4,'Botble\\Ecommerce\\Models\\Product','products','2022-01-03 21:23:57','2022-01-03 21:23:57'),(49,'smart-watch-external',5,'Botble\\Ecommerce\\Models\\Product','products','2022-01-03 21:23:57','2022-01-03 21:23:57'),(50,'nikon-hd-camera',6,'Botble\\Ecommerce\\Models\\Product','products','2022-01-03 21:23:57','2022-01-03 21:23:57'),(51,'audio-equipment',7,'Botble\\Ecommerce\\Models\\Product','products','2022-01-03 21:23:57','2022-01-03 21:23:57'),(52,'smart-televisions',8,'Botble\\Ecommerce\\Models\\Product','products','2022-01-03 21:23:57','2022-01-03 21:23:57'),(53,'samsung-smart-phone',9,'Botble\\Ecommerce\\Models\\Product','products','2022-01-03 21:23:57','2022-01-03 21:23:57'),(54,'herschel-leather-duffle-bag-in-brown-color',10,'Botble\\Ecommerce\\Models\\Product','products','2022-01-03 21:23:57','2022-01-03 21:23:57'),(55,'xbox-one-wireless-controller-black-color',11,'Botble\\Ecommerce\\Models\\Product','products','2022-01-03 21:23:57','2022-01-03 21:23:57'),(56,'epsion-plaster-printer',12,'Botble\\Ecommerce\\Models\\Product','products','2022-01-03 21:23:57','2022-01-03 21:23:57'),(57,'sound-intone-i65-earphone-white-version',13,'Botble\\Ecommerce\\Models\\Product','products','2022-01-03 21:23:57','2022-01-03 21:23:57'),(58,'bo-play-mini-bluetooth-speaker',14,'Botble\\Ecommerce\\Models\\Product','products','2022-01-03 21:23:57','2022-01-03 21:23:57'),(59,'apple-macbook-air-retina-133-inch-laptop',15,'Botble\\Ecommerce\\Models\\Product','products','2022-01-03 21:23:57','2022-01-03 21:23:57'),(60,'apple-macbook-air-retina-12-inch-laptop',16,'Botble\\Ecommerce\\Models\\Product','products','2022-01-03 21:23:57','2022-01-03 21:23:57'),(61,'samsung-gear-vr-virtual-reality-headset',17,'Botble\\Ecommerce\\Models\\Product','products','2022-01-03 21:23:57','2022-01-03 21:23:57'),(62,'aveeno-moisturizing-body-shower-450ml',18,'Botble\\Ecommerce\\Models\\Product','products','2022-01-03 21:23:57','2022-01-03 21:23:57'),(63,'nyx-beauty-couton-pallete-makeup-12',19,'Botble\\Ecommerce\\Models\\Product','products','2022-01-03 21:23:57','2022-01-03 21:23:57'),(64,'nyx-beauty-couton-pallete-makeup-12',20,'Botble\\Ecommerce\\Models\\Product','products','2022-01-03 21:23:57','2022-01-03 21:23:57'),(65,'mvmth-classical-leather-watch-in-black',21,'Botble\\Ecommerce\\Models\\Product','products','2022-01-03 21:23:57','2022-01-03 21:23:57'),(66,'baxter-care-hair-kit-for-bearded-mens',22,'Botble\\Ecommerce\\Models\\Product','products','2022-01-03 21:23:57','2022-01-03 21:23:57'),(67,'ciate-palemore-lipstick-bold-red-color',23,'Botble\\Ecommerce\\Models\\Product','products','2022-01-03 21:23:57','2022-01-03 21:23:57'),(68,'electronic',1,'Botble\\Ecommerce\\Models\\ProductTag','product-tags','2022-01-03 21:24:00','2022-01-03 21:24:00'),(69,'mobile',2,'Botble\\Ecommerce\\Models\\ProductTag','product-tags','2022-01-03 21:24:00','2022-01-03 21:24:00'),(70,'iphone',3,'Botble\\Ecommerce\\Models\\ProductTag','product-tags','2022-01-03 21:24:00','2022-01-03 21:24:00'),(71,'printer',4,'Botble\\Ecommerce\\Models\\ProductTag','product-tags','2022-01-03 21:24:00','2022-01-03 21:24:00'),(72,'office',5,'Botble\\Ecommerce\\Models\\ProductTag','product-tags','2022-01-03 21:24:00','2022-01-03 21:24:00'),(73,'it',6,'Botble\\Ecommerce\\Models\\ProductTag','product-tags','2022-01-03 21:24:00','2022-01-03 21:24:00'),(74,'ecommerce',1,'Botble\\Blog\\Models\\Category','blog','2022-01-03 21:24:04','2022-03-22 19:27:30'),(75,'fashion',2,'Botble\\Blog\\Models\\Category','blog','2022-01-03 21:24:04','2022-03-22 19:27:30'),(76,'electronic',3,'Botble\\Blog\\Models\\Category','blog','2022-01-03 21:24:04','2022-03-22 19:27:30'),(77,'commercial',4,'Botble\\Blog\\Models\\Category','blog','2022-01-03 21:24:04','2022-03-22 19:27:30'),(78,'general',1,'Botble\\Blog\\Models\\Tag','tag','2022-01-03 21:24:04','2022-01-03 21:24:04'),(79,'design',2,'Botble\\Blog\\Models\\Tag','tag','2022-01-03 21:24:04','2022-01-03 21:24:04'),(80,'fashion',3,'Botble\\Blog\\Models\\Tag','tag','2022-01-03 21:24:04','2022-01-03 21:24:04'),(81,'branding',4,'Botble\\Blog\\Models\\Tag','tag','2022-01-03 21:24:04','2022-01-03 21:24:04'),(82,'modern',5,'Botble\\Blog\\Models\\Tag','tag','2022-01-03 21:24:04','2022-01-03 21:24:04'),(83,'4-expert-tips-on-how-to-choose-the-right-mens-wallet',1,'Botble\\Blog\\Models\\Post','blog','2022-01-03 21:24:04','2022-03-22 19:27:30'),(84,'sexy-clutches-how-to-buy-wear-a-designer-clutch-bag',2,'Botble\\Blog\\Models\\Post','blog','2022-01-03 21:24:04','2022-03-22 19:27:30'),(85,'the-top-2020-handbag-trends-to-know',3,'Botble\\Blog\\Models\\Post','blog','2022-01-03 21:24:04','2022-03-22 19:27:30'),(86,'how-to-match-the-color-of-your-handbag-with-an-outfit',4,'Botble\\Blog\\Models\\Post','blog','2022-01-03 21:24:04','2022-03-22 19:27:30'),(87,'how-to-care-for-leather-bags',5,'Botble\\Blog\\Models\\Post','blog','2022-01-03 21:24:04','2022-03-22 19:27:30'),(88,'were-crushing-hard-on-summers-10-biggest-bag-trends',6,'Botble\\Blog\\Models\\Post','blog','2022-01-03 21:24:04','2022-03-22 19:27:30'),(89,'essential-qualities-of-highly-successful-music',7,'Botble\\Blog\\Models\\Post','blog','2022-01-03 21:24:04','2022-03-22 19:27:30'),(90,'9-things-i-love-about-shaving-my-head',8,'Botble\\Blog\\Models\\Post','blog','2022-01-03 21:24:04','2022-03-22 19:27:30'),(91,'why-teamwork-really-makes-the-dream-work',9,'Botble\\Blog\\Models\\Post','blog','2022-01-03 21:24:04','2022-03-22 19:27:30'),(92,'the-world-caters-to-average-people',10,'Botble\\Blog\\Models\\Post','blog','2022-01-03 21:24:04','2022-03-22 19:27:30'),(93,'the-litigants-on-the-screen-are-not-actors',11,'Botble\\Blog\\Models\\Post','blog','2022-01-03 21:24:04','2022-03-22 19:27:30'),(94,'home',1,'Botble\\Page\\Models\\Page','','2022-01-03 21:24:05','2022-01-03 21:24:05'),(95,'about-us',2,'Botble\\Page\\Models\\Page','','2022-01-03 21:24:05','2022-01-03 21:24:05'),(96,'terms-of-use',3,'Botble\\Page\\Models\\Page','','2022-01-03 21:24:05','2022-01-03 21:24:05'),(97,'terms-conditions',4,'Botble\\Page\\Models\\Page','','2022-01-03 21:24:05','2022-01-03 21:24:05'),(98,'refund-policy',5,'Botble\\Page\\Models\\Page','','2022-01-03 21:24:05','2022-01-03 21:24:05'),(99,'blog',6,'Botble\\Page\\Models\\Page','','2022-01-03 21:24:05','2022-01-03 21:24:05'),(100,'faqs',7,'Botble\\Page\\Models\\Page','','2022-01-03 21:24:05','2022-01-03 21:24:05'),(101,'contact',8,'Botble\\Page\\Models\\Page','','2022-01-03 21:24:05','2022-01-03 21:24:05'),(102,'cookie-policy',9,'Botble\\Page\\Models\\Page','','2022-01-03 21:24:05','2022-01-03 21:24:05'),(103,'affiliate',10,'Botble\\Page\\Models\\Page','','2022-01-03 21:24:05','2022-01-03 21:24:05'),(104,'career',11,'Botble\\Page\\Models\\Page','','2022-01-03 21:24:05','2022-01-03 21:24:05'),(105,'coming-soon',12,'Botble\\Page\\Models\\Page','','2022-01-03 21:24:05','2022-01-03 21:24:05'),(106,'gopro',1,'Botble\\Marketplace\\Models\\Store','stores','2022-01-03 21:24:12','2022-01-03 21:24:12'),(107,'global-office',2,'Botble\\Marketplace\\Models\\Store','stores','2022-01-03 21:24:12','2022-01-03 21:24:12'),(108,'young-shop',3,'Botble\\Marketplace\\Models\\Store','stores','2022-01-03 21:24:12','2022-01-03 21:24:12'),(109,'global-store',4,'Botble\\Marketplace\\Models\\Store','stores','2022-01-03 21:24:12','2022-01-03 21:24:12'),(110,'roberts-store',5,'Botble\\Marketplace\\Models\\Store','stores','2022-01-03 21:24:12','2022-01-03 21:24:12'),(111,'stouffer',6,'Botble\\Marketplace\\Models\\Store','stores','2022-01-03 21:24:12','2022-01-03 21:24:12');
/*!40000 ALTER TABLE `slugs` ENABLE KEYS */;
UNLOCK TABLES;

--
-- Table structure for table `states`
--

DROP TABLE IF EXISTS `states`;
/*!40101 SET @saved_cs_client     = @@character_set_client */;
/*!40101 SET character_set_client = utf8 */;
CREATE TABLE `states` (
  `id` bigint(20) unsigned NOT NULL AUTO_INCREMENT,
  `name` varchar(120) COLLATE utf8mb4_unicode_ci NOT NULL,
  `abbreviation` varchar(2) COLLATE utf8mb4_unicode_ci DEFAULT NULL,
  `country_id` int(10) unsigned DEFAULT NULL,
  `order` tinyint(4) NOT NULL DEFAULT 0,
  `is_default` tinyint(3) unsigned NOT NULL DEFAULT 0,
  `status` varchar(60) COLLATE utf8mb4_unicode_ci NOT NULL DEFAULT 'published',
  `created_at` timestamp NULL DEFAULT NULL,
  `updated_at` timestamp NULL DEFAULT NULL,
  PRIMARY KEY (`id`)
) ENGINE=InnoDB DEFAULT CHARSET=utf8mb4 COLLATE=utf8mb4_unicode_ci;
/*!40101 SET character_set_client = @saved_cs_client */;

--
-- Dumping data for table `states`
--

LOCK TABLES `states` WRITE;
/*!40000 ALTER TABLE `states` DISABLE KEYS */;
/*!40000 ALTER TABLE `states` ENABLE KEYS */;
UNLOCK TABLES;

--
-- Table structure for table `states_backup`
--

DROP TABLE IF EXISTS `states_backup`;
/*!40101 SET @saved_cs_client     = @@character_set_client */;
/*!40101 SET character_set_client = utf8 */;
CREATE TABLE `states_backup` (
  `id` bigint(20) unsigned NOT NULL AUTO_INCREMENT,
  `name` varchar(120) COLLATE utf8mb4_unicode_ci NOT NULL,
  `abbreviation` varchar(2) COLLATE utf8mb4_unicode_ci DEFAULT NULL,
  `country_id` int(10) unsigned DEFAULT NULL,
  `order` tinyint(4) NOT NULL DEFAULT 0,
  `is_default` tinyint(3) unsigned NOT NULL DEFAULT 0,
  `status` varchar(60) COLLATE utf8mb4_unicode_ci NOT NULL DEFAULT 'published',
  `created_at` timestamp NULL DEFAULT NULL,
  `updated_at` timestamp NULL DEFAULT NULL,
  PRIMARY KEY (`id`)
) ENGINE=InnoDB DEFAULT CHARSET=utf8mb4 COLLATE=utf8mb4_unicode_ci;
/*!40101 SET character_set_client = @saved_cs_client */;

--
-- Dumping data for table `states_backup`
--

LOCK TABLES `states_backup` WRITE;
/*!40000 ALTER TABLE `states_backup` DISABLE KEYS */;
/*!40000 ALTER TABLE `states_backup` ENABLE KEYS */;
UNLOCK TABLES;

--
-- Table structure for table `states_translations`
--

DROP TABLE IF EXISTS `states_translations`;
/*!40101 SET @saved_cs_client     = @@character_set_client */;
/*!40101 SET character_set_client = utf8 */;
CREATE TABLE `states_translations` (
  `lang_code` varchar(191) COLLATE utf8mb4_unicode_ci NOT NULL,
  `states_id` int(11) NOT NULL,
  `name` varchar(120) COLLATE utf8mb4_unicode_ci DEFAULT NULL,
  `abbreviation` varchar(2) COLLATE utf8mb4_unicode_ci DEFAULT NULL,
  PRIMARY KEY (`lang_code`,`states_id`)
) ENGINE=InnoDB DEFAULT CHARSET=utf8mb4 COLLATE=utf8mb4_unicode_ci;
/*!40101 SET character_set_client = @saved_cs_client */;

--
-- Dumping data for table `states_translations`
--

LOCK TABLES `states_translations` WRITE;
/*!40000 ALTER TABLE `states_translations` DISABLE KEYS */;
/*!40000 ALTER TABLE `states_translations` ENABLE KEYS */;
UNLOCK TABLES;

--
-- Table structure for table `tags`
--

DROP TABLE IF EXISTS `tags`;
/*!40101 SET @saved_cs_client     = @@character_set_client */;
/*!40101 SET character_set_client = utf8 */;
CREATE TABLE `tags` (
  `id` bigint(20) unsigned NOT NULL AUTO_INCREMENT,
  `name` varchar(120) COLLATE utf8mb4_unicode_ci NOT NULL,
  `author_id` int(11) NOT NULL,
  `author_type` varchar(255) COLLATE utf8mb4_unicode_ci NOT NULL DEFAULT 'Botble\\ACL\\Models\\User',
  `description` varchar(400) COLLATE utf8mb4_unicode_ci DEFAULT '',
  `status` varchar(60) COLLATE utf8mb4_unicode_ci NOT NULL DEFAULT 'published',
  `created_at` timestamp NULL DEFAULT NULL,
  `updated_at` timestamp NULL DEFAULT NULL,
  PRIMARY KEY (`id`)
) ENGINE=InnoDB AUTO_INCREMENT=6 DEFAULT CHARSET=utf8mb4 COLLATE=utf8mb4_unicode_ci;
/*!40101 SET character_set_client = @saved_cs_client */;

--
-- Dumping data for table `tags`
--

LOCK TABLES `tags` WRITE;
/*!40000 ALTER TABLE `tags` DISABLE KEYS */;
INSERT INTO `tags` VALUES (1,'General',1,'Botble\\ACL\\Models\\User','','published','2022-01-03 21:24:04','2022-01-03 21:24:04'),(2,'Design',1,'Botble\\ACL\\Models\\User','','published','2022-01-03 21:24:04','2022-01-03 21:24:04'),(3,'Fashion',1,'Botble\\ACL\\Models\\User','','published','2022-01-03 21:24:04','2022-01-03 21:24:04'),(4,'Branding',1,'Botble\\ACL\\Models\\User','','published','2022-01-03 21:24:04','2022-01-03 21:24:04'),(5,'Modern',1,'Botble\\ACL\\Models\\User','','published','2022-01-03 21:24:04','2022-01-03 21:24:04');
/*!40000 ALTER TABLE `tags` ENABLE KEYS */;
UNLOCK TABLES;

--
-- Table structure for table `tags_translations`
--

DROP TABLE IF EXISTS `tags_translations`;
/*!40101 SET @saved_cs_client     = @@character_set_client */;
/*!40101 SET character_set_client = utf8 */;
CREATE TABLE `tags_translations` (
  `lang_code` varchar(191) COLLATE utf8mb4_unicode_ci NOT NULL,
  `tags_id` int(11) NOT NULL,
  `name` varchar(255) COLLATE utf8mb4_unicode_ci DEFAULT NULL,
  `description` varchar(400) COLLATE utf8mb4_unicode_ci DEFAULT NULL,
  PRIMARY KEY (`lang_code`,`tags_id`)
) ENGINE=InnoDB DEFAULT CHARSET=utf8mb4 COLLATE=utf8mb4_unicode_ci;
/*!40101 SET character_set_client = @saved_cs_client */;

--
-- Dumping data for table `tags_translations`
--

LOCK TABLES `tags_translations` WRITE;
/*!40000 ALTER TABLE `tags_translations` DISABLE KEYS */;
INSERT INTO `tags_translations` VALUES ('vi',1,'Chung',NULL),('vi',2,'Thiết kế',NULL),('vi',3,'Thời trang',NULL),('vi',4,'Thương hiệu',NULL),('vi',5,'Hiện đại',NULL);
/*!40000 ALTER TABLE `tags_translations` ENABLE KEYS */;
UNLOCK TABLES;

--
-- Table structure for table `translations`
--

DROP TABLE IF EXISTS `translations`;
/*!40101 SET @saved_cs_client     = @@character_set_client */;
/*!40101 SET character_set_client = utf8 */;
CREATE TABLE `translations` (
  `id` bigint(20) unsigned NOT NULL AUTO_INCREMENT,
  `status` int(11) NOT NULL DEFAULT 0,
  `locale` varchar(191) COLLATE utf8mb4_unicode_ci NOT NULL,
  `group` varchar(191) COLLATE utf8mb4_unicode_ci NOT NULL,
  `key` varchar(191) COLLATE utf8mb4_unicode_ci NOT NULL,
  `value` text COLLATE utf8mb4_unicode_ci DEFAULT NULL,
  `created_at` timestamp NULL DEFAULT NULL,
  `updated_at` timestamp NULL DEFAULT NULL,
  PRIMARY KEY (`id`)
) ENGINE=InnoDB AUTO_INCREMENT=4323 DEFAULT CHARSET=utf8mb4 COLLATE=utf8mb4_unicode_ci;
/*!40101 SET character_set_client = @saved_cs_client */;

--
-- Dumping data for table `translations`
--

LOCK TABLES `translations` WRITE;
/*!40000 ALTER TABLE `translations` DISABLE KEYS */;
INSERT INTO `translations` VALUES (1,0,'en','auth','failed','These credentials do not match our records.','2022-03-22 19:25:24','2022-03-22 19:26:05'),(2,0,'en','auth','password','The provided password is incorrect.','2022-03-22 19:25:24','2022-03-22 19:26:05'),(3,0,'en','auth','throttle','Too many login attempts. Please try again in :seconds seconds.','2022-03-22 19:25:24','2022-03-22 19:26:05'),(4,0,'en','pagination','previous','&laquo; Previous','2022-03-22 19:25:24','2022-03-22 19:26:05'),(5,0,'en','pagination','next','Next &raquo;','2022-03-22 19:25:24','2022-03-22 19:26:05'),(6,0,'en','passwords','reset','Your password has been reset!','2022-03-22 19:25:24','2022-03-22 19:26:05'),(7,0,'en','passwords','sent','We have emailed your password reset link!','2022-03-22 19:25:24','2022-03-22 19:26:05'),(8,0,'en','passwords','throttled','Please wait before retrying.','2022-03-22 19:25:24','2022-03-22 19:26:05'),(9,0,'en','passwords','token','This password reset token is invalid.','2022-03-22 19:25:24','2022-03-22 19:26:05'),(10,0,'en','passwords','user','We can\'t find a user with that email address.','2022-03-22 19:25:24','2022-03-22 19:26:05'),(11,0,'en','validation','accepted','The :attribute must be accepted.','2022-03-22 19:25:24','2022-03-22 19:26:05'),(12,0,'en','validation','accepted_if','The :attribute must be accepted when :other is :value.','2022-03-22 19:25:24','2022-03-22 19:26:05'),(13,0,'en','validation','active_url','The :attribute is not a valid URL.','2022-03-22 19:25:24','2022-03-22 19:26:05'),(14,0,'en','validation','after','The :attribute must be a date after :date.','2022-03-22 19:25:24','2022-03-22 19:26:05'),(15,0,'en','validation','after_or_equal','The :attribute must be a date after or equal to :date.','2022-03-22 19:25:24','2022-03-22 19:26:05'),(16,0,'en','validation','alpha','The :attribute must only contain letters.','2022-03-22 19:25:24','2022-03-22 19:26:05'),(17,0,'en','validation','alpha_dash','The :attribute must only contain letters, numbers, dashes and underscores.','2022-03-22 19:25:24','2022-03-22 19:26:05'),(18,0,'en','validation','alpha_num','The :attribute must only contain letters and numbers.','2022-03-22 19:25:24','2022-03-22 19:26:05'),(19,0,'en','validation','array','The :attribute must be an array.','2022-03-22 19:25:24','2022-03-22 19:26:05'),(20,0,'en','validation','before','The :attribute must be a date before :date.','2022-03-22 19:25:24','2022-03-22 19:26:05'),(21,0,'en','validation','before_or_equal','The :attribute must be a date before or equal to :date.','2022-03-22 19:25:24','2022-03-22 19:26:05'),(22,0,'en','validation','between.numeric','The :attribute must be between :min and :max.','2022-03-22 19:25:24','2022-03-22 19:26:05'),(23,0,'en','validation','between.file','The :attribute must be between :min and :max kilobytes.','2022-03-22 19:25:24','2022-03-22 19:26:05'),(24,0,'en','validation','between.string','The :attribute must be between :min and :max characters.','2022-03-22 19:25:24','2022-03-22 19:26:05'),(25,0,'en','validation','between.array','The :attribute must have between :min and :max items.','2022-03-22 19:25:24','2022-03-22 19:26:05'),(26,0,'en','validation','boolean','The :attribute field must be true or false.','2022-03-22 19:25:24','2022-03-22 19:26:05'),(27,0,'en','validation','confirmed','The :attribute confirmation does not match.','2022-03-22 19:25:24','2022-03-22 19:26:05'),(28,0,'en','validation','current_password','The password is incorrect.','2022-03-22 19:25:24','2022-03-22 19:26:05'),(29,0,'en','validation','date','The :attribute is not a valid date.','2022-03-22 19:25:24','2022-03-22 19:26:05'),(30,0,'en','validation','date_equals','The :attribute must be a date equal to :date.','2022-03-22 19:25:24','2022-03-22 19:26:05'),(31,0,'en','validation','date_format','The :attribute does not match the format :format.','2022-03-22 19:25:24','2022-03-22 19:26:05'),(32,0,'en','validation','declined','The :attribute must be declined.','2022-03-22 19:25:24','2022-03-22 19:26:05'),(33,0,'en','validation','declined_if','The :attribute must be declined when :other is :value.','2022-03-22 19:25:24','2022-03-22 19:26:05'),(34,0,'en','validation','different','The :attribute and :other must be different.','2022-03-22 19:25:24','2022-03-22 19:26:05'),(35,0,'en','validation','digits','The :attribute must be :digits digits.','2022-03-22 19:25:24','2022-03-22 19:26:05'),(36,0,'en','validation','digits_between','The :attribute must be between :min and :max digits.','2022-03-22 19:25:24','2022-03-22 19:26:05'),(37,0,'en','validation','dimensions','The :attribute has invalid image dimensions.','2022-03-22 19:25:24','2022-03-22 19:26:05'),(38,0,'en','validation','distinct','The :attribute field has a duplicate value.','2022-03-22 19:25:24','2022-03-22 19:26:05'),(39,0,'en','validation','email','The :attribute must be a valid email address.','2022-03-22 19:25:24','2022-03-22 19:26:05'),(40,0,'en','validation','ends_with','The :attribute must end with one of the following: :values.','2022-03-22 19:25:24','2022-03-22 19:26:05'),(41,0,'en','validation','enum','The selected :attribute is invalid.','2022-03-22 19:25:24','2022-03-22 19:26:05'),(42,0,'en','validation','exists','The selected :attribute is invalid.','2022-03-22 19:25:24','2022-03-22 19:26:05'),(43,0,'en','validation','file','The :attribute must be a file.','2022-03-22 19:25:24','2022-03-22 19:26:05'),(44,0,'en','validation','filled','The :attribute field must have a value.','2022-03-22 19:25:24','2022-03-22 19:26:05'),(45,0,'en','validation','gt.numeric','The :attribute must be greater than :value.','2022-03-22 19:25:24','2022-03-22 19:26:05'),(46,0,'en','validation','gt.file','The :attribute must be greater than :value kilobytes.','2022-03-22 19:25:24','2022-03-22 19:26:05'),(47,0,'en','validation','gt.string','The :attribute must be greater than :value characters.','2022-03-22 19:25:24','2022-03-22 19:26:05'),(48,0,'en','validation','gt.array','The :attribute must have more than :value items.','2022-03-22 19:25:24','2022-03-22 19:26:05'),(49,0,'en','validation','gte.numeric','The :attribute must be greater than or equal to :value.','2022-03-22 19:25:24','2022-03-22 19:26:05'),(50,0,'en','validation','gte.file','The :attribute must be greater than or equal to :value kilobytes.','2022-03-22 19:25:24','2022-03-22 19:26:05'),(51,0,'en','validation','gte.string','The :attribute must be greater than or equal to :value characters.','2022-03-22 19:25:24','2022-03-22 19:26:05'),(52,0,'en','validation','gte.array','The :attribute must have :value items or more.','2022-03-22 19:25:24','2022-03-22 19:26:05'),(53,0,'en','validation','image','The :attribute must be an image.','2022-03-22 19:25:24','2022-03-22 19:26:05'),(54,0,'en','validation','in','The selected :attribute is invalid.','2022-03-22 19:25:24','2022-03-22 19:26:05'),(55,0,'en','validation','in_array','The :attribute field does not exist in :other.','2022-03-22 19:25:24','2022-03-22 19:26:05'),(56,0,'en','validation','integer','The :attribute must be an integer.','2022-03-22 19:25:24','2022-03-22 19:26:05'),(57,0,'en','validation','ip','The :attribute must be a valid IP address.','2022-03-22 19:25:24','2022-03-22 19:26:05'),(58,0,'en','validation','ipv4','The :attribute must be a valid IPv4 address.','2022-03-22 19:25:24','2022-03-22 19:26:05'),(59,0,'en','validation','ipv6','The :attribute must be a valid IPv6 address.','2022-03-22 19:25:24','2022-03-22 19:26:05'),(60,0,'en','validation','json','The :attribute must be a valid JSON string.','2022-03-22 19:25:24','2022-03-22 19:26:05'),(61,0,'en','validation','lt.numeric','The :attribute must be less than :value.','2022-03-22 19:25:24','2022-03-22 19:26:05'),(62,0,'en','validation','lt.file','The :attribute must be less than :value kilobytes.','2022-03-22 19:25:24','2022-03-22 19:26:05'),(63,0,'en','validation','lt.string','The :attribute must be less than :value characters.','2022-03-22 19:25:24','2022-03-22 19:26:05'),(64,0,'en','validation','lt.array','The :attribute must have less than :value items.','2022-03-22 19:25:24','2022-03-22 19:26:05'),(65,0,'en','validation','lte.numeric','The :attribute must be less than or equal to :value.','2022-03-22 19:25:24','2022-03-22 19:26:05'),(66,0,'en','validation','lte.file','The :attribute must be less than or equal to :value kilobytes.','2022-03-22 19:25:24','2022-03-22 19:26:05'),(67,0,'en','validation','lte.string','The :attribute must be less than or equal to :value characters.','2022-03-22 19:25:24','2022-03-22 19:26:05'),(68,0,'en','validation','lte.array','The :attribute must not have more than :value items.','2022-03-22 19:25:24','2022-03-22 19:26:05'),(69,0,'en','validation','mac_address','The :attribute must be a valid MAC address.','2022-03-22 19:25:24','2022-03-22 19:26:05'),(70,0,'en','validation','max.numeric','The :attribute must not be greater than :max.','2022-03-22 19:25:24','2022-03-22 19:26:05'),(71,0,'en','validation','max.file','The :attribute must not be greater than :max kilobytes.','2022-03-22 19:25:24','2022-03-22 19:26:05'),(72,0,'en','validation','max.string','The :attribute must not be greater than :max characters.','2022-03-22 19:25:24','2022-03-22 19:26:05'),(73,0,'en','validation','max.array','The :attribute must not have more than :max items.','2022-03-22 19:25:24','2022-03-22 19:26:05'),(74,0,'en','validation','mimes','The :attribute must be a file of type: :values.','2022-03-22 19:25:24','2022-03-22 19:26:05'),(75,0,'en','validation','mimetypes','The :attribute must be a file of type: :values.','2022-03-22 19:25:24','2022-03-22 19:26:05'),(76,0,'en','validation','min.numeric','The :attribute must be at least :min.','2022-03-22 19:25:24','2022-03-22 19:26:05'),(77,0,'en','validation','min.file','The :attribute must be at least :min kilobytes.','2022-03-22 19:25:24','2022-03-22 19:26:05'),(78,0,'en','validation','min.string','The :attribute must be at least :min characters.','2022-03-22 19:25:24','2022-03-22 19:26:05'),(79,0,'en','validation','min.array','The :attribute must have at least :min items.','2022-03-22 19:25:24','2022-03-22 19:26:05'),(80,0,'en','validation','multiple_of','The :attribute must be a multiple of :value.','2022-03-22 19:25:24','2022-03-22 19:26:05'),(81,0,'en','validation','not_in','The selected :attribute is invalid.','2022-03-22 19:25:24','2022-03-22 19:26:05'),(82,0,'en','validation','not_regex','The :attribute format is invalid.','2022-03-22 19:25:24','2022-03-22 19:26:05'),(83,0,'en','validation','numeric','The :attribute must be a number.','2022-03-22 19:25:24','2022-03-22 19:26:05'),(84,0,'en','validation','password','The password is incorrect.','2022-03-22 19:25:24','2022-03-22 19:26:05'),(85,0,'en','validation','present','The :attribute field must be present.','2022-03-22 19:25:24','2022-03-22 19:26:05'),(86,0,'en','validation','prohibited','The :attribute field is prohibited.','2022-03-22 19:25:24','2022-03-22 19:26:05'),(87,0,'en','validation','prohibited_if','The :attribute field is prohibited when :other is :value.','2022-03-22 19:25:24','2022-03-22 19:26:05'),(88,0,'en','validation','prohibited_unless','The :attribute field is prohibited unless :other is in :values.','2022-03-22 19:25:24','2022-03-22 19:26:05'),(89,0,'en','validation','prohibits','The :attribute field prohibits :other from being present.','2022-03-22 19:25:24','2022-03-22 19:26:05'),(90,0,'en','validation','regex','The :attribute format is invalid.','2022-03-22 19:25:24','2022-03-22 19:26:05'),(91,0,'en','validation','required','The :attribute field is required.','2022-03-22 19:25:24','2022-03-22 19:26:05'),(92,0,'en','validation','required_array_keys','The :attribute field must contain entries for: :values.','2022-03-22 19:25:24','2022-03-22 19:26:05'),(93,0,'en','validation','required_if','The :attribute field is required when :other is :value.','2022-03-22 19:25:24','2022-03-22 19:26:05'),(94,0,'en','validation','required_unless','The :attribute field is required unless :other is in :values.','2022-03-22 19:25:24','2022-03-22 19:26:05'),(95,0,'en','validation','required_with','The :attribute field is required when :values is present.','2022-03-22 19:25:24','2022-03-22 19:26:05'),(96,0,'en','validation','required_with_all','The :attribute field is required when :values are present.','2022-03-22 19:25:24','2022-03-22 19:26:05'),(97,0,'en','validation','required_without','The :attribute field is required when :values is not present.','2022-03-22 19:25:24','2022-03-22 19:26:05'),(98,0,'en','validation','required_without_all','The :attribute field is required when none of :values are present.','2022-03-22 19:25:24','2022-03-22 19:26:05'),(99,0,'en','validation','same','The :attribute and :other must match.','2022-03-22 19:25:24','2022-03-22 19:26:05'),(100,0,'en','validation','size.numeric','The :attribute must be :size.','2022-03-22 19:25:24','2022-03-22 19:26:05'),(101,0,'en','validation','size.file','The :attribute must be :size kilobytes.','2022-03-22 19:25:24','2022-03-22 19:26:05'),(102,0,'en','validation','size.string','The :attribute must be :size characters.','2022-03-22 19:25:24','2022-03-22 19:26:05'),(103,0,'en','validation','size.array','The :attribute must contain :size items.','2022-03-22 19:25:24','2022-03-22 19:26:05'),(104,0,'en','validation','starts_with','The :attribute must start with one of the following: :values.','2022-03-22 19:25:24','2022-03-22 19:26:05'),(105,0,'en','validation','string','The :attribute must be a string.','2022-03-22 19:25:24','2022-03-22 19:26:05'),(106,0,'en','validation','timezone','The :attribute must be a valid timezone.','2022-03-22 19:25:24','2022-03-22 19:26:05'),(107,0,'en','validation','unique','The :attribute has already been taken.','2022-03-22 19:25:24','2022-03-22 19:26:05'),(108,0,'en','validation','uploaded','The :attribute failed to upload.','2022-03-22 19:25:24','2022-03-22 19:26:05'),(109,0,'en','validation','url','The :attribute must be a valid URL.','2022-03-22 19:25:24','2022-03-22 19:26:05'),(110,0,'en','validation','uuid','The :attribute must be a valid UUID.','2022-03-22 19:25:24','2022-03-22 19:26:05'),(111,0,'en','validation','custom.attribute-name.rule-name','custom-message','2022-03-22 19:25:24','2022-03-22 19:26:05'),(112,0,'en','core/acl/api','api_clients','API Clients','2022-03-22 19:25:24','2022-03-22 19:26:05'),(113,0,'en','core/acl/api','create_new_client','Create new client','2022-03-22 19:25:24','2022-03-22 19:26:05'),(114,0,'en','core/acl/api','create_new_client_success','Create new client successfully!','2022-03-22 19:25:25','2022-03-22 19:26:05'),(115,0,'en','core/acl/api','edit_client','Edit client \":name\"','2022-03-22 19:25:25','2022-03-22 19:26:05'),(116,0,'en','core/acl/api','edit_client_success','Updated client successfully!','2022-03-22 19:25:25','2022-03-22 19:26:05'),(117,0,'en','core/acl/api','delete_success','Deleted client successfully!','2022-03-22 19:25:25','2022-03-22 19:26:05'),(118,0,'en','core/acl/api','confirm_delete_title','Confirm delete client \":name\"','2022-03-22 19:25:25','2022-03-22 19:26:05'),(119,0,'en','core/acl/api','confirm_delete_description','Do you really want to delete client \":name\"?','2022-03-22 19:25:25','2022-03-22 19:26:05'),(120,0,'en','core/acl/api','cancel_delete','No','2022-03-22 19:25:25','2022-03-22 19:26:05'),(121,0,'en','core/acl/api','continue_delete','Yes, let\'s delete it!','2022-03-22 19:25:25','2022-03-22 19:26:05'),(122,0,'en','core/acl/api','name','Name','2022-03-22 19:25:25','2022-03-22 19:26:05'),(123,0,'en','core/acl/api','cancel','Cancel','2022-03-22 19:25:25','2022-03-22 19:26:05'),(124,0,'en','core/acl/api','save','Save','2022-03-22 19:25:25','2022-03-22 19:26:05'),(125,0,'en','core/acl/api','edit','Edit','2022-03-22 19:25:25','2022-03-22 19:26:05'),(126,0,'en','core/acl/api','delete','Delete','2022-03-22 19:25:25','2022-03-22 19:26:05'),(127,0,'en','core/acl/api','client_id','Client ID','2022-03-22 19:25:25','2022-03-22 19:26:05'),(128,0,'en','core/acl/api','secret','Secret','2022-03-22 19:25:25','2022-03-22 19:26:05'),(129,0,'en','core/acl/auth','login.username','Email/Username','2022-03-22 19:25:25','2022-03-22 19:26:05'),(130,0,'en','core/acl/auth','login.email','Email','2022-03-22 19:25:25','2022-03-22 19:26:05'),(131,0,'en','core/acl/auth','login.password','Password','2022-03-22 19:25:25','2022-03-22 19:26:05'),(132,0,'en','core/acl/auth','login.title','User Login','2022-03-22 19:25:25','2022-03-22 19:26:05'),(133,0,'en','core/acl/auth','login.remember','Remember me?','2022-03-22 19:25:25','2022-03-22 19:26:05'),(134,0,'en','core/acl/auth','login.login','Sign in','2022-03-22 19:25:25','2022-03-22 19:26:05'),(135,0,'en','core/acl/auth','login.placeholder.username','Please enter your username','2022-03-22 19:25:25','2022-03-22 19:26:05'),(136,0,'en','core/acl/auth','login.placeholder.email','Please enter your email','2022-03-22 19:25:25','2022-03-22 19:26:05'),(137,0,'en','core/acl/auth','login.success','Login successfully!','2022-03-22 19:25:25','2022-03-22 19:26:05'),(138,0,'en','core/acl/auth','login.fail','Wrong username or password.','2022-03-22 19:25:25','2022-03-22 19:26:05'),(139,0,'en','core/acl/auth','login.not_active','Your account has not been activated yet!','2022-03-22 19:25:25','2022-03-22 19:26:05'),(140,0,'en','core/acl/auth','login.banned','This account is banned.','2022-03-22 19:25:25','2022-03-22 19:26:05'),(141,0,'en','core/acl/auth','login.logout_success','Logout successfully!','2022-03-22 19:25:25','2022-03-22 19:26:05'),(142,0,'en','core/acl/auth','login.dont_have_account','You don\'t have account on this system, please contact administrator for more information!','2022-03-22 19:25:25','2022-03-22 19:26:05'),(143,0,'en','core/acl/auth','forgot_password.title','Forgot Password','2022-03-22 19:25:25','2022-03-22 19:26:05'),(144,0,'en','core/acl/auth','forgot_password.message','<p>Have you forgotten your password?</p><p>Please enter your email account. System will send a email with active link to reset your password.</p>','2022-03-22 19:25:25','2022-03-22 19:26:05'),(145,0,'en','core/acl/auth','forgot_password.submit','Submit','2022-03-22 19:25:25','2022-03-22 19:26:05'),(146,0,'en','core/acl/auth','reset.new_password','New password','2022-03-22 19:25:25','2022-03-22 19:26:05'),(147,0,'en','core/acl/auth','reset.password_confirmation','Confirm new password','2022-03-22 19:25:25','2022-03-22 19:26:05'),(148,0,'en','core/acl/auth','reset.email','Email','2022-03-22 19:25:25','2022-03-22 19:26:05'),(149,0,'en','core/acl/auth','reset.title','Reset your password','2022-03-22 19:25:25','2022-03-22 19:26:05'),(150,0,'en','core/acl/auth','reset.update','Update','2022-03-22 19:25:25','2022-03-22 19:26:05'),(151,0,'en','core/acl/auth','reset.wrong_token','This link is invalid or expired. Please try using reset form again.','2022-03-22 19:25:25','2022-03-22 19:26:05'),(152,0,'en','core/acl/auth','reset.user_not_found','This username is not exist.','2022-03-22 19:25:25','2022-03-22 19:26:05'),(153,0,'en','core/acl/auth','reset.success','Reset password successfully!','2022-03-22 19:25:25','2022-03-22 19:26:05'),(154,0,'en','core/acl/auth','reset.fail','Token is invalid, the reset password link has been expired!','2022-03-22 19:25:25','2022-03-22 19:26:05'),(155,0,'en','core/acl/auth','reset.reset.title','Email reset password','2022-03-22 19:25:25','2022-03-22 19:26:05'),(156,0,'en','core/acl/auth','reset.send.success','A email was sent to your email account. Please check and complete this action.','2022-03-22 19:25:25','2022-03-22 19:26:05'),(157,0,'en','core/acl/auth','reset.send.fail','Can not send email in this time. Please try again later.','2022-03-22 19:25:25','2022-03-22 19:26:05'),(158,0,'en','core/acl/auth','reset.new-password','New password','2022-03-22 19:25:25','2022-03-22 19:26:05'),(159,0,'en','core/acl/auth','email.reminder.title','Email reset password','2022-03-22 19:25:25','2022-03-22 19:26:05'),(160,0,'en','core/acl/auth','password_confirmation','Password confirm','2022-03-22 19:25:25','2022-03-22 19:26:05'),(161,0,'en','core/acl/auth','failed','Failed','2022-03-22 19:25:25','2022-03-22 19:26:05'),(162,0,'en','core/acl/auth','throttle','Throttle','2022-03-22 19:25:25','2022-03-22 19:26:05'),(163,0,'en','core/acl/auth','not_member','Not a member yet?','2022-03-22 19:25:25','2022-03-22 19:26:05'),(164,0,'en','core/acl/auth','register_now','Register now','2022-03-22 19:25:25','2022-03-22 19:26:05'),(165,0,'en','core/acl/auth','lost_your_password','Lost your password?','2022-03-22 19:25:25','2022-03-22 19:26:05'),(166,0,'en','core/acl/auth','login_title','Admin','2022-03-22 19:25:25','2022-03-22 19:26:05'),(167,0,'en','core/acl/auth','login_via_social','Login with social networks','2022-03-22 19:25:25','2022-03-22 19:26:05'),(168,0,'en','core/acl/auth','back_to_login','Back to login page','2022-03-22 19:25:25','2022-03-22 19:26:05'),(169,0,'en','core/acl/auth','sign_in_below','Sign In Below','2022-03-22 19:25:25','2022-03-22 19:26:05'),(170,0,'en','core/acl/auth','languages','Languages','2022-03-22 19:25:25','2022-03-22 19:26:05'),(171,0,'en','core/acl/auth','reset_password','Reset Password','2022-03-22 19:25:25','2022-03-22 19:26:05'),(172,0,'en','core/acl/auth','settings.email.title','ACL','2022-03-22 19:25:25','2022-03-22 19:26:05'),(173,0,'en','core/acl/auth','settings.email.description','ACL email configuration','2022-03-22 19:25:25','2022-03-22 19:26:05'),(174,0,'en','core/acl/permissions','notices.role_in_use','Cannot delete this role, it is still in use!','2022-03-22 19:25:25','2022-03-22 19:26:05'),(175,0,'en','core/acl/permissions','notices.role_delete_belong_user','You are not able to delete this role; it belongs to someone else!','2022-03-22 19:25:25','2022-03-22 19:26:05'),(176,0,'en','core/acl/permissions','notices.role_edit_belong_user','You are not able to edit this role; it belongs to someone else!','2022-03-22 19:25:25','2022-03-22 19:26:05'),(177,0,'en','core/acl/permissions','notices.delete_global_role','You are not allowed to delete global roles!','2022-03-22 19:25:25','2022-03-22 19:26:05'),(178,0,'en','core/acl/permissions','notices.delete_success','The selected role was deleted successfully!','2022-03-22 19:25:25','2022-03-22 19:26:05'),(179,0,'en','core/acl/permissions','notices.modified_success','The selected role was modified successfully!','2022-03-22 19:25:25','2022-03-22 19:26:05'),(180,0,'en','core/acl/permissions','notices.create_success','The new role was successfully created','2022-03-22 19:25:25','2022-03-22 19:26:05'),(181,0,'en','core/acl/permissions','notices.duplicated_success','The selected role was duplicated successfully','2022-03-22 19:25:25','2022-03-22 19:26:05'),(182,0,'en','core/acl/permissions','notices.no_select','Please select at least one record to take this action!','2022-03-22 19:25:25','2022-03-22 19:26:05'),(183,0,'en','core/acl/permissions','notices.not_found','Role not found','2022-03-22 19:25:25','2022-03-22 19:26:05'),(184,0,'en','core/acl/permissions','name','Name','2022-03-22 19:25:25','2022-03-22 19:26:05'),(185,0,'en','core/acl/permissions','current_role','Current Role','2022-03-22 19:25:25','2022-03-22 19:26:05'),(186,0,'en','core/acl/permissions','no_role_assigned','No role assigned','2022-03-22 19:25:25','2022-03-22 19:26:05'),(187,0,'en','core/acl/permissions','role_assigned','Assigned Role','2022-03-22 19:25:25','2022-03-22 19:26:05'),(188,0,'en','core/acl/permissions','create_role','Create New Role','2022-03-22 19:25:25','2022-03-22 19:26:05'),(189,0,'en','core/acl/permissions','role_name','Name','2022-03-22 19:25:25','2022-03-22 19:26:05'),(190,0,'en','core/acl/permissions','role_description','Description','2022-03-22 19:25:25','2022-03-22 19:26:05'),(191,0,'en','core/acl/permissions','permission_flags','Permission Flags','2022-03-22 19:25:25','2022-03-22 19:26:05'),(192,0,'en','core/acl/permissions','cancel','Cancel','2022-03-22 19:25:25','2022-03-22 19:26:05'),(193,0,'en','core/acl/permissions','reset','Reset','2022-03-22 19:25:25','2022-03-22 19:26:05'),(194,0,'en','core/acl/permissions','save','Save','2022-03-22 19:25:25','2022-03-22 19:26:05'),(195,0,'en','core/acl/permissions','global_role_msg','This is a global role and cannot be modified.  You can use the Duplicate button to make a copy of this role that you can then modify.','2022-03-22 19:25:25','2022-03-22 19:26:05'),(196,0,'en','core/acl/permissions','details','Details','2022-03-22 19:25:25','2022-03-22 19:26:05'),(197,0,'en','core/acl/permissions','duplicate','Duplicate','2022-03-22 19:25:25','2022-03-22 19:26:05'),(198,0,'en','core/acl/permissions','all','All Permissions','2022-03-22 19:25:25','2022-03-22 19:26:05'),(199,0,'en','core/acl/permissions','list_role','List Roles','2022-03-22 19:25:25','2022-03-22 19:26:05'),(200,0,'en','core/acl/permissions','created_on','Created On','2022-03-22 19:25:25','2022-03-22 19:26:05'),(201,0,'en','core/acl/permissions','created_by','Created By','2022-03-22 19:25:25','2022-03-22 19:26:05'),(202,0,'en','core/acl/permissions','actions','Actions','2022-03-22 19:25:25','2022-03-22 19:26:05'),(203,0,'en','core/acl/permissions','role_in_use','Cannot delete this role, it is still in use!','2022-03-22 19:25:25','2022-03-22 19:26:05'),(204,0,'en','core/acl/permissions','role_delete_belong_user','You are not able to delete this role; it belongs to someone else!','2022-03-22 19:25:25','2022-03-22 19:26:05'),(205,0,'en','core/acl/permissions','delete_global_role','Can not delete global role','2022-03-22 19:25:25','2022-03-22 19:26:05'),(206,0,'en','core/acl/permissions','delete_success','Delete role successfully','2022-03-22 19:25:25','2022-03-22 19:26:05'),(207,0,'en','core/acl/permissions','no_select','Please select at least one role to take this action!','2022-03-22 19:25:25','2022-03-22 19:26:05'),(208,0,'en','core/acl/permissions','not_found','No role found!','2022-03-22 19:25:25','2022-03-22 19:26:05'),(209,0,'en','core/acl/permissions','role_edit_belong_user','You are not able to edit this role; it belongs to someone else!','2022-03-22 19:25:25','2022-03-22 19:26:05'),(210,0,'en','core/acl/permissions','modified_success','Modified successfully','2022-03-22 19:25:25','2022-03-22 19:26:05'),(211,0,'en','core/acl/permissions','create_success','Create successfully','2022-03-22 19:25:25','2022-03-22 19:26:05'),(212,0,'en','core/acl/permissions','duplicated_success','Duplicated successfully','2022-03-22 19:25:25','2022-03-22 19:26:05'),(213,0,'en','core/acl/permissions','options','Options','2022-03-22 19:25:25','2022-03-22 19:26:05'),(214,0,'en','core/acl/permissions','access_denied_message','You are not allowed to do this action','2022-03-22 19:25:25','2022-03-22 19:26:05'),(215,0,'en','core/acl/permissions','roles','Roles','2022-03-22 19:25:25','2022-03-22 19:26:05'),(216,0,'en','core/acl/permissions','role_permission','Roles and Permissions','2022-03-22 19:25:25','2022-03-22 19:26:05'),(217,0,'en','core/acl/permissions','user_management','User Management','2022-03-22 19:25:25','2022-03-22 19:26:05'),(218,0,'en','core/acl/permissions','super_user_management','Super User Management','2022-03-22 19:25:25','2022-03-22 19:26:05'),(219,0,'en','core/acl/permissions','action_unauthorized','This action is unauthorized.','2022-03-22 19:25:25','2022-03-22 19:26:05'),(220,0,'en','core/acl/reminders','password','Passwords must be at least six characters and match the confirmation.','2022-03-22 19:25:25','2022-03-22 19:26:05'),(221,0,'en','core/acl/reminders','user','We can\'t find a user with that e-mail address.','2022-03-22 19:25:25','2022-03-22 19:26:05'),(222,0,'en','core/acl/reminders','token','This password reset token is invalid.','2022-03-22 19:25:25','2022-03-22 19:26:05'),(223,0,'en','core/acl/reminders','sent','Password reminder sent!','2022-03-22 19:25:25','2022-03-22 19:26:05'),(224,0,'en','core/acl/reminders','reset','Password has been reset!','2022-03-22 19:25:25','2022-03-22 19:26:05'),(225,0,'en','core/acl/users','delete_user_logged_in','Can\'t delete this user. This user is logged on!','2022-03-22 19:25:25','2022-03-22 19:26:05'),(226,0,'en','core/acl/users','no_select','Please select at least one record to take this action!','2022-03-22 19:25:25','2022-03-22 19:26:05'),(227,0,'en','core/acl/users','lock_user_logged_in','Can\'t lock this user. This user is logged on!','2022-03-22 19:25:25','2022-03-22 19:26:05'),(228,0,'en','core/acl/users','update_success','Update status successfully!','2022-03-22 19:25:25','2022-03-22 19:26:05'),(229,0,'en','core/acl/users','save_setting_failed','Something went wrong when save your setting','2022-03-22 19:25:25','2022-03-22 19:26:05'),(230,0,'en','core/acl/users','not_found','User not found','2022-03-22 19:25:25','2022-03-22 19:26:05'),(231,0,'en','core/acl/users','email_exist','That email address already belongs to an existing account','2022-03-22 19:25:25','2022-03-22 19:26:05'),(232,0,'en','core/acl/users','username_exist','That username address already belongs to an existing account','2022-03-22 19:25:25','2022-03-22 19:26:05'),(233,0,'en','core/acl/users','update_profile_success','Your profile changes were successfully saved','2022-03-22 19:25:25','2022-03-22 19:26:05'),(234,0,'en','core/acl/users','password_update_success','Password successfully changed','2022-03-22 19:25:25','2022-03-22 19:26:05'),(235,0,'en','core/acl/users','current_password_not_valid','Current password is not valid','2022-03-22 19:25:25','2022-03-22 19:26:05'),(236,0,'en','core/acl/users','user_exist_in','User is already a member','2022-03-22 19:25:25','2022-03-22 19:26:05'),(237,0,'en','core/acl/users','email','Email','2022-03-22 19:25:25','2022-03-22 19:26:05'),(238,0,'en','core/acl/users','role','Role','2022-03-22 19:25:25','2022-03-22 19:26:05'),(239,0,'en','core/acl/users','username','Username','2022-03-22 19:25:25','2022-03-22 19:26:05'),(240,0,'en','core/acl/users','last_name','Last Name','2022-03-22 19:25:25','2022-03-22 19:26:05'),(241,0,'en','core/acl/users','first_name','First Name','2022-03-22 19:25:25','2022-03-22 19:26:05'),(242,0,'en','core/acl/users','message','Message','2022-03-22 19:25:25','2022-03-22 19:26:05'),(243,0,'en','core/acl/users','cancel_btn','Cancel','2022-03-22 19:25:25','2022-03-22 19:26:05'),(244,0,'en','core/acl/users','change_password','Change password','2022-03-22 19:25:25','2022-03-22 19:26:05'),(245,0,'en','core/acl/users','current_password','Current password','2022-03-22 19:25:25','2022-03-22 19:26:05'),(246,0,'en','core/acl/users','new_password','New Password','2022-03-22 19:25:25','2022-03-22 19:26:05'),(247,0,'en','core/acl/users','confirm_new_password','Confirm New Password','2022-03-22 19:25:25','2022-03-22 19:26:05'),(248,0,'en','core/acl/users','password','Password','2022-03-22 19:25:25','2022-03-22 19:26:05'),(249,0,'en','core/acl/users','save','Save','2022-03-22 19:25:25','2022-03-22 19:26:05'),(250,0,'en','core/acl/users','cannot_delete','User could not be deleted','2022-03-22 19:25:25','2022-03-22 19:26:05'),(251,0,'en','core/acl/users','deleted','User deleted','2022-03-22 19:25:25','2022-03-22 19:26:05'),(252,0,'en','core/acl/users','last_login','Last Login','2022-03-22 19:25:25','2022-03-22 19:26:05'),(253,0,'en','core/acl/users','error_update_profile_image','Error when update profile image','2022-03-22 19:25:25','2022-03-22 19:26:05'),(254,0,'en','core/acl/users','email_reminder_template','<h3>Hello :name</h3><p>The system has received a request to restore the password for your account, to complete this task please click the link below.</p><p><a href=\":link\">Reset password now</a></p><p>If not you ask recover password, please ignore this email.</p><p>This email is valid for 60 minutes after receiving the email.</p>','2022-03-22 19:25:25','2022-03-22 19:26:05'),(255,0,'en','core/acl/users','change_profile_image','Change Profile Image','2022-03-22 19:25:25','2022-03-22 19:26:05'),(256,0,'en','core/acl/users','new_image','New Image','2022-03-22 19:25:25','2022-03-22 19:26:05'),(257,0,'en','core/acl/users','loading','Loading','2022-03-22 19:25:25','2022-03-22 19:26:05'),(258,0,'en','core/acl/users','close','Close','2022-03-22 19:25:25','2022-03-22 19:26:05'),(259,0,'en','core/acl/users','update','Update','2022-03-22 19:25:25','2022-03-22 19:26:05'),(260,0,'en','core/acl/users','read_image_failed','Failed to read the image file','2022-03-22 19:25:25','2022-03-22 19:26:05'),(261,0,'en','core/acl/users','users','Users','2022-03-22 19:25:25','2022-03-22 19:26:05'),(262,0,'en','core/acl/users','update_avatar_success','Update profile image successfully!','2022-03-22 19:25:25','2022-03-22 19:26:05'),(263,0,'en','core/acl/users','info.title','User profile','2022-03-22 19:25:25','2022-03-22 19:26:05'),(264,0,'en','core/acl/users','info.first_name','First Name','2022-03-22 19:25:25','2022-03-22 19:26:05'),(265,0,'en','core/acl/users','info.last_name','Last Name','2022-03-22 19:25:25','2022-03-22 19:26:05'),(266,0,'en','core/acl/users','info.email','Email','2022-03-22 19:25:25','2022-03-22 19:26:05'),(267,0,'en','core/acl/users','info.second_email','Secondary Email','2022-03-22 19:25:25','2022-03-22 19:26:05'),(268,0,'en','core/acl/users','info.address','Address','2022-03-22 19:25:25','2022-03-22 19:26:05'),(269,0,'en','core/acl/users','info.second_address','Secondary Address','2022-03-22 19:25:25','2022-03-22 19:26:05'),(270,0,'en','core/acl/users','info.birth_day','Date of birth','2022-03-22 19:25:25','2022-03-22 19:26:05'),(271,0,'en','core/acl/users','info.job','Job Position','2022-03-22 19:25:25','2022-03-22 19:26:05'),(272,0,'en','core/acl/users','info.mobile_number','Mobile Number','2022-03-22 19:25:25','2022-03-22 19:26:05'),(273,0,'en','core/acl/users','info.second_mobile_number','Secondary Phone','2022-03-22 19:25:25','2022-03-22 19:26:05'),(274,0,'en','core/acl/users','info.interes','Interests','2022-03-22 19:25:25','2022-03-22 19:26:05'),(275,0,'en','core/acl/users','info.about','About','2022-03-22 19:25:25','2022-03-22 19:26:05'),(276,0,'en','core/acl/users','gender.title','Gender','2022-03-22 19:25:25','2022-03-22 19:26:05'),(277,0,'en','core/acl/users','gender.male','Male','2022-03-22 19:25:25','2022-03-22 19:26:05'),(278,0,'en','core/acl/users','gender.female','Female','2022-03-22 19:25:25','2022-03-22 19:26:05'),(279,0,'en','core/acl/users','total_users','Total users','2022-03-22 19:25:25','2022-03-22 19:26:05'),(280,0,'en','core/acl/users','statuses.activated','Activated','2022-03-22 19:25:25','2022-03-22 19:26:05'),(281,0,'en','core/acl/users','statuses.deactivated','Deactivated','2022-03-22 19:25:25','2022-03-22 19:26:05'),(282,0,'en','core/acl/users','make_super','Make super','2022-03-22 19:25:25','2022-03-22 19:26:05'),(283,0,'en','core/acl/users','remove_super','Remove super','2022-03-22 19:25:25','2022-03-22 19:26:05'),(284,0,'en','core/acl/users','is_super','Is super?','2022-03-22 19:25:25','2022-03-22 19:26:05'),(285,0,'en','core/acl/users','email_placeholder','Ex: example@gmail.com','2022-03-22 19:25:25','2022-03-22 19:26:05'),(286,0,'en','core/acl/users','password_confirmation','Re-type password','2022-03-22 19:25:25','2022-03-22 19:26:05'),(287,0,'en','core/acl/users','select_role','Select role','2022-03-22 19:25:25','2022-03-22 19:26:05'),(288,0,'en','core/acl/users','create_new_user','Create a new user','2022-03-22 19:25:25','2022-03-22 19:26:05'),(289,0,'en','core/acl/users','cannot_delete_super_user','Permission denied. Cannot delete a super user!','2022-03-22 19:25:25','2022-03-22 19:26:05'),(290,0,'en','core/acl/users','assigned_role','Assigned Role','2022-03-22 19:25:25','2022-03-22 19:26:05'),(291,0,'en','core/acl/users','no_role_assigned','No role assigned','2022-03-22 19:25:25','2022-03-22 19:26:05'),(292,0,'en','core/acl/users','view_user_profile','View user\'s profile','2022-03-22 19:25:25','2022-03-22 19:26:05'),(293,0,'vi','core/acl/auth','login.username','Tên truy cập','2022-03-22 19:25:25','2022-03-22 19:26:05'),(294,0,'vi','core/acl/auth','login.password','Mật khẩu','2022-03-22 19:25:25','2022-03-22 19:26:05'),(295,0,'vi','core/acl/auth','login.title','Đăng nhập vào quản trị','2022-03-22 19:25:25','2022-03-22 19:26:05'),(296,0,'vi','core/acl/auth','login.remember','Nhớ mật khẩu?','2022-03-22 19:25:25','2022-03-22 19:26:05'),(297,0,'vi','core/acl/auth','login.login','Đăng nhập','2022-03-22 19:25:25','2022-03-22 19:26:05'),(298,0,'vi','core/acl/auth','login.placeholder.username','Vui lòng nhập tên truy cập','2022-03-22 19:25:25','2022-03-22 19:26:05'),(299,0,'vi','core/acl/auth','login.placeholder.email','Vui lòng nhập email','2022-03-22 19:25:25','2022-03-22 19:26:05'),(300,0,'vi','core/acl/auth','login.success','Đăng nhập thành công!','2022-03-22 19:25:25','2022-03-22 19:26:05'),(301,0,'vi','core/acl/auth','login.fail','Sai tên truy cập hoặc mật khẩu.','2022-03-22 19:25:25','2022-03-22 19:26:05'),(302,0,'vi','core/acl/auth','login.not_active','Tài khoản của bạn chưa được kích hoạt!','2022-03-22 19:25:25','2022-03-22 19:26:05'),(303,0,'vi','core/acl/auth','login.banned','Tài khoản này đã bị khóa.','2022-03-22 19:25:25','2022-03-22 19:26:05'),(304,0,'vi','core/acl/auth','login.logout_success','Đăng xuất thành công!','2022-03-22 19:25:25','2022-03-22 19:26:05'),(305,0,'vi','core/acl/auth','login.dont_have_account','Bạn không có tài khoản trong hệ thống, vui lòng liên hệ quản trị viên!','2022-03-22 19:25:25','2022-03-22 19:26:05'),(306,0,'vi','core/acl/auth','login.email','Email','2022-03-22 19:25:25','2022-03-22 19:26:05'),(307,0,'vi','core/acl/auth','forgot_password.title','Quên mật khẩu','2022-03-22 19:25:25','2022-03-22 19:26:05'),(308,0,'vi','core/acl/auth','forgot_password.message','<p>Quên mật khẩu?</p><p>Vui lòng nhập email đăng nhập tài khoản của bạn để hệ thống gửi liên kết khôi phục mật khẩu.</p>','2022-03-22 19:25:25','2022-03-22 19:26:05'),(309,0,'vi','core/acl/auth','forgot_password.submit','Hoàn tất','2022-03-22 19:25:25','2022-03-22 19:26:05'),(310,0,'vi','core/acl/auth','reset.new_password','Mật khẩu mới','2022-03-22 19:25:25','2022-03-22 19:26:05'),(311,0,'vi','core/acl/auth','reset.title','Khôi phục mật khẩu','2022-03-22 19:25:25','2022-03-22 19:26:05'),(312,0,'vi','core/acl/auth','reset.update','Cập nhật','2022-03-22 19:25:25','2022-03-22 19:26:05'),(313,0,'vi','core/acl/auth','reset.wrong_token','Liên kết này không chính xác hoặc đã hết hiệu lực, vui lòng yêu cầu khôi phục mật khẩu lại!','2022-03-22 19:25:25','2022-03-22 19:26:05'),(314,0,'vi','core/acl/auth','reset.user_not_found','Tên đăng nhập không tồn tại.','2022-03-22 19:25:25','2022-03-22 19:26:05'),(315,0,'vi','core/acl/auth','reset.success','Khôi phục mật khẩu thành công!','2022-03-22 19:25:25','2022-03-22 19:26:05'),(316,0,'vi','core/acl/auth','reset.fail','Token không hợp lệ hoặc liên kết khôi phục mật khẩu đã hết thời gian hiệu lực!','2022-03-22 19:25:25','2022-03-22 19:26:05'),(317,0,'vi','core/acl/auth','reset.reset.title','Email khôi phục mật khẩu','2022-03-22 19:25:25','2022-03-22 19:26:05'),(318,0,'vi','core/acl/auth','reset.send.success','Một email khôi phục mật khẩu đã được gửi tới email của bạn, vui lòng kiểm tra và hoàn tất yêu cầu.','2022-03-22 19:25:25','2022-03-22 19:26:05'),(319,0,'vi','core/acl/auth','reset.send.fail','Không thể gửi email trong lúc này. Vui lòng thực hiện lại sau.','2022-03-22 19:25:25','2022-03-22 19:26:05'),(320,0,'vi','core/acl/auth','reset.new-password','Mật khẩu mới','2022-03-22 19:25:25','2022-03-22 19:26:05'),(321,0,'vi','core/acl/auth','reset.email','Email','2022-03-22 19:25:25','2022-03-22 19:26:05'),(322,0,'vi','core/acl/auth','email.reminder.title','Email khôi phục mật khẩu','2022-03-22 19:25:25','2022-03-22 19:26:05'),(323,0,'vi','core/acl/auth','failed','Không thành công','2022-03-22 19:25:25','2022-03-22 19:26:05'),(324,0,'vi','core/acl/auth','throttle','Throttle','2022-03-22 19:25:25','2022-03-22 19:26:05'),(325,0,'vi','core/acl/auth','back_to_login','Quay lại trang đăng nhập','2022-03-22 19:25:25','2022-03-22 19:26:05'),(326,0,'vi','core/acl/auth','login_title','Đăng nhập vào quản trị','2022-03-22 19:25:25','2022-03-22 19:26:05'),(327,0,'vi','core/acl/auth','login_via_social','Đăng nhập thông qua mạng xã hội','2022-03-22 19:25:25','2022-03-22 19:26:05'),(328,0,'vi','core/acl/auth','lost_your_password','Quên mật khẩu?','2022-03-22 19:25:25','2022-03-22 19:26:05'),(329,0,'vi','core/acl/auth','not_member','Chưa là thành viên?','2022-03-22 19:25:25','2022-03-22 19:26:05'),(330,0,'vi','core/acl/auth','register_now','Đăng ký ngay','2022-03-22 19:25:25','2022-03-22 19:26:05'),(331,0,'vi','core/acl/permissions','notices.role_in_use','Không thể xóa quyền người dùng này vì nó đang được sử dụng!','2022-03-22 19:25:25','2022-03-22 19:26:05'),(332,0,'vi','core/acl/permissions','notices.role_delete_belong_user','Không thể xóa quyền hạn này vì nó thuộc về người khác!','2022-03-22 19:25:25','2022-03-22 19:26:05'),(333,0,'vi','core/acl/permissions','notices.role_edit_belong_user','Bạn không được phép sửa quyền này vì nó thuộc về người khác','2022-03-22 19:25:25','2022-03-22 19:26:05'),(334,0,'vi','core/acl/permissions','notices.delete_global_role','Bạn không thể xóa quyền người dùng hệ thống!','2022-03-22 19:25:25','2022-03-22 19:26:05'),(335,0,'vi','core/acl/permissions','notices.delete_success','Quyền người dùng đã được xóa!','2022-03-22 19:25:25','2022-03-22 19:26:05'),(336,0,'vi','core/acl/permissions','notices.modified_success','Quyền người dùng đã được cập nhật thành công!','2022-03-22 19:25:25','2022-03-22 19:26:05'),(337,0,'vi','core/acl/permissions','notices.create_success','Quyền người dùng mới đã được tạo thành công!','2022-03-22 19:25:25','2022-03-22 19:26:05'),(338,0,'vi','core/acl/permissions','notices.duplicated_success','Quyền người dùng đã được sao chép thành công!','2022-03-22 19:25:25','2022-03-22 19:26:05'),(339,0,'vi','core/acl/permissions','notices.no_select','Hãy chọn ít nhất một quyền người dùng để thực hiện hành động này!','2022-03-22 19:25:25','2022-03-22 19:26:05'),(340,0,'vi','core/acl/permissions','notices.not_found','Không tìm thấy quyền người dùng này','2022-03-22 19:25:25','2022-03-22 19:26:05'),(341,0,'vi','core/acl/permissions','name','Tên','2022-03-22 19:25:25','2022-03-22 19:26:05'),(342,0,'vi','core/acl/permissions','current_role','Quyền hiện tại','2022-03-22 19:25:25','2022-03-22 19:26:05'),(343,0,'vi','core/acl/permissions','no_role_assigned','Không có quyền hạn nào','2022-03-22 19:25:25','2022-03-22 19:26:05'),(344,0,'vi','core/acl/permissions','role_assigned','Quyền đã được gán','2022-03-22 19:25:25','2022-03-22 19:26:05'),(345,0,'vi','core/acl/permissions','create_role','Tạo quyền mới','2022-03-22 19:25:25','2022-03-22 19:26:05'),(346,0,'vi','core/acl/permissions','role_name','Tên','2022-03-22 19:25:25','2022-03-22 19:26:05'),(347,0,'vi','core/acl/permissions','role_description','Mô tả','2022-03-22 19:25:25','2022-03-22 19:26:05'),(348,0,'vi','core/acl/permissions','permission_flags','Cờ đánh dấu quyền hạn','2022-03-22 19:25:25','2022-03-22 19:26:05'),(349,0,'vi','core/acl/permissions','cancel','Hủy bỏ','2022-03-22 19:25:25','2022-03-22 19:26:05'),(350,0,'vi','core/acl/permissions','reset','Làm lại','2022-03-22 19:25:25','2022-03-22 19:26:05'),(351,0,'vi','core/acl/permissions','save','Lưu','2022-03-22 19:25:25','2022-03-22 19:26:05'),(352,0,'vi','core/acl/permissions','global_role_msg','Đây là một phân quyền toàn cục và không thể thay đổi.  Bạn có thể sử dụng nút \"Nhân bản\" để tạo một bản sao chép cho phân quyền này và chỉnh sửa.','2022-03-22 19:25:25','2022-03-22 19:26:05'),(353,0,'vi','core/acl/permissions','details','Chi tiết','2022-03-22 19:25:25','2022-03-22 19:26:05'),(354,0,'vi','core/acl/permissions','duplicate','Nhân bản','2022-03-22 19:25:25','2022-03-22 19:26:05'),(355,0,'vi','core/acl/permissions','all','Tất cả phân quyền','2022-03-22 19:25:25','2022-03-22 19:26:05'),(356,0,'vi','core/acl/permissions','list_role','Danh sách quyền','2022-03-22 19:25:25','2022-03-22 19:26:05'),(357,0,'vi','core/acl/permissions','created_on','Ngày tạo','2022-03-22 19:25:25','2022-03-22 19:26:05'),(358,0,'vi','core/acl/permissions','created_by','Được tạo bởi','2022-03-22 19:25:25','2022-03-22 19:26:05'),(359,0,'vi','core/acl/permissions','actions','Tác vụ','2022-03-22 19:25:25','2022-03-22 19:26:05'),(360,0,'vi','core/acl/permissions','create_success','Tạo thành công!','2022-03-22 19:25:25','2022-03-22 19:26:05'),(361,0,'vi','core/acl/permissions','delete_global_role','Không thể xóa quyền hệ thống','2022-03-22 19:25:25','2022-03-22 19:26:05'),(362,0,'vi','core/acl/permissions','delete_success','Xóa quyền thành công','2022-03-22 19:25:25','2022-03-22 19:26:05'),(363,0,'vi','core/acl/permissions','duplicated_success','Nhân bản thành công','2022-03-22 19:25:25','2022-03-22 19:26:05'),(364,0,'vi','core/acl/permissions','modified_success','Sửa thành công','2022-03-22 19:25:25','2022-03-22 19:26:05'),(365,0,'vi','core/acl/permissions','no_select','Hãy chọn ít nhất một quyền để thực hiện hành động này!','2022-03-22 19:25:25','2022-03-22 19:26:05'),(366,0,'vi','core/acl/permissions','not_found','Không tìm thấy quyền thành viên nào!','2022-03-22 19:25:25','2022-03-22 19:26:05'),(367,0,'vi','core/acl/permissions','options','Tùy chọn','2022-03-22 19:25:25','2022-03-22 19:26:05'),(368,0,'vi','core/acl/permissions','role_delete_belong_user','Không thể xóa quyền hạn này vì nó thuộc về người khác!','2022-03-22 19:25:25','2022-03-22 19:26:05'),(369,0,'vi','core/acl/permissions','role_edit_belong_user','Bạn không được phép sửa quyền này vì nó thuộc về người khác','2022-03-22 19:25:25','2022-03-22 19:26:05'),(370,0,'vi','core/acl/permissions','role_in_use','Không thể xóa quyền người dùng này vì nó đang được sử dụng!','2022-03-22 19:25:25','2022-03-22 19:26:05'),(371,0,'vi','core/acl/permissions','access_denied_message','Bạn không có quyền sử dụng chức năng này!','2022-03-22 19:25:25','2022-03-22 19:26:05'),(372,0,'vi','core/acl/permissions','roles','Quyền','2022-03-22 19:25:25','2022-03-22 19:26:05'),(373,0,'vi','core/acl/permissions','role_permission','Nhóm và phân quyền','2022-03-22 19:25:25','2022-03-22 19:26:05'),(374,0,'vi','core/acl/permissions','user_management','Quản lý người dùng hệ thống','2022-03-22 19:25:25','2022-03-22 19:26:05'),(375,0,'vi','core/acl/permissions','super_user_management','Quản lý người dùng cấp cao','2022-03-22 19:25:25','2022-03-22 19:26:05'),(376,0,'vi','core/acl/reminders','password','Mật khẩu phải ít nhất 6 kí tự và trùng khớp với mật khẩu xác nhận.','2022-03-22 19:25:25','2022-03-22 19:26:05'),(377,0,'vi','core/acl/reminders','user','Hệ thống không thể tìm thấy tài khoản với email này.','2022-03-22 19:25:25','2022-03-22 19:26:05'),(378,0,'vi','core/acl/reminders','token','Mã khôi phục mật khẩu này không hợp lệ.','2022-03-22 19:25:25','2022-03-22 19:26:05'),(379,0,'vi','core/acl/reminders','sent','Liên kết khôi phục mật khẩu đã được gửi!','2022-03-22 19:25:25','2022-03-22 19:26:05'),(380,0,'vi','core/acl/reminders','reset','Mật khẩu đã được thay đổi!','2022-03-22 19:25:25','2022-03-22 19:26:05'),(381,0,'vi','core/acl/users','delete_user_logged_in','Không thể xóa người dùng đang đăng nhập hệ thống!','2022-03-22 19:25:25','2022-03-22 19:26:05'),(382,0,'vi','core/acl/users','no_select','Hãy chọn ít nhất một trường để thực hiện hành động này!','2022-03-22 19:25:25','2022-03-22 19:26:05'),(383,0,'vi','core/acl/users','lock_user_logged_in','Không thể khóa người dùng đang đăng nhập hệ thống!','2022-03-22 19:25:25','2022-03-22 19:26:05'),(384,0,'vi','core/acl/users','update_success','Cập nhật trạng thái thành công!','2022-03-22 19:25:25','2022-03-22 19:26:05'),(385,0,'vi','core/acl/users','save_setting_failed','Có lỗi xảy ra trong quá trình lưu cài đặt của người dùng','2022-03-22 19:25:25','2022-03-22 19:26:05'),(386,0,'vi','core/acl/users','not_found','Không tìm thấy người dùng','2022-03-22 19:25:25','2022-03-22 19:26:05'),(387,0,'vi','core/acl/users','email_exist','Email này đã được sử dụng bởi người dùng khác trong hệ thống','2022-03-22 19:25:25','2022-03-22 19:26:05'),(388,0,'vi','core/acl/users','username_exist','Tên đăng nhập này đã được sử dụng bởi người dùng khác trong hệ thống','2022-03-22 19:25:25','2022-03-22 19:26:05'),(389,0,'vi','core/acl/users','update_profile_success','Thông tin tài khoản của bạn đã được cập nhật thành công','2022-03-22 19:25:25','2022-03-22 19:26:05'),(390,0,'vi','core/acl/users','password_update_success','Cập nhật mật khẩu thành công','2022-03-22 19:25:25','2022-03-22 19:26:05'),(391,0,'vi','core/acl/users','current_password_not_valid','Mật khẩu hiện tại không chính xác','2022-03-22 19:25:25','2022-03-22 19:26:05'),(392,0,'vi','core/acl/users','user_exist_in','Người dùng đã là thành viên','2022-03-22 19:25:25','2022-03-22 19:26:05'),(393,0,'vi','core/acl/users','email','Email','2022-03-22 19:25:25','2022-03-22 19:26:05'),(394,0,'vi','core/acl/users','username','Tên đăng nhập','2022-03-22 19:25:25','2022-03-22 19:26:05'),(395,0,'vi','core/acl/users','role','Phân quyền','2022-03-22 19:25:25','2022-03-22 19:26:05'),(396,0,'vi','core/acl/users','first_name','Họ','2022-03-22 19:25:25','2022-03-22 19:26:05'),(397,0,'vi','core/acl/users','last_name','Tên','2022-03-22 19:25:25','2022-03-22 19:26:05'),(398,0,'vi','core/acl/users','message','Thông điệp','2022-03-22 19:25:25','2022-03-22 19:26:05'),(399,0,'vi','core/acl/users','cancel_btn','Hủy bỏ','2022-03-22 19:25:25','2022-03-22 19:26:05'),(400,0,'vi','core/acl/users','password','Mật khẩu','2022-03-22 19:25:25','2022-03-22 19:26:05'),(401,0,'vi','core/acl/users','new_password','Mật khẩu mới','2022-03-22 19:25:25','2022-03-22 19:26:05'),(402,0,'vi','core/acl/users','save','Lưu','2022-03-22 19:25:25','2022-03-22 19:26:05'),(403,0,'vi','core/acl/users','confirm_new_password','Xác nhận mật khẩu mới','2022-03-22 19:25:25','2022-03-22 19:26:05'),(404,0,'vi','core/acl/users','deleted','Xóa thành viên thành công','2022-03-22 19:25:25','2022-03-22 19:26:05'),(405,0,'vi','core/acl/users','cannot_delete','Không thể xóa thành viên','2022-03-22 19:25:25','2022-03-22 19:26:05'),(406,0,'vi','core/acl/users','last_login','Lần cuối đăng nhập','2022-03-22 19:25:25','2022-03-22 19:26:05'),(407,0,'vi','core/acl/users','error_update_profile_image','Có lỗi trong quá trình đổi ảnh đại diện','2022-03-22 19:25:25','2022-03-22 19:26:05'),(408,0,'vi','core/acl/users','email_reminder_template','<h3>Xin chào :name</h3><p>Hệ thống vừa nhận được yêu cầu khôi phục mật khẩu cho tài khoản của bạn, để hoàn tất tác vụ này vui lòng click vào đường link bên dưới.</p><p><a href=\":link\">Khôi phục mật khẩu</a></p><p>Nếu không phải bạn yêu cầu khôi phục mật khẩu, vui lòng bỏ qua email này.</p><p>Email này có giá trị trong vòng 60 phút kể từ lúc nhận được email.</p>','2022-03-22 19:25:25','2022-03-22 19:26:05'),(409,0,'vi','core/acl/users','change_profile_image','Thay đổi ảnh đại diện','2022-03-22 19:25:25','2022-03-22 19:26:05'),(410,0,'vi','core/acl/users','new_image','Ảnh mới','2022-03-22 19:25:25','2022-03-22 19:26:05'),(411,0,'vi','core/acl/users','loading','Đang tải','2022-03-22 19:25:25','2022-03-22 19:26:05'),(412,0,'vi','core/acl/users','close','Đóng','2022-03-22 19:25:25','2022-03-22 19:26:05'),(413,0,'vi','core/acl/users','update','Cập nhật','2022-03-22 19:25:25','2022-03-22 19:26:05'),(414,0,'vi','core/acl/users','read_image_failed','Không đọc được nội dung của hình ảnh','2022-03-22 19:25:25','2022-03-22 19:26:05'),(415,0,'vi','core/acl/users','update_avatar_success','Cập nhật ảnh đại diện thành công!','2022-03-22 19:25:25','2022-03-22 19:26:05'),(416,0,'vi','core/acl/users','users','Quản trị viên','2022-03-22 19:25:25','2022-03-22 19:26:05'),(417,0,'vi','core/acl/users','info.title','Thông tin người dùng','2022-03-22 19:25:25','2022-03-22 19:26:05'),(418,0,'vi','core/acl/users','info.first_name','Họ','2022-03-22 19:25:25','2022-03-22 19:26:05'),(419,0,'vi','core/acl/users','info.last_name','Tên','2022-03-22 19:25:25','2022-03-22 19:26:05'),(420,0,'vi','core/acl/users','info.email','Email','2022-03-22 19:25:25','2022-03-22 19:26:05'),(421,0,'vi','core/acl/users','info.second_email','Email dự phòng','2022-03-22 19:25:25','2022-03-22 19:26:05'),(422,0,'vi','core/acl/users','info.address','Địa chỉ','2022-03-22 19:25:25','2022-03-22 19:26:05'),(423,0,'vi','core/acl/users','info.second_address','Địa chỉ dự phòng','2022-03-22 19:25:25','2022-03-22 19:26:05'),(424,0,'vi','core/acl/users','info.birth_day','Ngày sinh','2022-03-22 19:25:25','2022-03-22 19:26:05'),(425,0,'vi','core/acl/users','info.job','Nghề nghiệp','2022-03-22 19:25:25','2022-03-22 19:26:05'),(426,0,'vi','core/acl/users','info.mobile_number','Số điện thoại di động','2022-03-22 19:25:25','2022-03-22 19:26:05'),(427,0,'vi','core/acl/users','info.second_mobile_number','Số điện thoại dự phòng','2022-03-22 19:25:25','2022-03-22 19:26:05'),(428,0,'vi','core/acl/users','info.interes','Sở thích','2022-03-22 19:25:25','2022-03-22 19:26:05'),(429,0,'vi','core/acl/users','info.about','Giới thiệu','2022-03-22 19:25:25','2022-03-22 19:26:05'),(430,0,'vi','core/acl/users','gender.title','Giới tính','2022-03-22 19:25:25','2022-03-22 19:26:05'),(431,0,'vi','core/acl/users','gender.male','nam','2022-03-22 19:25:25','2022-03-22 19:26:05'),(432,0,'vi','core/acl/users','gender.female','nữ','2022-03-22 19:25:25','2022-03-22 19:26:05'),(433,0,'vi','core/acl/users','change_password','Thay đổi mật khẩu','2022-03-22 19:25:25','2022-03-22 19:26:05'),(434,0,'vi','core/acl/users','current_password','Mật khẩu hiện tại','2022-03-22 19:25:25','2022-03-22 19:26:05'),(435,0,'en','core/base/base','yes','Yes','2022-03-22 19:25:25','2022-03-22 19:26:05'),(436,0,'en','core/base/base','no','No','2022-03-22 19:25:25','2022-03-22 19:26:05'),(437,0,'en','core/base/base','is_default','Is default?','2022-03-22 19:25:25','2022-03-22 19:26:05'),(438,0,'en','core/base/base','proc_close_disabled_error','Function proc_close() is disabled. Please contact your hosting provider to enable\n    it. Or you can add to .env: CAN_EXECUTE_COMMAND=false to disable this feature.','2022-03-22 19:25:25','2022-03-22 19:26:05'),(439,0,'en','core/base/base','email_template.header','Email template header','2022-03-22 19:25:25','2022-03-22 19:26:05'),(440,0,'en','core/base/base','email_template.footer','Email template footer','2022-03-22 19:25:25','2022-03-22 19:26:05'),(441,0,'en','core/base/base','email_template.site_title','Site title','2022-03-22 19:25:25','2022-03-22 19:26:05'),(442,0,'en','core/base/base','email_template.site_url','Site URL','2022-03-22 19:25:25','2022-03-22 19:26:05'),(443,0,'en','core/base/base','email_template.site_logo','Site Logo','2022-03-22 19:25:25','2022-03-22 19:26:05'),(444,0,'en','core/base/base','email_template.date_time','Current date time','2022-03-22 19:25:25','2022-03-22 19:26:05'),(445,0,'en','core/base/base','email_template.date_year','Current year','2022-03-22 19:25:25','2022-03-22 19:26:05'),(446,0,'en','core/base/base','email_template.site_admin_email','Site admin email','2022-03-22 19:25:25','2022-03-22 19:26:05'),(447,0,'en','core/base/base','change_image','Change image','2022-03-22 19:25:25','2022-03-22 19:26:05'),(448,0,'en','core/base/base','delete_image','Delete image','2022-03-22 19:25:25','2022-03-22 19:26:05'),(449,0,'en','core/base/base','preview_image','Preview image','2022-03-22 19:25:25','2022-03-22 19:26:05'),(450,0,'en','core/base/base','image','Image','2022-03-22 19:25:25','2022-03-22 19:26:05'),(451,0,'en','core/base/base','using_button','Using button','2022-03-22 19:25:25','2022-03-22 19:26:05'),(452,0,'en','core/base/base','select_image','Select image','2022-03-22 19:25:25','2022-03-22 19:26:05'),(453,0,'en','core/base/base','to_add_more_image','to add more images','2022-03-22 19:25:25','2022-03-22 19:26:05'),(454,0,'en','core/base/base','add_image','Add image','2022-03-22 19:25:25','2022-03-22 19:26:05'),(455,0,'en','core/base/base','tools','Tools','2022-03-22 19:25:25','2022-03-22 19:26:05'),(456,0,'en','core/base/cache','cache_management','Cache management','2022-03-22 19:25:25','2022-03-22 19:26:05'),(457,0,'en','core/base/cache','cache_commands','Clear cache commands','2022-03-22 19:25:25','2022-03-22 19:26:05'),(458,0,'en','core/base/cache','commands.clear_cms_cache.title','Clear all CMS cache','2022-03-22 19:25:25','2022-03-22 19:26:05'),(459,0,'en','core/base/cache','commands.clear_cms_cache.description','Clear CMS caching: database caching, static blocks... Run this command when you don\'t see the changes after updating data.','2022-03-22 19:25:25','2022-03-22 19:26:05'),(460,0,'en','core/base/cache','commands.clear_cms_cache.success_msg','Cache cleaned','2022-03-22 19:25:25','2022-03-22 19:26:05'),(461,0,'en','core/base/cache','commands.refresh_compiled_views.title','Refresh compiled views','2022-03-22 19:25:25','2022-03-22 19:26:05'),(462,0,'en','core/base/cache','commands.refresh_compiled_views.description','Clear compiled views to make views up to date.','2022-03-22 19:25:25','2022-03-22 19:26:05'),(463,0,'en','core/base/cache','commands.refresh_compiled_views.success_msg','Cache view refreshed','2022-03-22 19:25:25','2022-03-22 19:26:05'),(464,0,'en','core/base/cache','commands.clear_config_cache.title','Clear config cache','2022-03-22 19:25:25','2022-03-22 19:26:05'),(465,0,'en','core/base/cache','commands.clear_config_cache.description','You might need to refresh the config caching when you change something on production environment.','2022-03-22 19:25:25','2022-03-22 19:26:05'),(466,0,'en','core/base/cache','commands.clear_config_cache.success_msg','Config cache cleaned','2022-03-22 19:25:25','2022-03-22 19:26:05'),(467,0,'en','core/base/cache','commands.clear_route_cache.title','Clear route cache','2022-03-22 19:25:25','2022-03-22 19:26:05'),(468,0,'en','core/base/cache','commands.clear_route_cache.description','Clear cache routing.','2022-03-22 19:25:25','2022-03-22 19:26:05'),(469,0,'en','core/base/cache','commands.clear_route_cache.success_msg','The route cache has been cleaned','2022-03-22 19:25:25','2022-03-22 19:26:05'),(470,0,'en','core/base/cache','commands.clear_log.title','Clear log','2022-03-22 19:25:25','2022-03-22 19:26:05'),(471,0,'en','core/base/cache','commands.clear_log.description','Clear system log files','2022-03-22 19:25:25','2022-03-22 19:26:05'),(472,0,'en','core/base/cache','commands.clear_log.success_msg','The system log has been cleaned','2022-03-22 19:25:25','2022-03-22 19:26:05'),(473,0,'en','core/base/enums','statuses.draft','Draft','2022-03-22 19:25:25','2022-03-22 19:26:05'),(474,0,'en','core/base/enums','statuses.pending','Pending','2022-03-22 19:25:25','2022-03-22 19:26:05'),(475,0,'en','core/base/enums','statuses.published','Published','2022-03-22 19:25:25','2022-03-22 19:26:05'),(476,0,'en','core/base/errors','401_title','Permission Denied','2022-03-22 19:25:25','2022-03-22 19:26:05'),(477,0,'en','core/base/errors','401_msg','<li>You have not been granted access to the section by the administrator.</li>\n	                <li>You may have the wrong account type.</li>\n	                <li>You are not authorized to view the requested resource.</li>\n	                <li>Your subscription may have expired.</li>','2022-03-22 19:25:25','2022-03-22 19:26:05'),(478,0,'en','core/base/errors','404_title','Page could not be found','2022-03-22 19:25:25','2022-03-22 19:26:05'),(479,0,'en','core/base/errors','404_msg','<li>The page you requested does not exist.</li>\n	                <li>The link you clicked is no longer.</li>\n	                <li>The page may have moved to a new location.</li>\n	                <li>An error may have occurred.</li>\n	                <li>You are not authorized to view the requested resource.</li>','2022-03-22 19:25:25','2022-03-22 19:26:05'),(480,0,'en','core/base/errors','500_title','Page could not be loaded','2022-03-22 19:25:25','2022-03-22 19:26:05'),(481,0,'en','core/base/errors','500_msg','<li>The page you requested does not exist.</li>\n	                <li>The link you clicked is no longer.</li>\n	                <li>The page may have moved to a new location.</li>\n	                <li>An error may have occurred.</li>\n	                <li>You are not authorized to view the requested resource.</li>','2022-03-22 19:25:25','2022-03-22 19:26:05'),(482,0,'en','core/base/errors','reasons','This may have occurred because of several reasons','2022-03-22 19:25:25','2022-03-22 19:26:05'),(483,0,'en','core/base/errors','try_again','Please try again in a few minutes, or alternatively return to the homepage by <a href=\"http://martfury.test/admin\">clicking here</a>.','2022-03-22 19:25:25','2022-03-22 19:26:05'),(484,0,'en','core/base/errors','not_found','Not Found','2022-03-22 19:25:25','2022-03-22 19:26:05'),(485,0,'en','core/base/forms','choose_image','Choose image','2022-03-22 19:25:25','2022-03-22 19:26:05'),(486,0,'en','core/base/forms','actions','Actions','2022-03-22 19:25:25','2022-03-22 19:26:05'),(487,0,'en','core/base/forms','save','Save','2022-03-22 19:25:25','2022-03-22 19:26:05'),(488,0,'en','core/base/forms','save_and_continue','Save & Edit','2022-03-22 19:25:25','2022-03-22 19:26:05'),(489,0,'en','core/base/forms','image','Image','2022-03-22 19:25:25','2022-03-22 19:26:05'),(490,0,'en','core/base/forms','image_placeholder','Insert path of image or click upload button','2022-03-22 19:25:25','2022-03-22 19:26:05'),(491,0,'en','core/base/forms','create','Create','2022-03-22 19:25:25','2022-03-22 19:26:05'),(492,0,'en','core/base/forms','edit','Edit','2022-03-22 19:25:25','2022-03-22 19:26:05'),(493,0,'en','core/base/forms','permalink','Permalink','2022-03-22 19:25:25','2022-03-22 19:26:05'),(494,0,'en','core/base/forms','ok','OK','2022-03-22 19:25:25','2022-03-22 19:26:05'),(495,0,'en','core/base/forms','cancel','Cancel','2022-03-22 19:25:25','2022-03-22 19:26:05'),(496,0,'en','core/base/forms','character_remain','character(s) remain','2022-03-22 19:25:25','2022-03-22 19:26:05'),(497,0,'en','core/base/forms','template','Template','2022-03-22 19:25:25','2022-03-22 19:26:05'),(498,0,'en','core/base/forms','choose_file','Choose file','2022-03-22 19:25:25','2022-03-22 19:26:05'),(499,0,'en','core/base/forms','file','File','2022-03-22 19:25:25','2022-03-22 19:26:05'),(500,0,'en','core/base/forms','content','Content','2022-03-22 19:25:25','2022-03-22 19:26:05'),(501,0,'en','core/base/forms','description','Description','2022-03-22 19:25:25','2022-03-22 19:26:05'),(502,0,'en','core/base/forms','name','Name','2022-03-22 19:25:25','2022-03-22 19:26:05'),(503,0,'en','core/base/forms','slug','Slug','2022-03-22 19:25:25','2022-03-22 19:26:05'),(504,0,'en','core/base/forms','title','Title','2022-03-22 19:25:25','2022-03-22 19:26:05'),(505,0,'en','core/base/forms','value','Value','2022-03-22 19:25:25','2022-03-22 19:26:05'),(506,0,'en','core/base/forms','name_placeholder','Name','2022-03-22 19:25:26','2022-03-22 19:26:05'),(507,0,'en','core/base/forms','alias_placeholder','Alias','2022-03-22 19:25:26','2022-03-22 19:26:05'),(508,0,'en','core/base/forms','description_placeholder','Short description','2022-03-22 19:25:26','2022-03-22 19:26:05'),(509,0,'en','core/base/forms','parent','Parent','2022-03-22 19:25:26','2022-03-22 19:26:05'),(510,0,'en','core/base/forms','icon','Icon','2022-03-22 19:25:26','2022-03-22 19:26:05'),(511,0,'en','core/base/forms','icon_placeholder','Ex: fa fa-home','2022-03-22 19:25:26','2022-03-22 19:26:05'),(512,0,'en','core/base/forms','order_by','Order by','2022-03-22 19:25:26','2022-03-22 19:26:05'),(513,0,'en','core/base/forms','order_by_placeholder','Order by','2022-03-22 19:25:26','2022-03-22 19:26:05'),(514,0,'en','core/base/forms','is_featured','Is featured?','2022-03-22 19:25:26','2022-03-22 19:26:05'),(515,0,'en','core/base/forms','is_default','Is default?','2022-03-22 19:25:26','2022-03-22 19:26:05'),(516,0,'en','core/base/forms','update','Update','2022-03-22 19:25:26','2022-03-22 19:26:05'),(517,0,'en','core/base/forms','publish','Publish','2022-03-22 19:25:26','2022-03-22 19:26:05'),(518,0,'en','core/base/forms','remove_image','Remove image','2022-03-22 19:25:26','2022-03-22 19:26:05'),(519,0,'en','core/base/forms','remove_file','Remove file','2022-03-22 19:25:26','2022-03-22 19:26:05'),(520,0,'en','core/base/forms','order','Order','2022-03-22 19:25:26','2022-03-22 19:26:05'),(521,0,'en','core/base/forms','alias','Alias','2022-03-22 19:25:26','2022-03-22 19:26:05'),(522,0,'en','core/base/forms','basic_information','Basic information','2022-03-22 19:25:26','2022-03-22 19:26:05'),(523,0,'en','core/base/forms','short_code','Shortcode','2022-03-22 19:25:26','2022-03-22 19:26:05'),(524,0,'en','core/base/forms','add_short_code','Add a shortcode','2022-03-22 19:25:26','2022-03-22 19:26:05'),(525,0,'en','core/base/forms','add','Add','2022-03-22 19:25:26','2022-03-22 19:26:05'),(526,0,'en','core/base/forms','link','Link','2022-03-22 19:25:26','2022-03-22 19:26:05'),(527,0,'en','core/base/forms','show_hide_editor','Show/Hide Editor','2022-03-22 19:25:26','2022-03-22 19:26:05'),(528,0,'en','core/base/forms','basic_info_title','Basic information','2022-03-22 19:25:26','2022-03-22 19:26:05'),(529,0,'en','core/base/forms','expand_all','Expand all','2022-03-22 19:25:26','2022-03-22 19:26:05'),(530,0,'en','core/base/forms','collapse_all','Collapse all','2022-03-22 19:25:26','2022-03-22 19:26:05'),(531,0,'en','core/base/forms','view_new_tab','Open in new tab','2022-03-22 19:25:26','2022-03-22 19:26:05'),(532,0,'en','core/base/layouts','platform_admin','Platform Administration','2022-03-22 19:25:26','2022-03-22 19:26:05'),(533,0,'en','core/base/layouts','dashboard','Dashboard','2022-03-22 19:25:26','2022-03-22 19:26:05'),(534,0,'en','core/base/layouts','widgets','Widgets','2022-03-22 19:25:26','2022-03-22 19:26:05'),(535,0,'en','core/base/layouts','plugins','Plugins','2022-03-22 19:25:26','2022-03-22 19:26:05'),(536,0,'en','core/base/layouts','settings','Settings','2022-03-22 19:25:26','2022-03-22 19:26:05'),(537,0,'en','core/base/layouts','setting_general','General','2022-03-22 19:25:26','2022-03-22 19:26:05'),(538,0,'en','core/base/layouts','setting_email','Email','2022-03-22 19:25:26','2022-03-22 19:26:05'),(539,0,'en','core/base/layouts','system_information','System information','2022-03-22 19:25:26','2022-03-22 19:26:05'),(540,0,'en','core/base/layouts','theme','Theme','2022-03-22 19:25:26','2022-03-22 19:26:05'),(541,0,'en','core/base/layouts','copyright','Copyright :year &copy; :company. Version: <span>:version</span>','2022-03-22 19:25:26','2022-03-22 19:26:05'),(542,0,'en','core/base/layouts','profile','Profile','2022-03-22 19:25:26','2022-03-22 19:26:05'),(543,0,'en','core/base/layouts','logout','Logout','2022-03-22 19:25:26','2022-03-22 19:26:05'),(544,0,'en','core/base/layouts','no_search_result','No results found, please try with different keywords.','2022-03-22 19:25:26','2022-03-22 19:26:05'),(545,0,'en','core/base/layouts','home','Home','2022-03-22 19:25:26','2022-03-22 19:26:05'),(546,0,'en','core/base/layouts','search','Search','2022-03-22 19:25:26','2022-03-22 19:26:05'),(547,0,'en','core/base/layouts','add_new','Add new','2022-03-22 19:25:26','2022-03-22 19:26:05'),(548,0,'en','core/base/layouts','n_a','N/A','2022-03-22 19:25:26','2022-03-22 19:26:05'),(549,0,'en','core/base/layouts','page_loaded_time','Page loaded in','2022-03-22 19:25:26','2022-03-22 19:26:05'),(550,0,'en','core/base/layouts','view_website','View website','2022-03-22 19:25:26','2022-03-22 19:26:05'),(551,0,'en','core/base/mail','send-fail','Send email failed','2022-03-22 19:25:26','2022-03-22 19:26:05'),(552,0,'en','core/base/notices','create_success_message','Created successfully','2022-03-22 19:25:26','2022-03-22 19:26:05'),(553,0,'en','core/base/notices','update_success_message','Updated successfully','2022-03-22 19:25:26','2022-03-22 19:26:05'),(554,0,'en','core/base/notices','delete_success_message','Deleted successfully','2022-03-22 19:25:26','2022-03-22 19:26:05'),(555,0,'en','core/base/notices','success_header','Success!','2022-03-22 19:25:26','2022-03-22 19:26:05'),(556,0,'en','core/base/notices','error_header','Error!','2022-03-22 19:25:26','2022-03-22 19:26:05'),(557,0,'en','core/base/notices','no_select','Please select at least one record to perform this action!','2022-03-22 19:25:26','2022-03-22 19:26:05'),(558,0,'en','core/base/notices','processing_request','We are processing your request.','2022-03-22 19:25:26','2022-03-22 19:26:05'),(559,0,'en','core/base/notices','error','Error!','2022-03-22 19:25:26','2022-03-22 19:26:05'),(560,0,'en','core/base/notices','success','Success!','2022-03-22 19:25:26','2022-03-22 19:26:05'),(561,0,'en','core/base/notices','info','Info!','2022-03-22 19:25:26','2022-03-22 19:26:05'),(562,0,'en','core/base/notices','enum.validate_message','The :attribute value you have entered is invalid.','2022-03-22 19:25:26','2022-03-22 19:26:05'),(563,0,'en','core/base/system','no_select','Please select at least one record to take this action!','2022-03-22 19:25:26','2022-03-22 19:26:05'),(564,0,'en','core/base/system','cannot_find_user','Unable to find specified user','2022-03-22 19:25:26','2022-03-22 19:26:05'),(565,0,'en','core/base/system','supper_revoked','Super user access revoked','2022-03-22 19:25:26','2022-03-22 19:26:05'),(566,0,'en','core/base/system','cannot_revoke_yourself','Can not revoke supper user access permission yourself!','2022-03-22 19:25:26','2022-03-22 19:26:05'),(567,0,'en','core/base/system','cant_remove_supper','You don\'t has permission to remove this super user','2022-03-22 19:25:26','2022-03-22 19:26:05'),(568,0,'en','core/base/system','cant_find_user_with_email','Unable to find user with specified email address','2022-03-22 19:25:26','2022-03-22 19:26:05'),(569,0,'en','core/base/system','supper_granted','Super user access granted','2022-03-22 19:25:26','2022-03-22 19:26:05'),(570,0,'en','core/base/system','delete_log_success','Delete log file successfully!','2022-03-22 19:25:26','2022-03-22 19:26:05'),(571,0,'en','core/base/system','get_member_success','Member list retrieved successfully','2022-03-22 19:25:26','2022-03-22 19:26:05'),(572,0,'en','core/base/system','error_occur','The following errors occurred','2022-03-22 19:25:26','2022-03-22 19:26:05'),(573,0,'en','core/base/system','user_management','User Management','2022-03-22 19:25:26','2022-03-22 19:26:05'),(574,0,'en','core/base/system','user_management_description','Manage users.','2022-03-22 19:25:26','2022-03-22 19:26:05'),(575,0,'en','core/base/system','role_and_permission','Roles and Permissions','2022-03-22 19:25:26','2022-03-22 19:26:05'),(576,0,'en','core/base/system','role_and_permission_description','Manage the available roles.','2022-03-22 19:25:26','2022-03-22 19:26:05'),(577,0,'en','core/base/system','user.list_super','List Super Users','2022-03-22 19:25:26','2022-03-22 19:26:05'),(578,0,'en','core/base/system','user.email','Email','2022-03-22 19:25:26','2022-03-22 19:26:05'),(579,0,'en','core/base/system','user.last_login','Last Login','2022-03-22 19:25:26','2022-03-22 19:26:05'),(580,0,'en','core/base/system','user.username','Username','2022-03-22 19:25:26','2022-03-22 19:26:05'),(581,0,'en','core/base/system','user.add_user','Add Super User','2022-03-22 19:25:26','2022-03-22 19:26:05'),(582,0,'en','core/base/system','user.cancel','Cancel','2022-03-22 19:25:26','2022-03-22 19:26:05'),(583,0,'en','core/base/system','user.create','Create','2022-03-22 19:25:26','2022-03-22 19:26:05'),(584,0,'en','core/base/system','options.features','Feature Access Control','2022-03-22 19:25:26','2022-03-22 19:26:05'),(585,0,'en','core/base/system','options.feature_description','Manage the available.','2022-03-22 19:25:26','2022-03-22 19:26:05'),(586,0,'en','core/base/system','options.manage_super','Super User Management','2022-03-22 19:25:26','2022-03-22 19:26:05'),(587,0,'en','core/base/system','options.manage_super_description','Add/remove super users.','2022-03-22 19:25:26','2022-03-22 19:26:05'),(588,0,'en','core/base/system','options.info','System information','2022-03-22 19:25:26','2022-03-22 19:26:05'),(589,0,'en','core/base/system','options.info_description','All information about current system configuration.','2022-03-22 19:25:26','2022-03-22 19:26:05'),(590,0,'en','core/base/system','info.title','System information','2022-03-22 19:25:26','2022-03-22 19:26:05'),(591,0,'en','core/base/system','info.cache','Cache','2022-03-22 19:25:26','2022-03-22 19:26:05'),(592,0,'en','core/base/system','info.locale','Active locale','2022-03-22 19:25:26','2022-03-22 19:26:05'),(593,0,'en','core/base/system','info.environment','Environment','2022-03-22 19:25:26','2022-03-22 19:26:05'),(594,0,'en','core/base/system','disabled_in_demo_mode','You cannot do it in demo mode!','2022-03-22 19:25:26','2022-03-22 19:26:05'),(595,0,'en','core/base/system','report_description','Please share this information for troubleshooting','2022-03-22 19:25:26','2022-03-22 19:26:05'),(596,0,'en','core/base/system','get_system_report','Get System Report','2022-03-22 19:25:26','2022-03-22 19:26:05'),(597,0,'en','core/base/system','system_environment','System Environment','2022-03-22 19:25:26','2022-03-22 19:26:05'),(598,0,'en','core/base/system','framework_version','Framework Version','2022-03-22 19:25:26','2022-03-22 19:26:05'),(599,0,'en','core/base/system','timezone','Timezone','2022-03-22 19:25:26','2022-03-22 19:26:05'),(600,0,'en','core/base/system','debug_mode','Debug Mode','2022-03-22 19:25:26','2022-03-22 19:26:05'),(601,0,'en','core/base/system','storage_dir_writable','Storage Dir Writable','2022-03-22 19:25:26','2022-03-22 19:26:05'),(602,0,'en','core/base/system','cache_dir_writable','Cache Dir Writable','2022-03-22 19:25:26','2022-03-22 19:26:05'),(603,0,'en','core/base/system','app_size','App Size','2022-03-22 19:25:26','2022-03-22 19:26:05'),(604,0,'en','core/base/system','server_environment','Server Environment','2022-03-22 19:25:26','2022-03-22 19:26:05'),(605,0,'en','core/base/system','php_version','PHP Version','2022-03-22 19:25:26','2022-03-22 19:26:05'),(606,0,'en','core/base/system','php_version_error','PHP must be >= :version','2022-03-22 19:25:26','2022-03-22 19:26:05'),(607,0,'en','core/base/system','server_software','Server Software','2022-03-22 19:25:26','2022-03-22 19:26:05'),(608,0,'en','core/base/system','server_os','Server OS','2022-03-22 19:25:26','2022-03-22 19:26:05'),(609,0,'en','core/base/system','database','Database','2022-03-22 19:25:26','2022-03-22 19:26:05'),(610,0,'en','core/base/system','ssl_installed','SSL Installed','2022-03-22 19:25:26','2022-03-22 19:26:05'),(611,0,'en','core/base/system','cache_driver','Cache Driver','2022-03-22 19:25:26','2022-03-22 19:26:05'),(612,0,'en','core/base/system','session_driver','Session Driver','2022-03-22 19:25:26','2022-03-22 19:26:05'),(613,0,'en','core/base/system','queue_connection','Queue Connection','2022-03-22 19:25:26','2022-03-22 19:26:05'),(614,0,'en','core/base/system','mbstring_ext','Mbstring Ext','2022-03-22 19:25:26','2022-03-22 19:26:05'),(615,0,'en','core/base/system','openssl_ext','OpenSSL Ext','2022-03-22 19:25:26','2022-03-22 19:26:05'),(616,0,'en','core/base/system','pdo_ext','PDO Ext','2022-03-22 19:25:26','2022-03-22 19:26:05'),(617,0,'en','core/base/system','curl_ext','CURL Ext','2022-03-22 19:25:26','2022-03-22 19:26:05'),(618,0,'en','core/base/system','exif_ext','Exif Ext','2022-03-22 19:25:26','2022-03-22 19:26:05'),(619,0,'en','core/base/system','file_info_ext','File info Ext','2022-03-22 19:25:26','2022-03-22 19:26:05'),(620,0,'en','core/base/system','tokenizer_ext','Tokenizer Ext','2022-03-22 19:25:26','2022-03-22 19:26:05'),(621,0,'en','core/base/system','extra_stats','Extra Stats','2022-03-22 19:25:26','2022-03-22 19:26:05'),(622,0,'en','core/base/system','installed_packages','Installed packages and their version numbers','2022-03-22 19:25:26','2022-03-22 19:26:05'),(623,0,'en','core/base/system','extra_information','Extra Information','2022-03-22 19:25:26','2022-03-22 19:26:05'),(624,0,'en','core/base/system','copy_report','Copy Report','2022-03-22 19:25:26','2022-03-22 19:26:05'),(625,0,'en','core/base/system','package_name','Package Name','2022-03-22 19:25:26','2022-03-22 19:26:05'),(626,0,'en','core/base/system','dependency_name','Dependency Name','2022-03-22 19:25:26','2022-03-22 19:26:05'),(627,0,'en','core/base/system','version','Version','2022-03-22 19:25:26','2022-03-22 19:26:05'),(628,0,'en','core/base/system','cms_version','CMS Version','2022-03-22 19:25:26','2022-03-22 19:26:05'),(629,0,'en','core/base/system','imagick_or_gd_ext','Imagick/GD Ext','2022-03-22 19:25:26','2022-03-22 19:26:05'),(630,0,'en','core/base/system','updater','System Updater','2022-03-22 19:25:26','2022-03-22 19:26:05'),(631,0,'en','core/base/system','zip','Zip Ext','2022-03-22 19:25:26','2022-03-22 19:26:05'),(632,0,'en','core/base/tables','id','ID','2022-03-22 19:25:26','2022-03-22 19:26:05'),(633,0,'en','core/base/tables','name','Name','2022-03-22 19:25:26','2022-03-22 19:26:05'),(634,0,'en','core/base/tables','slug','Slug','2022-03-22 19:25:26','2022-03-22 19:26:05'),(635,0,'en','core/base/tables','title','Title','2022-03-22 19:25:26','2022-03-22 19:26:05'),(636,0,'en','core/base/tables','order_by','Order By','2022-03-22 19:25:26','2022-03-22 19:26:05'),(637,0,'en','core/base/tables','order','Order','2022-03-22 19:25:26','2022-03-22 19:26:05'),(638,0,'en','core/base/tables','status','Status','2022-03-22 19:25:26','2022-03-22 19:26:05'),(639,0,'en','core/base/tables','created_at','Created At','2022-03-22 19:25:26','2022-03-22 19:26:05'),(640,0,'en','core/base/tables','updated_at','Updated At','2022-03-22 19:25:26','2022-03-22 19:26:05'),(641,0,'en','core/base/tables','description','Description','2022-03-22 19:25:26','2022-03-22 19:26:05'),(642,0,'en','core/base/tables','operations','Operations','2022-03-22 19:25:26','2022-03-22 19:26:05'),(643,0,'en','core/base/tables','url','URL','2022-03-22 19:25:26','2022-03-22 19:26:05'),(644,0,'en','core/base/tables','author','Author','2022-03-22 19:25:26','2022-03-22 19:26:05'),(645,0,'en','core/base/tables','notes','Notes','2022-03-22 19:25:26','2022-03-22 19:26:05'),(646,0,'en','core/base/tables','column','Column','2022-03-22 19:25:26','2022-03-22 19:26:05'),(647,0,'en','core/base/tables','origin','Origin','2022-03-22 19:25:26','2022-03-22 19:26:05'),(648,0,'en','core/base/tables','after_change','After changes','2022-03-22 19:25:26','2022-03-22 19:26:05'),(649,0,'en','core/base/tables','views','Views','2022-03-22 19:25:26','2022-03-22 19:26:05'),(650,0,'en','core/base/tables','browser','Browser','2022-03-22 19:25:26','2022-03-22 19:26:05'),(651,0,'en','core/base/tables','session','Session','2022-03-22 19:25:26','2022-03-22 19:26:05'),(652,0,'en','core/base/tables','activated','activated','2022-03-22 19:25:26','2022-03-22 19:26:05'),(653,0,'en','core/base/tables','deactivated','deactivated','2022-03-22 19:25:26','2022-03-22 19:26:05'),(654,0,'en','core/base/tables','is_featured','Is featured','2022-03-22 19:25:26','2022-03-22 19:26:05'),(655,0,'en','core/base/tables','edit','Edit','2022-03-22 19:25:26','2022-03-22 19:26:05'),(656,0,'en','core/base/tables','delete','Delete','2022-03-22 19:25:26','2022-03-22 19:26:05'),(657,0,'en','core/base/tables','restore','Restore','2022-03-22 19:25:26','2022-03-22 19:26:05'),(658,0,'en','core/base/tables','activate','Activate','2022-03-22 19:25:26','2022-03-22 19:26:05'),(659,0,'en','core/base/tables','deactivate','Deactivate','2022-03-22 19:25:26','2022-03-22 19:26:05'),(660,0,'en','core/base/tables','excel','Excel','2022-03-22 19:25:26','2022-03-22 19:26:05'),(661,0,'en','core/base/tables','export','Export','2022-03-22 19:25:26','2022-03-22 19:26:05'),(662,0,'en','core/base/tables','csv','CSV','2022-03-22 19:25:26','2022-03-22 19:26:05'),(663,0,'en','core/base/tables','pdf','PDF','2022-03-22 19:25:26','2022-03-22 19:26:05'),(664,0,'en','core/base/tables','print','Print','2022-03-22 19:25:26','2022-03-22 19:26:05'),(665,0,'en','core/base/tables','reset','Reset','2022-03-22 19:25:26','2022-03-22 19:26:05'),(666,0,'en','core/base/tables','reload','Reload','2022-03-22 19:25:26','2022-03-22 19:26:05'),(667,0,'en','core/base/tables','display','Display','2022-03-22 19:25:26','2022-03-22 19:26:05'),(668,0,'en','core/base/tables','all','All','2022-03-22 19:25:26','2022-03-22 19:26:05'),(669,0,'en','core/base/tables','add_new','Add New','2022-03-22 19:25:26','2022-03-22 19:26:05'),(670,0,'en','core/base/tables','action','Actions','2022-03-22 19:25:26','2022-03-22 19:26:05'),(671,0,'en','core/base/tables','delete_entry','Delete','2022-03-22 19:25:26','2022-03-22 19:26:05'),(672,0,'en','core/base/tables','view','View Detail','2022-03-22 19:25:26','2022-03-22 19:26:05'),(673,0,'en','core/base/tables','save','Save','2022-03-22 19:25:26','2022-03-22 19:26:05'),(674,0,'en','core/base/tables','show_from','Show from','2022-03-22 19:25:26','2022-03-22 19:26:05'),(675,0,'en','core/base/tables','to','to','2022-03-22 19:25:26','2022-03-22 19:26:05'),(676,0,'en','core/base/tables','in','in','2022-03-22 19:25:26','2022-03-22 19:26:05'),(677,0,'en','core/base/tables','records','records','2022-03-22 19:25:26','2022-03-22 19:26:05'),(678,0,'en','core/base/tables','no_data','No data to display','2022-03-22 19:25:26','2022-03-22 19:26:05'),(679,0,'en','core/base/tables','no_record','No record','2022-03-22 19:25:26','2022-03-22 19:26:05'),(680,0,'en','core/base/tables','confirm_delete','Confirm delete','2022-03-22 19:25:26','2022-03-22 19:26:05'),(681,0,'en','core/base/tables','confirm_delete_msg','Do you really want to delete this record?','2022-03-22 19:25:26','2022-03-22 19:26:05'),(682,0,'en','core/base/tables','confirm_delete_many_msg','Do you really want to delete selected record(s)?','2022-03-22 19:25:26','2022-03-22 19:26:05'),(683,0,'en','core/base/tables','cancel','Cancel','2022-03-22 19:25:26','2022-03-22 19:26:05'),(684,0,'en','core/base/tables','template','Template','2022-03-22 19:25:26','2022-03-22 19:26:05'),(685,0,'en','core/base/tables','email','Email','2022-03-22 19:25:26','2022-03-22 19:26:05'),(686,0,'en','core/base/tables','last_login','Last login','2022-03-22 19:25:26','2022-03-22 19:26:05'),(687,0,'en','core/base/tables','shortcode','Shortcode','2022-03-22 19:25:26','2022-03-22 19:26:05'),(688,0,'en','core/base/tables','image','Image','2022-03-22 19:25:26','2022-03-22 19:26:05'),(689,0,'en','core/base/tables','bulk_changes','Bulk changes','2022-03-22 19:25:26','2022-03-22 19:26:05'),(690,0,'en','core/base/tables','submit','Submit','2022-03-22 19:25:26','2022-03-22 19:26:05'),(691,0,'en','core/base/tables','please_select_record','Please select at least one record to perform this action!','2022-03-22 19:25:26','2022-03-22 19:26:05'),(692,0,'en','core/base/tabs','detail','Detail','2022-03-22 19:25:26','2022-03-22 19:26:05'),(693,0,'en','core/base/tabs','file','Files','2022-03-22 19:25:26','2022-03-22 19:26:05'),(694,0,'en','core/base/tabs','record_note','Record Note','2022-03-22 19:25:26','2022-03-22 19:26:05'),(695,0,'en','core/base/tabs','revision','Revision History','2022-03-22 19:25:26','2022-03-22 19:26:05'),(696,0,'vi','core/base/cache','cache_management','Quản lý bộ nhớ đệm','2022-03-22 19:25:26','2022-03-22 19:26:05'),(697,0,'vi','core/base/cache','cache_commands','Các lệnh xoá bộ nhớ đệm cơ bản','2022-03-22 19:25:26','2022-03-22 19:26:05'),(698,0,'vi','core/base/cache','commands.clear_cms_cache.title','Xóa tất cả bộ đệm hiện có của ứng dụng','2022-03-22 19:25:26','2022-03-22 19:26:05'),(699,0,'vi','core/base/cache','commands.clear_cms_cache.description','Xóa các bộ nhớ đệm của ứng dụng: cơ sở dữ liệu, nội dung tĩnh... Chạy lệnh này khi bạn thử cập nhật dữ liệu nhưng giao diện không thay đổi','2022-03-22 19:25:26','2022-03-22 19:26:05'),(700,0,'vi','core/base/cache','commands.clear_cms_cache.success_msg','Bộ đệm đã được xóa','2022-03-22 19:25:26','2022-03-22 19:26:05'),(701,0,'vi','core/base/cache','commands.refresh_compiled_views.title','Làm mới bộ đệm giao diện','2022-03-22 19:25:26','2022-03-22 19:26:05'),(702,0,'vi','core/base/cache','commands.refresh_compiled_views.description','Làm mới bộ đệm giao diện giúp phần giao diện luôn mới nhất','2022-03-22 19:25:26','2022-03-22 19:26:05'),(703,0,'vi','core/base/cache','commands.refresh_compiled_views.success_msg','Bộ đệm giao diện đã được làm mới','2022-03-22 19:25:26','2022-03-22 19:26:05'),(704,0,'vi','core/base/cache','commands.clear_config_cache.title','Xóa bộ nhớ đệm của phần cấu hình','2022-03-22 19:25:26','2022-03-22 19:26:05'),(705,0,'vi','core/base/cache','commands.clear_config_cache.description','Bạn cần làm mới bộ đệm cấu hình khi bạn tạo ra sự thay đổi nào đó ở môi trường thành phẩm.','2022-03-22 19:25:26','2022-03-22 19:26:05'),(706,0,'vi','core/base/cache','commands.clear_config_cache.success_msg','Bộ đệm cấu hình đã được xóa','2022-03-22 19:25:26','2022-03-22 19:26:05'),(707,0,'vi','core/base/cache','commands.clear_route_cache.title','Xoá cache đường dẫn','2022-03-22 19:25:26','2022-03-22 19:26:05'),(708,0,'vi','core/base/cache','commands.clear_route_cache.description','Cần thực hiện thao tác này khi thấy không xuất hiện đường dẫn mới.','2022-03-22 19:25:26','2022-03-22 19:26:05'),(709,0,'vi','core/base/cache','commands.clear_route_cache.success_msg','Bộ đệm điều hướng đã bị xóa','2022-03-22 19:25:26','2022-03-22 19:26:05'),(710,0,'vi','core/base/cache','commands.clear_log.description','Xoá lịch sử lỗi','2022-03-22 19:25:26','2022-03-22 19:26:05'),(711,0,'vi','core/base/cache','commands.clear_log.success_msg','Lịch sử lỗi đã được làm sạch','2022-03-22 19:25:26','2022-03-22 19:26:05'),(712,0,'vi','core/base/cache','commands.clear_log.title','Xoá lịch sử lỗi','2022-03-22 19:25:26','2022-03-22 19:26:05'),(713,0,'vi','core/base/enums','statuses.draft','Bản nháp','2022-03-22 19:25:26','2022-03-22 19:26:05'),(714,0,'vi','core/base/enums','statuses.pending','Đang chờ xử lý','2022-03-22 19:25:26','2022-03-22 19:26:05'),(715,0,'vi','core/base/errors','401_title','Bạn không có quyền truy cập trang này','2022-03-22 19:25:26','2022-03-22 19:26:05'),(716,0,'vi','core/base/errors','401_msg','<li>Bạn không được cấp quyền truy cập bởi quản trị viên.</li>\n	                <li>Bạn sử dụng sai loại tài khoản.</li>\n	                <li>Bạn không được cấp quyền để có thể truy cập trang này</li>','2022-03-22 19:25:26','2022-03-22 19:26:05'),(717,0,'vi','core/base/errors','404_title','Không tìm thấy trang yêu cầu','2022-03-22 19:25:26','2022-03-22 19:26:05'),(718,0,'vi','core/base/errors','404_msg','<li>Trang bạn yêu cầu không tồn tại.</li>\n	                <li>Liên kết bạn vừa nhấn không còn được sử dụng.</li>\n	                <li>Trang này có thể đã được chuyển sang vị trí khác.</li>\n	                <li>Có thể có lỗi xảy ra.</li>\n	                <li>Bạn không được cấp quyền để có thể truy cập trang này</li>','2022-03-22 19:25:26','2022-03-22 19:26:05'),(719,0,'vi','core/base/errors','500_title','Không thể tải trang','2022-03-22 19:25:26','2022-03-22 19:26:05'),(720,0,'vi','core/base/errors','500_msg','<li>Trang bạn yêu cầu không tồn tại.</li>\n	                <li>Liên kết bạn vừa nhấn không còn được sử dụng.</li>\n	                <li>Trang này có thể đã được chuyển sang vị trí khác.</li>\n	                <li>Có thể có lỗi xảy ra.</li>\n	                <li>Bạn không được cấp quyền để có thể truy cập trang này</li>','2022-03-22 19:25:26','2022-03-22 19:26:05'),(721,0,'vi','core/base/errors','reasons','Điều này có thể xảy ra vì nhiều lý do.','2022-03-22 19:25:26','2022-03-22 19:26:05'),(722,0,'vi','core/base/errors','try_again','Vui lòng thử lại trong vài phút, hoặc quay trở lại trang chủ bằng cách <a href=\"http://cms.local/admin\"> nhấn vào đây </a>.','2022-03-22 19:25:26','2022-03-22 19:26:05'),(723,0,'vi','core/base/forms','choose_image','Chọn ảnh','2022-03-22 19:25:26','2022-03-22 19:26:05'),(724,0,'vi','core/base/forms','actions','Tác vụ','2022-03-22 19:25:26','2022-03-22 19:26:05'),(725,0,'vi','core/base/forms','save','Lưu','2022-03-22 19:25:26','2022-03-22 19:26:05'),(726,0,'vi','core/base/forms','save_and_continue','Lưu & chỉnh sửa','2022-03-22 19:25:26','2022-03-22 19:26:05'),(727,0,'vi','core/base/forms','image','Hình ảnh','2022-03-22 19:25:26','2022-03-22 19:26:05'),(728,0,'vi','core/base/forms','image_placeholder','Chèn đường dẫn hình ảnh hoặc nhấn nút để chọn hình','2022-03-22 19:25:26','2022-03-22 19:26:05'),(729,0,'vi','core/base/forms','create','Tạo mới','2022-03-22 19:25:26','2022-03-22 19:26:05'),(730,0,'vi','core/base/forms','edit','Sửa','2022-03-22 19:25:26','2022-03-22 19:26:05'),(731,0,'vi','core/base/forms','permalink','Đường dẫn','2022-03-22 19:25:26','2022-03-22 19:26:05'),(732,0,'vi','core/base/forms','ok','OK','2022-03-22 19:25:26','2022-03-22 19:26:05'),(733,0,'vi','core/base/forms','cancel','Hủy bỏ','2022-03-22 19:25:26','2022-03-22 19:26:05'),(734,0,'vi','core/base/forms','character_remain','kí tự còn lại','2022-03-22 19:25:26','2022-03-22 19:26:05'),(735,0,'vi','core/base/forms','template','Template','2022-03-22 19:25:26','2022-03-22 19:26:05'),(736,0,'vi','core/base/forms','choose_file','Chọn tập tin','2022-03-22 19:25:26','2022-03-22 19:26:05'),(737,0,'vi','core/base/forms','file','Tập tin','2022-03-22 19:25:26','2022-03-22 19:26:05'),(738,0,'vi','core/base/forms','content','Nội dung','2022-03-22 19:25:26','2022-03-22 19:26:05'),(739,0,'vi','core/base/forms','description','Mô tả','2022-03-22 19:25:26','2022-03-22 19:26:05'),(740,0,'vi','core/base/forms','name','Tên','2022-03-22 19:25:26','2022-03-22 19:26:05'),(741,0,'vi','core/base/forms','name_placeholder','Nhập tên','2022-03-22 19:25:26','2022-03-22 19:26:05'),(742,0,'vi','core/base/forms','description_placeholder','Mô tả ngắn','2022-03-22 19:25:26','2022-03-22 19:26:05'),(743,0,'vi','core/base/forms','parent','Cha','2022-03-22 19:25:26','2022-03-22 19:26:05'),(744,0,'vi','core/base/forms','icon','Biểu tượng','2022-03-22 19:25:26','2022-03-22 19:26:05'),(745,0,'vi','core/base/forms','order_by','Sắp xếp','2022-03-22 19:25:26','2022-03-22 19:26:05'),(746,0,'vi','core/base/forms','order_by_placeholder','Sắp xếp','2022-03-22 19:25:26','2022-03-22 19:26:05'),(747,0,'vi','core/base/forms','slug','Slug','2022-03-22 19:25:26','2022-03-22 19:26:05'),(748,0,'vi','core/base/forms','is_featured','Nổi bật?','2022-03-22 19:25:26','2022-03-22 19:26:05'),(749,0,'vi','core/base/forms','is_default','Mặc định?','2022-03-22 19:25:26','2022-03-22 19:26:05'),(750,0,'vi','core/base/forms','icon_placeholder','Ví dụ: fa fa-home','2022-03-22 19:25:26','2022-03-22 19:26:05'),(751,0,'vi','core/base/forms','update','Cập nhật','2022-03-22 19:25:26','2022-03-22 19:26:05'),(752,0,'vi','core/base/forms','publish','Xuất bản','2022-03-22 19:25:26','2022-03-22 19:26:05'),(753,0,'vi','core/base/forms','remove_image','Xoá ảnh','2022-03-22 19:25:26','2022-03-22 19:26:05'),(754,0,'vi','core/base/forms','add','Thêm','2022-03-22 19:25:26','2022-03-22 19:26:05'),(755,0,'vi','core/base/forms','add_short_code','Thêm shortcode','2022-03-22 19:25:26','2022-03-22 19:26:05'),(756,0,'vi','core/base/forms','alias','Mã thay thế','2022-03-22 19:25:26','2022-03-22 19:26:05'),(757,0,'vi','core/base/forms','alias_placeholder','Mã thay thế','2022-03-22 19:25:26','2022-03-22 19:26:05'),(758,0,'vi','core/base/forms','basic_information','Thông tin cơ bản','2022-03-22 19:25:26','2022-03-22 19:26:05'),(759,0,'vi','core/base/forms','link','Liên kết','2022-03-22 19:25:26','2022-03-22 19:26:05'),(760,0,'vi','core/base/forms','order','Thứ tự','2022-03-22 19:25:26','2022-03-22 19:26:05'),(761,0,'vi','core/base/forms','short_code','Shortcode','2022-03-22 19:25:26','2022-03-22 19:26:05'),(762,0,'vi','core/base/forms','title','Tiêu đề','2022-03-22 19:25:26','2022-03-22 19:26:05'),(763,0,'vi','core/base/forms','value','Giá trị','2022-03-22 19:25:26','2022-03-22 19:26:05'),(764,0,'vi','core/base/forms','show_hide_editor','Ẩn/Hiện trình soạn thảo','2022-03-22 19:25:26','2022-03-22 19:26:05'),(765,0,'vi','core/base/forms','basic_info_title','Thông tin cơ bản','2022-03-22 19:25:26','2022-03-22 19:26:05'),(766,0,'vi','core/base/layouts','platform_admin','Quản trị hệ thống','2022-03-22 19:25:26','2022-03-22 19:26:05'),(767,0,'vi','core/base/layouts','dashboard','Bảng điều khiển','2022-03-22 19:25:26','2022-03-22 19:26:05'),(768,0,'vi','core/base/layouts','widgets','Tiện ích','2022-03-22 19:25:26','2022-03-22 19:26:05'),(769,0,'vi','core/base/layouts','plugins','Tiện ích mở rộng','2022-03-22 19:25:26','2022-03-22 19:26:05'),(770,0,'vi','core/base/layouts','settings','Cài đặt','2022-03-22 19:25:26','2022-03-22 19:26:05'),(771,0,'vi','core/base/layouts','setting_general','Cơ bản','2022-03-22 19:25:26','2022-03-22 19:26:05'),(772,0,'vi','core/base/layouts','system_information','Thông tin hệ thống','2022-03-22 19:25:26','2022-03-22 19:26:05'),(773,0,'vi','core/base/layouts','theme','Giao diện','2022-03-22 19:25:26','2022-03-22 19:26:05'),(774,0,'vi','core/base/layouts','copyright','Bản quyền :year &copy; :company. Phiên bản: <span>:version</span>','2022-03-22 19:25:26','2022-03-22 19:26:05'),(775,0,'vi','core/base/layouts','profile','Thông tin cá nhân','2022-03-22 19:25:26','2022-03-22 19:26:05'),(776,0,'vi','core/base/layouts','logout','Đăng xuất','2022-03-22 19:25:26','2022-03-22 19:26:05'),(777,0,'vi','core/base/layouts','no_search_result','Không có kết quả tìm kiếm, hãy thử lại với từ khóa khác.','2022-03-22 19:25:26','2022-03-22 19:26:05'),(778,0,'vi','core/base/layouts','home','Trang chủ','2022-03-22 19:25:26','2022-03-22 19:26:05'),(779,0,'vi','core/base/layouts','search','Tìm kiếm','2022-03-22 19:25:26','2022-03-22 19:26:05'),(780,0,'vi','core/base/layouts','add_new','Thêm mới','2022-03-22 19:25:26','2022-03-22 19:26:05'),(781,0,'vi','core/base/layouts','n_a','N/A','2022-03-22 19:25:26','2022-03-22 19:26:05'),(782,0,'vi','core/base/layouts','page_loaded_time','Trang tải xong trong','2022-03-22 19:25:26','2022-03-22 19:26:05'),(783,0,'vi','core/base/layouts','view_website','Xem trang ngoài','2022-03-22 19:25:26','2022-03-22 19:26:05'),(784,0,'vi','core/base/layouts','setting_email','Email','2022-03-22 19:25:26','2022-03-22 19:26:05'),(785,0,'vi','core/base/mail','send-fail','Gửi email không thành công','2022-03-22 19:25:26','2022-03-22 19:26:05'),(786,0,'vi','core/base/notices','create_success_message','Tạo thành công','2022-03-22 19:25:26','2022-03-22 19:26:05'),(787,0,'vi','core/base/notices','update_success_message','Cập nhật thành công','2022-03-22 19:25:26','2022-03-22 19:26:05'),(788,0,'vi','core/base/notices','delete_success_message','Xóa thành công','2022-03-22 19:25:26','2022-03-22 19:26:05'),(789,0,'vi','core/base/notices','success_header','Thành công!','2022-03-22 19:25:26','2022-03-22 19:26:05'),(790,0,'vi','core/base/notices','error_header','Lỗi!','2022-03-22 19:25:26','2022-03-22 19:26:05'),(791,0,'vi','core/base/notices','no_select','Chọn ít nhất 1 trường để thực hiện hành động này!','2022-03-22 19:25:26','2022-03-22 19:26:05'),(792,0,'vi','core/base/notices','processing_request','Hệ thống đang xử lý yêu cầu.','2022-03-22 19:25:26','2022-03-22 19:26:05'),(793,0,'vi','core/base/notices','error','Lỗi!','2022-03-22 19:25:26','2022-03-22 19:26:05'),(794,0,'vi','core/base/notices','success','Thành công!','2022-03-22 19:25:26','2022-03-22 19:26:05'),(795,0,'vi','core/base/notices','info','Thông tin!','2022-03-22 19:25:26','2022-03-22 19:26:05'),(796,0,'vi','core/base/system','no_select','Hãy chọn ít nhất 1 trường để thực hiện hành động này!','2022-03-22 19:25:26','2022-03-22 19:26:05'),(797,0,'vi','core/base/system','cannot_find_user','Không thể tải được thông tin người dùng','2022-03-22 19:25:27','2022-03-22 19:26:05'),(798,0,'vi','core/base/system','supper_revoked','Quyền quản trị viên cao nhất đã được gỡ bỏ','2022-03-22 19:25:27','2022-03-22 19:26:05'),(799,0,'vi','core/base/system','cannot_revoke_yourself','Không thể gỡ bỏ quyền quản trị cấp cao của chính bạn!','2022-03-22 19:25:27','2022-03-22 19:26:05'),(800,0,'vi','core/base/system','cant_remove_supper','Bạn không có quyền xóa quản trị viên cấp cao','2022-03-22 19:25:27','2022-03-22 19:26:05'),(801,0,'vi','core/base/system','cant_find_user_with_email','Không thể tìm thấy người dùng với email này','2022-03-22 19:25:27','2022-03-22 19:26:05'),(802,0,'vi','core/base/system','supper_granted','Quyền quản trị cao nhất đã được gán','2022-03-22 19:25:27','2022-03-22 19:26:05'),(803,0,'vi','core/base/system','delete_log_success','Xóa tập tin log thành công!','2022-03-22 19:25:27','2022-03-22 19:26:05'),(804,0,'vi','core/base/system','get_member_success','Hiển thị danh sách thành viên thành công','2022-03-22 19:25:27','2022-03-22 19:26:05'),(805,0,'vi','core/base/system','error_occur','Có lỗi dưới đây','2022-03-22 19:25:27','2022-03-22 19:26:05'),(806,0,'vi','core/base/system','role_and_permission','Phân quyền hệ thống','2022-03-22 19:25:27','2022-03-22 19:26:05'),(807,0,'vi','core/base/system','role_and_permission_description','Quản lý những phân quyền trong hệ thống','2022-03-22 19:25:27','2022-03-22 19:26:05'),(808,0,'vi','core/base/system','user.list_super','Danh sách quản trị viên cấp cao','2022-03-22 19:25:27','2022-03-22 19:26:05'),(809,0,'vi','core/base/system','user.username','Tên đăng nhập','2022-03-22 19:25:27','2022-03-22 19:26:05'),(810,0,'vi','core/base/system','user.email','Email','2022-03-22 19:25:27','2022-03-22 19:26:05'),(811,0,'vi','core/base/system','user.last_login','Đăng nhập lần cuối	','2022-03-22 19:25:27','2022-03-22 19:26:05'),(812,0,'vi','core/base/system','user.add_user','Thêm quản trị viên cấp cao','2022-03-22 19:25:27','2022-03-22 19:26:05'),(813,0,'vi','core/base/system','user.cancel','Hủy bỏ','2022-03-22 19:25:27','2022-03-22 19:26:05'),(814,0,'vi','core/base/system','user.create','Thêm','2022-03-22 19:25:27','2022-03-22 19:26:05'),(815,0,'vi','core/base/system','options.features','Kiểm soát truy cập các tính năng','2022-03-22 19:25:27','2022-03-22 19:26:05'),(816,0,'vi','core/base/system','options.feature_description','Bật/tắt các tính năng.','2022-03-22 19:25:27','2022-03-22 19:26:05'),(817,0,'vi','core/base/system','options.manage_super','Quản lý quản trị viên cấp cao','2022-03-22 19:25:27','2022-03-22 19:26:05'),(818,0,'vi','core/base/system','options.manage_super_description','Thêm/xóa quản trị viên cấp cao','2022-03-22 19:25:27','2022-03-22 19:26:05'),(819,0,'vi','core/base/system','options.info','Thông tin hệ thống','2022-03-22 19:25:27','2022-03-22 19:26:05'),(820,0,'vi','core/base/system','options.info_description','Những thông tin về cấu hình hiện tại của hệ thống.','2022-03-22 19:25:27','2022-03-22 19:26:05'),(821,0,'vi','core/base/system','info.title','Thông tin hệ thống','2022-03-22 19:25:27','2022-03-22 19:26:05'),(822,0,'vi','core/base/system','info.cache','Bộ nhớ đệm','2022-03-22 19:25:27','2022-03-22 19:26:05'),(823,0,'vi','core/base/system','info.environment','Môi trường','2022-03-22 19:25:27','2022-03-22 19:26:05'),(824,0,'vi','core/base/system','info.locale','Ngôn ngữ hệ thống','2022-03-22 19:25:27','2022-03-22 19:26:05'),(825,0,'vi','core/base/system','user_management','Quản lý thành viên','2022-03-22 19:25:27','2022-03-22 19:26:05'),(826,0,'vi','core/base/system','user_management_description','Quản lý người dùng trong hệ thống','2022-03-22 19:25:27','2022-03-22 19:26:05'),(827,0,'vi','core/base/system','app_size','Kích thước ứng dụng','2022-03-22 19:25:27','2022-03-22 19:26:05'),(828,0,'vi','core/base/system','cache_dir_writable','Có thể ghi bộ nhớ đệm','2022-03-22 19:25:27','2022-03-22 19:26:05'),(829,0,'vi','core/base/system','cache_driver','Loại lưu trữ bộ nhớ đệm','2022-03-22 19:25:27','2022-03-22 19:26:05'),(830,0,'vi','core/base/system','copy_report','Sao chép báo cáo','2022-03-22 19:25:27','2022-03-22 19:26:05'),(831,0,'vi','core/base/system','curl_ext','CURL Ext','2022-03-22 19:25:27','2022-03-22 19:26:05'),(832,0,'vi','core/base/system','database','Hệ thống dữ liệu','2022-03-22 19:25:27','2022-03-22 19:26:05'),(833,0,'vi','core/base/system','debug_mode','Chế độ sửa lỗi','2022-03-22 19:25:27','2022-03-22 19:26:05'),(834,0,'vi','core/base/system','dependency_name','Tên gói','2022-03-22 19:25:27','2022-03-22 19:26:05'),(835,0,'vi','core/base/system','exif_ext','Exif Ext','2022-03-22 19:25:27','2022-03-22 19:26:05'),(836,0,'vi','core/base/system','extra_information','Thông tin mở rộng','2022-03-22 19:25:27','2022-03-22 19:26:05'),(837,0,'vi','core/base/system','extra_stats','Thống kê thêm','2022-03-22 19:25:27','2022-03-22 19:26:05'),(838,0,'vi','core/base/system','file_info_ext','File info Ext','2022-03-22 19:25:27','2022-03-22 19:26:05'),(839,0,'vi','core/base/system','framework_version','Phiên bản framework','2022-03-22 19:25:27','2022-03-22 19:26:05'),(840,0,'vi','core/base/system','get_system_report','Lấy thông tin hệ thống','2022-03-22 19:25:27','2022-03-22 19:26:05'),(841,0,'vi','core/base/system','installed_packages','Các gói đã cài đặt và phiên bản','2022-03-22 19:25:27','2022-03-22 19:26:05'),(842,0,'vi','core/base/system','mbstring_ext','Mbstring Ext','2022-03-22 19:25:27','2022-03-22 19:26:05'),(843,0,'vi','core/base/system','openssl_ext','OpenSSL Ext','2022-03-22 19:25:27','2022-03-22 19:26:05'),(844,0,'vi','core/base/system','package_name','Tên gói','2022-03-22 19:25:27','2022-03-22 19:26:05'),(845,0,'vi','core/base/system','pdo_ext','PDO Ext','2022-03-22 19:25:27','2022-03-22 19:26:05'),(846,0,'vi','core/base/system','php_version','Phiên bản PHP','2022-03-22 19:25:27','2022-03-22 19:26:05'),(847,0,'vi','core/base/system','report_description','Vui lòng chia sẻ thông tin này nhằm mục đích điều tra nguyên nhân gây lỗi','2022-03-22 19:25:27','2022-03-22 19:26:05'),(848,0,'vi','core/base/system','server_environment','Môi trường máy chủ','2022-03-22 19:25:27','2022-03-22 19:26:05'),(849,0,'vi','core/base/system','server_os','Hệ điều hành của máy chủ','2022-03-22 19:25:27','2022-03-22 19:26:05'),(850,0,'vi','core/base/system','server_software','Phần mềm','2022-03-22 19:25:27','2022-03-22 19:26:05'),(851,0,'vi','core/base/system','session_driver','Loại lưu trữ phiên làm việc','2022-03-22 19:25:27','2022-03-22 19:26:05'),(852,0,'vi','core/base/system','ssl_installed','Đã cài đặt chứng chỉ SSL','2022-03-22 19:25:27','2022-03-22 19:26:05'),(853,0,'vi','core/base/system','storage_dir_writable','Có thể lưu trữ dữ liệu tạm','2022-03-22 19:25:27','2022-03-22 19:26:05'),(854,0,'vi','core/base/system','system_environment','Môi trường hệ thống','2022-03-22 19:25:27','2022-03-22 19:26:05'),(855,0,'vi','core/base/system','timezone','Múi giờ','2022-03-22 19:25:27','2022-03-22 19:26:05'),(856,0,'vi','core/base/system','tokenizer_ext','Tokenizer Ext','2022-03-22 19:25:27','2022-03-22 19:26:05'),(857,0,'vi','core/base/system','version','Phiên bản','2022-03-22 19:25:27','2022-03-22 19:26:05'),(858,0,'vi','core/base/system','cms_version','Phiên bản CMS','2022-03-22 19:25:27','2022-03-22 19:26:05'),(859,0,'vi','core/base/tables','id','ID','2022-03-22 19:25:27','2022-03-22 19:26:05'),(860,0,'vi','core/base/tables','name','Tên','2022-03-22 19:25:27','2022-03-22 19:26:05'),(861,0,'vi','core/base/tables','order_by','Thứ tự','2022-03-22 19:25:27','2022-03-22 19:26:05'),(862,0,'vi','core/base/tables','status','Trạng thái','2022-03-22 19:25:27','2022-03-22 19:26:05'),(863,0,'vi','core/base/tables','created_at','Ngày tạo','2022-03-22 19:25:27','2022-03-22 19:26:05'),(864,0,'vi','core/base/tables','updated_at','Ngày cập nhật','2022-03-22 19:25:27','2022-03-22 19:26:05'),(865,0,'vi','core/base/tables','operations','Tác vụ','2022-03-22 19:25:27','2022-03-22 19:26:05'),(866,0,'vi','core/base/tables','url','URL','2022-03-22 19:25:27','2022-03-22 19:26:05'),(867,0,'vi','core/base/tables','author','Người tạo','2022-03-22 19:25:27','2022-03-22 19:26:05'),(868,0,'vi','core/base/tables','column','Cột','2022-03-22 19:25:27','2022-03-22 19:26:05'),(869,0,'vi','core/base/tables','origin','Bản cũ','2022-03-22 19:25:27','2022-03-22 19:26:05'),(870,0,'vi','core/base/tables','after_change','Sau khi thay đổi','2022-03-22 19:25:27','2022-03-22 19:26:05'),(871,0,'vi','core/base/tables','notes','Ghi chú','2022-03-22 19:25:27','2022-03-22 19:26:05'),(872,0,'vi','core/base/tables','activated','kích hoạt','2022-03-22 19:25:27','2022-03-22 19:26:05'),(873,0,'vi','core/base/tables','browser','Trình duyệt','2022-03-22 19:25:27','2022-03-22 19:26:05'),(874,0,'vi','core/base/tables','deactivated','hủy kích hoạt','2022-03-22 19:25:27','2022-03-22 19:26:05'),(875,0,'vi','core/base/tables','description','Mô tả','2022-03-22 19:25:27','2022-03-22 19:26:05'),(876,0,'vi','core/base/tables','session','Phiên','2022-03-22 19:25:27','2022-03-22 19:26:05'),(877,0,'vi','core/base/tables','views','Lượt xem','2022-03-22 19:25:27','2022-03-22 19:26:05'),(878,0,'vi','core/base/tables','restore','Khôi phục','2022-03-22 19:25:27','2022-03-22 19:26:05'),(879,0,'vi','core/base/tables','edit','Sửa','2022-03-22 19:25:27','2022-03-22 19:26:05'),(880,0,'vi','core/base/tables','delete','Xóa','2022-03-22 19:25:27','2022-03-22 19:26:05'),(881,0,'vi','core/base/tables','action','Hành động','2022-03-22 19:25:27','2022-03-22 19:26:05'),(882,0,'vi','core/base/tables','activate','Kích hoạt','2022-03-22 19:25:27','2022-03-22 19:26:05'),(883,0,'vi','core/base/tables','add_new','Thêm mới','2022-03-22 19:25:27','2022-03-22 19:26:05'),(884,0,'vi','core/base/tables','all','Tất cả','2022-03-22 19:25:27','2022-03-22 19:26:05'),(885,0,'vi','core/base/tables','cancel','Hủy bỏ','2022-03-22 19:25:27','2022-03-22 19:26:05'),(886,0,'vi','core/base/tables','confirm_delete','Xác nhận xóa','2022-03-22 19:25:27','2022-03-22 19:26:05'),(887,0,'vi','core/base/tables','confirm_delete_msg','Bạn có chắc chắn muốn xóa bản ghi này?','2022-03-22 19:25:27','2022-03-22 19:26:05'),(888,0,'vi','core/base/tables','csv','CSV','2022-03-22 19:25:27','2022-03-22 19:26:05'),(889,0,'vi','core/base/tables','deactivate','Hủy kích hoạt','2022-03-22 19:25:27','2022-03-22 19:26:05'),(890,0,'vi','core/base/tables','delete_entry','Xóa bản ghi','2022-03-22 19:25:27','2022-03-22 19:26:05'),(891,0,'vi','core/base/tables','display','Hiển thị','2022-03-22 19:25:27','2022-03-22 19:26:05'),(892,0,'vi','core/base/tables','excel','Excel','2022-03-22 19:25:27','2022-03-22 19:26:05'),(893,0,'vi','core/base/tables','export','Xuất bản','2022-03-22 19:25:27','2022-03-22 19:26:05'),(894,0,'vi','core/base/tables','in','trong tổng số','2022-03-22 19:25:27','2022-03-22 19:26:05'),(895,0,'vi','core/base/tables','no_data','Không có dữ liệu để hiển thị','2022-03-22 19:25:27','2022-03-22 19:26:05'),(896,0,'vi','core/base/tables','no_record','Không có dữ liệu','2022-03-22 19:25:27','2022-03-22 19:26:05'),(897,0,'vi','core/base/tables','pdf','PDF','2022-03-22 19:25:27','2022-03-22 19:26:05'),(898,0,'vi','core/base/tables','print','In','2022-03-22 19:25:27','2022-03-22 19:26:05'),(899,0,'vi','core/base/tables','records','bản ghi','2022-03-22 19:25:27','2022-03-22 19:26:05'),(900,0,'vi','core/base/tables','reload','Tải lại','2022-03-22 19:25:27','2022-03-22 19:26:05'),(901,0,'vi','core/base/tables','reset','Làm mới','2022-03-22 19:25:27','2022-03-22 19:26:05'),(902,0,'vi','core/base/tables','save','Lưu','2022-03-22 19:25:27','2022-03-22 19:26:05'),(903,0,'vi','core/base/tables','show_from','Hiển thị từ','2022-03-22 19:25:27','2022-03-22 19:26:05'),(904,0,'vi','core/base/tables','template','Giao diện','2022-03-22 19:25:27','2022-03-22 19:26:05'),(905,0,'vi','core/base/tables','to','đến','2022-03-22 19:25:27','2022-03-22 19:26:05'),(906,0,'vi','core/base/tables','view','Xem chi tiết','2022-03-22 19:25:27','2022-03-22 19:26:05'),(907,0,'vi','core/base/tables','email','Email','2022-03-22 19:25:27','2022-03-22 19:26:05'),(908,0,'vi','core/base/tables','image','Hình ảnh','2022-03-22 19:25:27','2022-03-22 19:26:05'),(909,0,'vi','core/base/tables','is_featured','Nổi bật','2022-03-22 19:25:27','2022-03-22 19:26:05'),(910,0,'vi','core/base/tables','last_login','Lần cuối đăng nhập','2022-03-22 19:25:27','2022-03-22 19:26:05'),(911,0,'vi','core/base/tables','order','Thứ tự','2022-03-22 19:25:27','2022-03-22 19:26:05'),(912,0,'vi','core/base/tables','shortcode','Shortcode','2022-03-22 19:25:27','2022-03-22 19:26:05'),(913,0,'vi','core/base/tables','slug','Slug','2022-03-22 19:25:27','2022-03-22 19:26:05'),(914,0,'vi','core/base/tables','title','Tiêu đề','2022-03-22 19:25:27','2022-03-22 19:26:05'),(915,0,'vi','core/base/tabs','detail','Chi tiết','2022-03-22 19:25:27','2022-03-22 19:26:05'),(916,0,'vi','core/base/tabs','file','Tập tin','2022-03-22 19:25:27','2022-03-22 19:26:05'),(917,0,'vi','core/base/tabs','record_note','Ghi chú','2022-03-22 19:25:27','2022-03-22 19:26:05'),(918,0,'vi','core/base/tabs','revision','Lịch sử thay đổi','2022-03-22 19:25:27','2022-03-22 19:26:05'),(919,0,'en','core/dashboard/dashboard','update_position_success','Update widget position successfully!','2022-03-22 19:25:27','2022-03-22 19:26:05'),(920,0,'en','core/dashboard/dashboard','hide_success','Update widget successfully!','2022-03-22 19:25:27','2022-03-22 19:26:05'),(921,0,'en','core/dashboard/dashboard','confirm_hide','Are you sure?','2022-03-22 19:25:27','2022-03-22 19:26:05'),(922,0,'en','core/dashboard/dashboard','hide_message','Do you really want to hide this widget? It will be disappear on Dashboard!','2022-03-22 19:25:27','2022-03-22 19:26:05'),(923,0,'en','core/dashboard/dashboard','confirm_hide_btn','Yes, hide this widget','2022-03-22 19:25:27','2022-03-22 19:26:05'),(924,0,'en','core/dashboard/dashboard','cancel_hide_btn','Cancel','2022-03-22 19:25:27','2022-03-22 19:26:05'),(925,0,'en','core/dashboard/dashboard','collapse_expand','Collapse/Expand','2022-03-22 19:25:27','2022-03-22 19:26:05'),(926,0,'en','core/dashboard/dashboard','hide','Hide','2022-03-22 19:25:27','2022-03-22 19:26:05'),(927,0,'en','core/dashboard/dashboard','reload','Reload','2022-03-22 19:25:27','2022-03-22 19:26:05'),(928,0,'en','core/dashboard/dashboard','save_setting_success','Save widget settings successfully!','2022-03-22 19:25:27','2022-03-22 19:26:05'),(929,0,'en','core/dashboard/dashboard','widget_not_exists','Widget is not exits!','2022-03-22 19:25:27','2022-03-22 19:26:05'),(930,0,'en','core/dashboard/dashboard','manage_widgets','Manage Widgets','2022-03-22 19:25:27','2022-03-22 19:26:05'),(931,0,'en','core/dashboard/dashboard','fullscreen','Full screen','2022-03-22 19:25:27','2022-03-22 19:26:05'),(932,0,'en','core/dashboard/dashboard','title','Dashboard','2022-03-22 19:25:27','2022-03-22 19:26:05'),(933,0,'en','core/dashboard/dashboard','predefined_ranges.today','Today','2022-03-22 19:25:27','2022-03-22 19:26:05'),(934,0,'en','core/dashboard/dashboard','predefined_ranges.yesterday','Yesterday','2022-03-22 19:25:27','2022-03-22 19:26:05'),(935,0,'en','core/dashboard/dashboard','predefined_ranges.this_week','This Week','2022-03-22 19:25:27','2022-03-22 19:26:05'),(936,0,'en','core/dashboard/dashboard','predefined_ranges.last_7_days','Last 7 Days','2022-03-22 19:25:27','2022-03-22 19:26:05'),(937,0,'en','core/dashboard/dashboard','predefined_ranges.this_month','This Month','2022-03-22 19:25:27','2022-03-22 19:26:05'),(938,0,'en','core/dashboard/dashboard','predefined_ranges.last_30_days','Last 30 Days','2022-03-22 19:25:27','2022-03-22 19:26:05'),(939,0,'en','core/dashboard/dashboard','predefined_ranges.this_year','This Year','2022-03-22 19:25:27','2022-03-22 19:26:05'),(940,0,'vi','core/dashboard/dashboard','cancel_hide_btn','Hủy bỏ','2022-03-22 19:25:27','2022-03-22 19:26:05'),(941,0,'vi','core/dashboard/dashboard','collapse_expand','Mở rộng','2022-03-22 19:25:27','2022-03-22 19:26:05'),(942,0,'vi','core/dashboard/dashboard','confirm_hide','Bạn có chắc?','2022-03-22 19:25:27','2022-03-22 19:26:05'),(943,0,'vi','core/dashboard/dashboard','confirm_hide_btn','Vâng, ẩn tiện ích này','2022-03-22 19:25:27','2022-03-22 19:26:05'),(944,0,'vi','core/dashboard/dashboard','hide','Ẩn','2022-03-22 19:25:27','2022-03-22 19:26:05'),(945,0,'vi','core/dashboard/dashboard','hide_message','Bạn có chắc chắn muốn ẩn tiện ích này? Nó sẽ không được hiển thị trên trang chủ nữa!','2022-03-22 19:25:27','2022-03-22 19:26:05'),(946,0,'vi','core/dashboard/dashboard','hide_success','Ẩn tiện ích thành công!','2022-03-22 19:25:27','2022-03-22 19:26:05'),(947,0,'vi','core/dashboard/dashboard','manage_widgets','Quản lý tiện ích','2022-03-22 19:25:27','2022-03-22 19:26:05'),(948,0,'vi','core/dashboard/dashboard','reload','Làm mới','2022-03-22 19:25:27','2022-03-22 19:26:05'),(949,0,'vi','core/dashboard/dashboard','save_setting_success','Lưu tiện ích thành công','2022-03-22 19:25:27','2022-03-22 19:26:05'),(950,0,'vi','core/dashboard/dashboard','update_position_success','Cập nhật vị trí tiện ích thành công!','2022-03-22 19:25:27','2022-03-22 19:26:05'),(951,0,'vi','core/dashboard/dashboard','widget_not_exists','Tiện ích này không tồn tại!','2022-03-22 19:25:27','2022-03-22 19:26:05'),(952,0,'vi','core/dashboard/dashboard','fullscreen','Toàn màn hình','2022-03-22 19:25:27','2022-03-22 19:26:05'),(953,0,'vi','core/dashboard/dashboard','title','Trang quản trị','2022-03-22 19:25:27','2022-03-22 19:26:05'),(954,0,'en','core/media/media','filter','Filter','2022-03-22 19:25:27','2022-03-22 19:26:05'),(955,0,'en','core/media/media','everything','Everything','2022-03-22 19:25:27','2022-03-22 19:26:05'),(956,0,'en','core/media/media','image','Image','2022-03-22 19:25:27','2022-03-22 19:26:05'),(957,0,'en','core/media/media','video','Video','2022-03-22 19:25:27','2022-03-22 19:26:05'),(958,0,'en','core/media/media','document','Document','2022-03-22 19:25:27','2022-03-22 19:26:05'),(959,0,'en','core/media/media','view_in','View in','2022-03-22 19:25:27','2022-03-22 19:26:05'),(960,0,'en','core/media/media','all_media','All media','2022-03-22 19:25:27','2022-03-22 19:26:05'),(961,0,'en','core/media/media','trash','Trash','2022-03-22 19:25:27','2022-03-22 19:26:05'),(962,0,'en','core/media/media','recent','Recent','2022-03-22 19:25:27','2022-03-22 19:26:05'),(963,0,'en','core/media/media','favorites','Favorites','2022-03-22 19:25:27','2022-03-22 19:26:05'),(964,0,'en','core/media/media','upload','Upload','2022-03-22 19:25:27','2022-03-22 19:26:05'),(965,0,'en','core/media/media','create_folder','Create folder','2022-03-22 19:25:27','2022-03-22 19:26:05'),(966,0,'en','core/media/media','refresh','Refresh','2022-03-22 19:25:27','2022-03-22 19:26:05'),(967,0,'en','core/media/media','empty_trash','Empty trash','2022-03-22 19:25:27','2022-03-22 19:26:05'),(968,0,'en','core/media/media','search_file_and_folder','Search in current folder','2022-03-22 19:25:27','2022-03-22 19:26:05'),(969,0,'en','core/media/media','sort','Sort','2022-03-22 19:25:27','2022-03-22 19:26:05'),(970,0,'en','core/media/media','file_name_asc','File name - ASC','2022-03-22 19:25:27','2022-03-22 19:26:05'),(971,0,'en','core/media/media','file_name_desc','File name - DESC','2022-03-22 19:25:27','2022-03-22 19:26:05'),(972,0,'en','core/media/media','uploaded_date_asc','Uploaded date - ASC','2022-03-22 19:25:27','2022-03-22 19:26:05'),(973,0,'en','core/media/media','uploaded_date_desc','Uploaded date - DESC','2022-03-22 19:25:27','2022-03-22 19:26:05'),(974,0,'en','core/media/media','size_asc','Size - ASC','2022-03-22 19:25:27','2022-03-22 19:26:05'),(975,0,'en','core/media/media','size_desc','Size - DESC','2022-03-22 19:25:27','2022-03-22 19:26:05'),(976,0,'en','core/media/media','actions','Actions','2022-03-22 19:25:27','2022-03-22 19:26:05'),(977,0,'en','core/media/media','nothing_is_selected','Nothing is selected','2022-03-22 19:25:27','2022-03-22 19:26:05'),(978,0,'en','core/media/media','insert','Insert','2022-03-22 19:25:27','2022-03-22 19:26:05'),(979,0,'en','core/media/media','folder_name','Folder name','2022-03-22 19:25:27','2022-03-22 19:26:05'),(980,0,'en','core/media/media','create','Create','2022-03-22 19:25:27','2022-03-22 19:26:05'),(981,0,'en','core/media/media','rename','Rename','2022-03-22 19:25:27','2022-03-22 19:26:05'),(982,0,'en','core/media/media','close','Close','2022-03-22 19:25:27','2022-03-22 19:26:05'),(983,0,'en','core/media/media','save_changes','Save changes','2022-03-22 19:25:27','2022-03-22 19:26:05'),(984,0,'en','core/media/media','move_to_trash','Move items to trash','2022-03-22 19:25:27','2022-03-22 19:26:05'),(985,0,'en','core/media/media','confirm_trash','Are you sure you want to move these items to trash?','2022-03-22 19:25:27','2022-03-22 19:26:05'),(986,0,'en','core/media/media','confirm','Confirm','2022-03-22 19:25:27','2022-03-22 19:26:05'),(987,0,'en','core/media/media','confirm_delete','Delete item(s)','2022-03-22 19:25:27','2022-03-22 19:26:05'),(988,0,'en','core/media/media','confirm_delete_description','Your request cannot rollback. Are you sure you wanna delete these items?','2022-03-22 19:25:27','2022-03-22 19:26:05'),(989,0,'en','core/media/media','empty_trash_title','Empty trash','2022-03-22 19:25:27','2022-03-22 19:26:05'),(990,0,'en','core/media/media','empty_trash_description','Your request cannot rollback. Are you sure you wanna remove all items in trash?','2022-03-22 19:25:27','2022-03-22 19:26:05'),(991,0,'en','core/media/media','up_level','Up one level','2022-03-22 19:25:27','2022-03-22 19:26:05'),(992,0,'en','core/media/media','upload_progress','Upload progress','2022-03-22 19:25:27','2022-03-22 19:26:05'),(993,0,'en','core/media/media','folder_created','Folder is created successfully!','2022-03-22 19:25:27','2022-03-22 19:26:05'),(994,0,'en','core/media/media','gallery','Media gallery','2022-03-22 19:25:27','2022-03-22 19:26:05'),(995,0,'en','core/media/media','trash_error','Error when delete selected item(s)','2022-03-22 19:25:27','2022-03-22 19:26:05'),(996,0,'en','core/media/media','trash_success','Moved selected item(s) to trash successfully!','2022-03-22 19:25:27','2022-03-22 19:26:05'),(997,0,'en','core/media/media','restore_error','Error when restore selected item(s)','2022-03-22 19:25:27','2022-03-22 19:26:05'),(998,0,'en','core/media/media','restore_success','Restore selected item(s) successfully!','2022-03-22 19:25:27','2022-03-22 19:26:05'),(999,0,'en','core/media/media','copy_success','Copied selected item(s) successfully!','2022-03-22 19:25:27','2022-03-22 19:26:05'),(1000,0,'en','core/media/media','delete_success','Deleted selected item(s) successfully!','2022-03-22 19:25:27','2022-03-22 19:26:05'),(1001,0,'en','core/media/media','favorite_success','Favorite selected item(s) successfully!','2022-03-22 19:25:27','2022-03-22 19:26:05'),(1002,0,'en','core/media/media','remove_favorite_success','Remove selected item(s) from favorites successfully!','2022-03-22 19:25:27','2022-03-22 19:26:05'),(1003,0,'en','core/media/media','rename_error','Error when rename item(s)','2022-03-22 19:25:27','2022-03-22 19:26:05'),(1004,0,'en','core/media/media','rename_success','Rename selected item(s) successfully!','2022-03-22 19:25:27','2022-03-22 19:26:05'),(1005,0,'en','core/media/media','empty_trash_success','Empty trash successfully!','2022-03-22 19:25:27','2022-03-22 19:26:05'),(1006,0,'en','core/media/media','invalid_action','Invalid action!','2022-03-22 19:25:27','2022-03-22 19:26:05'),(1007,0,'en','core/media/media','file_not_exists','File is not exists!','2022-03-22 19:25:27','2022-03-22 19:26:05'),(1008,0,'en','core/media/media','download_file_error','Error when downloading files!','2022-03-22 19:25:27','2022-03-22 19:26:05'),(1009,0,'en','core/media/media','missing_zip_archive_extension','Please enable ZipArchive extension to download file!','2022-03-22 19:25:27','2022-03-22 19:26:05'),(1010,0,'en','core/media/media','can_not_download_file','Can not download this file!','2022-03-22 19:25:27','2022-03-22 19:26:05'),(1011,0,'en','core/media/media','invalid_request','Invalid request!','2022-03-22 19:25:27','2022-03-22 19:26:05'),(1012,0,'en','core/media/media','add_success','Add item successfully!','2022-03-22 19:25:27','2022-03-22 19:26:05'),(1013,0,'en','core/media/media','file_too_big','File too big. Max file upload is :size bytes','2022-03-22 19:25:27','2022-03-22 19:26:05'),(1014,0,'en','core/media/media','can_not_detect_file_type','File type is not allowed or can not detect file type!','2022-03-22 19:25:27','2022-03-22 19:26:05'),(1015,0,'en','core/media/media','upload_failed','The file is NOT uploaded completely. The server allows max upload file size is :size . Please check your file size OR try to upload again in case of having network errors','2022-03-22 19:25:27','2022-03-22 19:26:05'),(1016,0,'en','core/media/media','menu_name','Media','2022-03-22 19:25:27','2022-03-22 19:26:05'),(1017,0,'en','core/media/media','add','Add media','2022-03-22 19:25:27','2022-03-22 19:26:05'),(1018,0,'en','core/media/media','javascript.name','Name','2022-03-22 19:25:27','2022-03-22 19:26:05'),(1019,0,'en','core/media/media','javascript.url','URL','2022-03-22 19:25:27','2022-03-22 19:26:05'),(1020,0,'en','core/media/media','javascript.full_url','Full URL','2022-03-22 19:25:27','2022-03-22 19:26:05'),(1021,0,'en','core/media/media','javascript.size','Size','2022-03-22 19:25:27','2022-03-22 19:26:05'),(1022,0,'en','core/media/media','javascript.mime_type','Type','2022-03-22 19:25:27','2022-03-22 19:26:05'),(1023,0,'en','core/media/media','javascript.created_at','Uploaded at','2022-03-22 19:25:27','2022-03-22 19:26:05'),(1024,0,'en','core/media/media','javascript.updated_at','Modified at','2022-03-22 19:25:27','2022-03-22 19:26:05'),(1025,0,'en','core/media/media','javascript.nothing_selected','Nothing is selected','2022-03-22 19:25:27','2022-03-22 19:26:05'),(1026,0,'en','core/media/media','javascript.visit_link','Open link','2022-03-22 19:25:27','2022-03-22 19:26:05'),(1027,0,'en','core/media/media','javascript.no_item.all_media.icon','fas fa-cloud-upload-alt','2022-03-22 19:25:27','2022-03-22 19:26:05'),(1028,0,'en','core/media/media','javascript.no_item.all_media.title','Drop files and folders here','2022-03-22 19:25:27','2022-03-22 19:26:05'),(1029,0,'en','core/media/media','javascript.no_item.all_media.message','Or use the upload button above','2022-03-22 19:25:27','2022-03-22 19:26:05'),(1030,0,'en','core/media/media','javascript.no_item.trash.icon','fas fa-trash-alt','2022-03-22 19:25:27','2022-03-22 19:26:05'),(1031,0,'en','core/media/media','javascript.no_item.trash.title','There is nothing in your trash currently','2022-03-22 19:25:27','2022-03-22 19:26:05'),(1032,0,'en','core/media/media','javascript.no_item.trash.message','Delete files to move them to trash automatically. Delete files from trash to remove them permanently','2022-03-22 19:25:27','2022-03-22 19:26:05'),(1033,0,'en','core/media/media','javascript.no_item.favorites.icon','fas fa-star','2022-03-22 19:25:27','2022-03-22 19:26:05'),(1034,0,'en','core/media/media','javascript.no_item.favorites.title','You have not added anything to your favorites yet','2022-03-22 19:25:27','2022-03-22 19:26:05'),(1035,0,'en','core/media/media','javascript.no_item.favorites.message','Add files to favorites to easily find them later','2022-03-22 19:25:27','2022-03-22 19:26:05'),(1036,0,'en','core/media/media','javascript.no_item.recent.icon','far fa-clock','2022-03-22 19:25:27','2022-03-22 19:26:05'),(1037,0,'en','core/media/media','javascript.no_item.recent.title','You did not opened anything yet','2022-03-22 19:25:27','2022-03-22 19:26:05'),(1038,0,'en','core/media/media','javascript.no_item.recent.message','All recent files that you opened will be appeared here','2022-03-22 19:25:27','2022-03-22 19:26:05'),(1039,0,'en','core/media/media','javascript.no_item.default.icon','fas fa-sync','2022-03-22 19:25:27','2022-03-22 19:26:05'),(1040,0,'en','core/media/media','javascript.no_item.default.title','No items','2022-03-22 19:25:27','2022-03-22 19:26:05'),(1041,0,'en','core/media/media','javascript.no_item.default.message','This directory has no item','2022-03-22 19:25:27','2022-03-22 19:26:05'),(1042,0,'en','core/media/media','javascript.clipboard.success','These file links has been copied to clipboard','2022-03-22 19:25:27','2022-03-22 19:26:05'),(1043,0,'en','core/media/media','javascript.message.error_header','Error','2022-03-22 19:25:27','2022-03-22 19:26:05'),(1044,0,'en','core/media/media','javascript.message.success_header','Success','2022-03-22 19:25:27','2022-03-22 19:26:05'),(1045,0,'en','core/media/media','javascript.download.error','No files selected or cannot download these files','2022-03-22 19:25:27','2022-03-22 19:26:05'),(1046,0,'en','core/media/media','javascript.actions_list.basic.preview','Preview','2022-03-22 19:25:27','2022-03-22 19:26:05'),(1047,0,'en','core/media/media','javascript.actions_list.file.copy_link','Copy link','2022-03-22 19:25:27','2022-03-22 19:26:05'),(1048,0,'en','core/media/media','javascript.actions_list.file.rename','Rename','2022-03-22 19:25:27','2022-03-22 19:26:05'),(1049,0,'en','core/media/media','javascript.actions_list.file.make_copy','Make a copy','2022-03-22 19:25:27','2022-03-22 19:26:05'),(1050,0,'en','core/media/media','javascript.actions_list.user.favorite','Add to favorite','2022-03-22 19:25:27','2022-03-22 19:26:05'),(1051,0,'en','core/media/media','javascript.actions_list.user.remove_favorite','Remove favorite','2022-03-22 19:25:27','2022-03-22 19:26:05'),(1052,0,'en','core/media/media','javascript.actions_list.other.download','Download','2022-03-22 19:25:27','2022-03-22 19:26:05'),(1053,0,'en','core/media/media','javascript.actions_list.other.trash','Move to trash','2022-03-22 19:25:27','2022-03-22 19:26:05'),(1054,0,'en','core/media/media','javascript.actions_list.other.delete','Delete permanently','2022-03-22 19:25:27','2022-03-22 19:26:05'),(1055,0,'en','core/media/media','javascript.actions_list.other.restore','Restore','2022-03-22 19:25:27','2022-03-22 19:26:05'),(1056,0,'en','core/media/media','name_invalid','The folder name has invalid character(s).','2022-03-22 19:25:27','2022-03-22 19:26:05'),(1057,0,'en','core/media/media','url_invalid','Please provide a valid URL','2022-03-22 19:25:27','2022-03-22 19:26:05'),(1058,0,'en','core/media/media','path_invalid','Please provide a valid path','2022-03-22 19:25:27','2022-03-22 19:26:05'),(1059,0,'en','core/media/media','download_link','Download','2022-03-22 19:25:27','2022-03-22 19:26:05'),(1060,0,'en','core/media/media','url','URL','2022-03-22 19:25:27','2022-03-22 19:26:05'),(1061,0,'en','core/media/media','download_explain','Enter one URL per line.','2022-03-22 19:25:27','2022-03-22 19:26:05'),(1062,0,'en','core/media/media','downloading','Downloading...','2022-03-22 19:25:27','2022-03-22 19:26:05'),(1063,0,'vi','core/media/media','filter','Lọc','2022-03-22 19:25:27','2022-03-22 19:26:05'),(1064,0,'vi','core/media/media','everything','Tất cả','2022-03-22 19:25:27','2022-03-22 19:26:05'),(1065,0,'vi','core/media/media','image','Hình ảnh','2022-03-22 19:25:27','2022-03-22 19:26:05'),(1066,0,'vi','core/media/media','video','Phim','2022-03-22 19:25:27','2022-03-22 19:26:05'),(1067,0,'vi','core/media/media','document','Tài liệu','2022-03-22 19:25:27','2022-03-22 19:26:05'),(1068,0,'vi','core/media/media','view_in','Chế độ xem','2022-03-22 19:25:27','2022-03-22 19:26:05'),(1069,0,'vi','core/media/media','all_media','Tất cả tập tin','2022-03-22 19:25:27','2022-03-22 19:26:05'),(1070,0,'vi','core/media/media','trash','Thùng rác','2022-03-22 19:25:27','2022-03-22 19:26:05'),(1071,0,'vi','core/media/media','recent','Gần đây','2022-03-22 19:25:27','2022-03-22 19:26:05'),(1072,0,'vi','core/media/media','favorites','Được gắn dấu sao','2022-03-22 19:25:27','2022-03-22 19:26:05'),(1073,0,'vi','core/media/media','upload','Tải lên','2022-03-22 19:25:27','2022-03-22 19:26:05'),(1074,0,'vi','core/media/media','create_folder','Tạo thư mục','2022-03-22 19:25:27','2022-03-22 19:26:05'),(1075,0,'vi','core/media/media','refresh','Làm mới','2022-03-22 19:25:27','2022-03-22 19:26:05'),(1076,0,'vi','core/media/media','empty_trash','Dọn thùng rác','2022-03-22 19:25:27','2022-03-22 19:26:05'),(1077,0,'vi','core/media/media','search_file_and_folder','Tìm kiếm tập tin và thư mục','2022-03-22 19:25:27','2022-03-22 19:26:05'),(1078,0,'vi','core/media/media','sort','Sắp xếp','2022-03-22 19:25:27','2022-03-22 19:26:05'),(1079,0,'vi','core/media/media','file_name_asc','Tên tập tin - ASC','2022-03-22 19:25:27','2022-03-22 19:26:05'),(1080,0,'vi','core/media/media','file_name_desc','Tên tập tin - DESC','2022-03-22 19:25:27','2022-03-22 19:26:05'),(1081,0,'vi','core/media/media','uploaded_date_asc','Ngày tải lên - ASC','2022-03-22 19:25:27','2022-03-22 19:26:05'),(1082,0,'vi','core/media/media','uploaded_date_desc','Ngày tải lên - DESC','2022-03-22 19:25:27','2022-03-22 19:26:05'),(1083,0,'vi','core/media/media','size_asc','Kích thước - ASC','2022-03-22 19:25:27','2022-03-22 19:26:05'),(1084,0,'vi','core/media/media','size_desc','Kích thước - DESC','2022-03-22 19:25:27','2022-03-22 19:26:05'),(1085,0,'vi','core/media/media','actions','Hành động','2022-03-22 19:25:27','2022-03-22 19:26:05'),(1086,0,'vi','core/media/media','nothing_is_selected','Không có tập tin nào được chọn','2022-03-22 19:25:27','2022-03-22 19:26:05'),(1087,0,'vi','core/media/media','insert','Chèn','2022-03-22 19:25:27','2022-03-22 19:26:05'),(1088,0,'vi','core/media/media','folder_name','Tên thư mục','2022-03-22 19:25:27','2022-03-22 19:26:05'),(1089,0,'vi','core/media/media','create','Tạo','2022-03-22 19:25:27','2022-03-22 19:26:05'),(1090,0,'vi','core/media/media','rename','Đổi tên','2022-03-22 19:25:27','2022-03-22 19:26:05'),(1091,0,'vi','core/media/media','close','Đóng','2022-03-22 19:25:27','2022-03-22 19:26:05'),(1092,0,'vi','core/media/media','save_changes','Lưu thay đổi','2022-03-22 19:25:27','2022-03-22 19:26:05'),(1093,0,'vi','core/media/media','move_to_trash','Đưa vào thùng rác','2022-03-22 19:25:27','2022-03-22 19:26:05'),(1094,0,'vi','core/media/media','confirm_trash','Bạn có chắc chắn muốn bỏ những tập tin này vào thùng rác?','2022-03-22 19:25:27','2022-03-22 19:26:05'),(1095,0,'vi','core/media/media','confirm','Xác nhận','2022-03-22 19:25:27','2022-03-22 19:26:05'),(1096,0,'vi','core/media/media','confirm_delete','Xóa tập tin','2022-03-22 19:25:27','2022-03-22 19:26:05'),(1097,0,'vi','core/media/media','confirm_delete_description','Hành động này không thể khôi phục. Bạn có chắc chắn muốn xóa các tập tin này?','2022-03-22 19:25:27','2022-03-22 19:26:05'),(1098,0,'vi','core/media/media','empty_trash_title','Dọn sạch thùng rác','2022-03-22 19:25:27','2022-03-22 19:26:05'),(1099,0,'vi','core/media/media','empty_trash_description','Hành động này không thể khôi phục. Bạn có chắc chắn muốn dọn sạch thùng rác?','2022-03-22 19:25:27','2022-03-22 19:26:05'),(1100,0,'vi','core/media/media','up_level','Quay lại một cấp','2022-03-22 19:25:27','2022-03-22 19:26:05'),(1101,0,'vi','core/media/media','upload_progress','Tiến trình tải lên','2022-03-22 19:25:27','2022-03-22 19:26:05'),(1102,0,'vi','core/media/media','folder_created','Tạo thư mục thành công!','2022-03-22 19:25:27','2022-03-22 19:26:05'),(1103,0,'vi','core/media/media','gallery','Thư viện tập tin','2022-03-22 19:25:27','2022-03-22 19:26:05'),(1104,0,'vi','core/media/media','trash_error','Có lỗi khi xóa tập tin/thư mục','2022-03-22 19:25:27','2022-03-22 19:26:05'),(1105,0,'vi','core/media/media','trash_success','Xóa tập tin/thư mục thành công!','2022-03-22 19:25:27','2022-03-22 19:26:05'),(1106,0,'vi','core/media/media','restore_error','Có lỗi trong quá trình khôi phục','2022-03-22 19:25:27','2022-03-22 19:26:05'),(1107,0,'vi','core/media/media','restore_success','Khôi phục thành công!','2022-03-22 19:25:27','2022-03-22 19:26:05'),(1108,0,'vi','core/media/media','copy_success','Sao chép thành công!','2022-03-22 19:25:27','2022-03-22 19:26:05'),(1109,0,'vi','core/media/media','delete_success','Xóa thành công!','2022-03-22 19:25:27','2022-03-22 19:26:05'),(1110,0,'vi','core/media/media','favorite_success','Thêm dấu sao thành công!','2022-03-22 19:25:27','2022-03-22 19:26:05'),(1111,0,'vi','core/media/media','remove_favorite_success','Bỏ dấu sao thành công!','2022-03-22 19:25:27','2022-03-22 19:26:05'),(1112,0,'vi','core/media/media','rename_error','Có lỗi trong quá trình đổi tên','2022-03-22 19:25:27','2022-03-22 19:26:05'),(1113,0,'vi','core/media/media','rename_success','Đổi tên thành công!','2022-03-22 19:25:27','2022-03-22 19:26:05'),(1114,0,'vi','core/media/media','invalid_action','Hành động không hợp lệ!','2022-03-22 19:25:27','2022-03-22 19:26:05'),(1115,0,'vi','core/media/media','file_not_exists','Tập tin không tồn tại!','2022-03-22 19:25:27','2022-03-22 19:26:05'),(1116,0,'vi','core/media/media','download_file_error','Có lỗi trong quá trình tải xuống tập tin!','2022-03-22 19:25:27','2022-03-22 19:26:05'),(1117,0,'vi','core/media/media','missing_zip_archive_extension','Hãy bật ZipArchive extension để tải tập tin!','2022-03-22 19:25:27','2022-03-22 19:26:05'),(1118,0,'vi','core/media/media','can_not_download_file','Không thể tải tập tin!','2022-03-22 19:25:27','2022-03-22 19:26:05'),(1119,0,'vi','core/media/media','invalid_request','Yêu cầu không hợp lệ!','2022-03-22 19:25:27','2022-03-22 19:26:05'),(1120,0,'vi','core/media/media','add_success','Thêm thành công!','2022-03-22 19:25:27','2022-03-22 19:26:05'),(1121,0,'vi','core/media/media','file_too_big','Tập tin quá lớn. Giới hạn tải lên là :size bytes','2022-03-22 19:25:27','2022-03-22 19:26:05'),(1122,0,'vi','core/media/media','can_not_detect_file_type','Loại tập tin không hợp lệ hoặc không thể xác định loại tập tin!','2022-03-22 19:25:27','2022-03-22 19:26:05'),(1123,0,'vi','core/media/media','upload_failed','The file is NOT uploaded completely. The server allows max upload file size is :size . Please check your file size OR try to upload again in case of having network errors','2022-03-22 19:25:27','2022-03-22 19:26:05'),(1124,0,'vi','core/media/media','menu_name','Quản lý tập tin','2022-03-22 19:25:27','2022-03-22 19:26:05'),(1125,0,'vi','core/media/media','add','Thêm tập tin','2022-03-22 19:25:27','2022-03-22 19:26:05'),(1126,0,'vi','core/media/media','javascript.name','Tên','2022-03-22 19:25:27','2022-03-22 19:26:05'),(1127,0,'vi','core/media/media','javascript.url','Đường dẫn','2022-03-22 19:25:27','2022-03-22 19:26:05'),(1128,0,'vi','core/media/media','javascript.full_url','Đường dẫn tuyệt đối','2022-03-22 19:25:27','2022-03-22 19:26:05'),(1129,0,'vi','core/media/media','javascript.size','Kích thước','2022-03-22 19:25:27','2022-03-22 19:26:05'),(1130,0,'vi','core/media/media','javascript.mime_type','Loại','2022-03-22 19:25:27','2022-03-22 19:26:05'),(1131,0,'vi','core/media/media','javascript.created_at','Được tải lên lúc','2022-03-22 19:25:27','2022-03-22 19:26:05'),(1132,0,'vi','core/media/media','javascript.updated_at','Được chỉnh sửa lúc','2022-03-22 19:25:27','2022-03-22 19:26:05'),(1133,0,'vi','core/media/media','javascript.nothing_selected','Bạn chưa chọn tập tin nào','2022-03-22 19:25:27','2022-03-22 19:26:05'),(1134,0,'vi','core/media/media','javascript.visit_link','Mở liên kết','2022-03-22 19:25:27','2022-03-22 19:26:05'),(1135,0,'vi','core/media/media','javascript.no_item.all_media.icon','fas fa-cloud-upload-alt','2022-03-22 19:25:27','2022-03-22 19:26:05'),(1136,0,'vi','core/media/media','javascript.no_item.all_media.title','Bạn có thể kéo thả tập tin vào đây để tải lên','2022-03-22 19:25:27','2022-03-22 19:26:05'),(1137,0,'vi','core/media/media','javascript.no_item.all_media.message','Hoặc có thể bấm nút Tải lên ở phía trên','2022-03-22 19:25:27','2022-03-22 19:26:05'),(1138,0,'vi','core/media/media','javascript.no_item.trash.icon','fas fa-trash-alt','2022-03-22 19:25:27','2022-03-22 19:26:05'),(1139,0,'vi','core/media/media','javascript.no_item.trash.title','Hiện tại không có tập tin nào trong thùng rác','2022-03-22 19:25:27','2022-03-22 19:26:05'),(1140,0,'vi','core/media/media','javascript.no_item.trash.message','Xóa tập tin sẽ đem tập tin lưu vào thùng rác. Xóa tập tin trong thùng rác sẽ xóa vĩnh viễn.','2022-03-22 19:25:27','2022-03-22 19:26:05'),(1141,0,'vi','core/media/media','javascript.no_item.favorites.icon','fas fa-star','2022-03-22 19:25:27','2022-03-22 19:26:05'),(1142,0,'vi','core/media/media','javascript.no_item.favorites.title','Bạn chưa đặt tập tin nào vào mục yêu thích','2022-03-22 19:25:27','2022-03-22 19:26:05'),(1143,0,'vi','core/media/media','javascript.no_item.favorites.message','Thêm tập tin vào mục yêu thích để tìm kiếm chúng dễ dàng sau này.','2022-03-22 19:25:27','2022-03-22 19:26:05'),(1144,0,'vi','core/media/media','javascript.no_item.recent.icon','far fa-clock','2022-03-22 19:25:27','2022-03-22 19:26:05'),(1145,0,'vi','core/media/media','javascript.no_item.recent.title','Bạn chưa mở tập tin nào.','2022-03-22 19:25:27','2022-03-22 19:26:05'),(1146,0,'vi','core/media/media','javascript.no_item.recent.message','Mục này hiển thị các tập tin bạn đã xem gần đây.','2022-03-22 19:25:27','2022-03-22 19:26:05'),(1147,0,'vi','core/media/media','javascript.no_item.default.icon','fas fa-sync','2022-03-22 19:25:27','2022-03-22 19:26:05'),(1148,0,'vi','core/media/media','javascript.no_item.default.title','Thư mục trống','2022-03-22 19:25:27','2022-03-22 19:26:05'),(1149,0,'vi','core/media/media','javascript.no_item.default.message','Thư mục này chưa có tập tin nào','2022-03-22 19:25:27','2022-03-22 19:26:05'),(1150,0,'vi','core/media/media','javascript.clipboard.success','Đường dẫn của các tập tin đã được sao chép vào clipboard','2022-03-22 19:25:27','2022-03-22 19:26:05'),(1151,0,'vi','core/media/media','javascript.message.error_header','Lỗi','2022-03-22 19:25:27','2022-03-22 19:26:05'),(1152,0,'vi','core/media/media','javascript.message.success_header','Thành công','2022-03-22 19:25:27','2022-03-22 19:26:05'),(1153,0,'vi','core/media/media','javascript.download.error','Bạn chưa chọn tập tin nào hoặc tập tin này không cho phép tải về','2022-03-22 19:25:27','2022-03-22 19:26:05'),(1154,0,'vi','core/media/media','javascript.actions_list.basic.preview','Xem trước','2022-03-22 19:25:27','2022-03-22 19:26:05'),(1155,0,'vi','core/media/media','javascript.actions_list.file.copy_link','Sao chép đường dẫn','2022-03-22 19:25:27','2022-03-22 19:26:05'),(1156,0,'vi','core/media/media','javascript.actions_list.file.rename','Đổi tên','2022-03-22 19:25:27','2022-03-22 19:26:05'),(1157,0,'vi','core/media/media','javascript.actions_list.file.make_copy','Nhân bản','2022-03-22 19:25:27','2022-03-22 19:26:05'),(1158,0,'vi','core/media/media','javascript.actions_list.user.favorite','Yêu thích','2022-03-22 19:25:27','2022-03-22 19:26:05'),(1159,0,'vi','core/media/media','javascript.actions_list.user.remove_favorite','Xóa khỏi mục yêu thích','2022-03-22 19:25:27','2022-03-22 19:26:05'),(1160,0,'vi','core/media/media','javascript.actions_list.other.download','Tải xuống','2022-03-22 19:25:27','2022-03-22 19:26:05'),(1161,0,'vi','core/media/media','javascript.actions_list.other.trash','Chuyển vào thùng rác','2022-03-22 19:25:27','2022-03-22 19:26:05'),(1162,0,'vi','core/media/media','javascript.actions_list.other.delete','Xóa hoàn toàn','2022-03-22 19:25:27','2022-03-22 19:26:05'),(1163,0,'vi','core/media/media','javascript.actions_list.other.restore','Khôi phục','2022-03-22 19:25:27','2022-03-22 19:26:05'),(1164,0,'vi','core/media/media','empty_trash_success','Dọn sạch thùng rác thành công','2022-03-22 19:25:27','2022-03-22 19:26:05'),(1165,0,'vi','core/media/media','name_invalid','Tên thư mục chứa ký tự không hợp lệ','2022-03-22 19:25:27','2022-03-22 19:26:05'),(1166,0,'en','core/setting/setting','title','Settings','2022-03-22 19:25:27','2022-03-22 19:26:05'),(1167,0,'en','core/setting/setting','email_setting_title','Email settings','2022-03-22 19:25:27','2022-03-22 19:26:05'),(1168,0,'en','core/setting/setting','general.theme','Theme','2022-03-22 19:25:27','2022-03-22 19:26:05'),(1169,0,'en','core/setting/setting','general.description','Setting site information','2022-03-22 19:25:27','2022-03-22 19:26:05'),(1170,0,'en','core/setting/setting','general.title','General','2022-03-22 19:25:27','2022-03-22 19:26:05'),(1171,0,'en','core/setting/setting','general.general_block','General Information','2022-03-22 19:25:27','2022-03-22 19:26:05'),(1172,0,'en','core/setting/setting','general.rich_editor','Rich Editor','2022-03-22 19:25:27','2022-03-22 19:26:05'),(1173,0,'en','core/setting/setting','general.site_title','Site title','2022-03-22 19:25:27','2022-03-22 19:26:05'),(1174,0,'en','core/setting/setting','general.admin_email','Admin Email','2022-03-22 19:25:27','2022-03-22 19:26:05'),(1175,0,'en','core/setting/setting','general.seo_block','SEO Configuration','2022-03-22 19:25:27','2022-03-22 19:26:05'),(1176,0,'en','core/setting/setting','general.seo_title','SEO Title','2022-03-22 19:25:27','2022-03-22 19:26:05'),(1177,0,'en','core/setting/setting','general.seo_description','SEO Description','2022-03-22 19:25:27','2022-03-22 19:26:05'),(1178,0,'en','core/setting/setting','general.webmaster_tools_block','Google Webmaster Tools','2022-03-22 19:25:27','2022-03-22 19:26:05'),(1179,0,'en','core/setting/setting','general.google_site_verification','Google site verification','2022-03-22 19:25:27','2022-03-22 19:26:05'),(1180,0,'en','core/setting/setting','general.placeholder.site_title','Site Title (maximum 120 characters)','2022-03-22 19:25:27','2022-03-22 19:26:05'),(1181,0,'en','core/setting/setting','general.placeholder.admin_email','Admin Email','2022-03-22 19:25:27','2022-03-22 19:26:05'),(1182,0,'en','core/setting/setting','general.placeholder.seo_title','SEO Title (maximum 120 characters)','2022-03-22 19:25:27','2022-03-22 19:26:05'),(1183,0,'en','core/setting/setting','general.placeholder.seo_description','SEO Description (maximum 120 characters)','2022-03-22 19:25:27','2022-03-22 19:26:05'),(1184,0,'en','core/setting/setting','general.placeholder.google_analytics','Google Analytics','2022-03-22 19:25:27','2022-03-22 19:26:05'),(1185,0,'en','core/setting/setting','general.placeholder.google_site_verification','Google Site Verification','2022-03-22 19:25:27','2022-03-22 19:26:05'),(1186,0,'en','core/setting/setting','general.cache_admin_menu','Cache admin menu?','2022-03-22 19:25:28','2022-03-22 19:26:05'),(1187,0,'en','core/setting/setting','general.enable_send_error_reporting_via_email','Enable to send error reporting via email?','2022-03-22 19:25:28','2022-03-22 19:26:05'),(1188,0,'en','core/setting/setting','general.time_zone','Timezone','2022-03-22 19:25:28','2022-03-22 19:26:05'),(1189,0,'en','core/setting/setting','general.default_admin_theme','Default admin theme','2022-03-22 19:25:28','2022-03-22 19:26:05'),(1190,0,'en','core/setting/setting','general.enable_change_admin_theme','Enable change admin theme?','2022-03-22 19:25:28','2022-03-22 19:26:05'),(1191,0,'en','core/setting/setting','general.enable','Enable','2022-03-22 19:25:28','2022-03-22 19:26:05'),(1192,0,'en','core/setting/setting','general.disable','Disable','2022-03-22 19:25:28','2022-03-22 19:26:05'),(1193,0,'en','core/setting/setting','general.enable_cache','Enable cache?','2022-03-22 19:25:28','2022-03-22 19:26:05'),(1194,0,'en','core/setting/setting','general.cache_time','Cache time (minutes)','2022-03-22 19:25:28','2022-03-22 19:26:05'),(1195,0,'en','core/setting/setting','general.cache_time_site_map','Cache Time Site map','2022-03-22 19:25:28','2022-03-22 19:26:05'),(1196,0,'en','core/setting/setting','general.admin_logo','Admin logo','2022-03-22 19:25:28','2022-03-22 19:26:05'),(1197,0,'en','core/setting/setting','general.admin_favicon','Admin favicon','2022-03-22 19:25:28','2022-03-22 19:26:05'),(1198,0,'en','core/setting/setting','general.admin_title','Admin title','2022-03-22 19:25:28','2022-03-22 19:26:05'),(1199,0,'en','core/setting/setting','general.admin_title_placeholder','Title show to tab of browser','2022-03-22 19:25:28','2022-03-22 19:26:05'),(1200,0,'en','core/setting/setting','general.cache_block','Cache','2022-03-22 19:25:28','2022-03-22 19:26:05'),(1201,0,'en','core/setting/setting','general.admin_appearance_title','Admin appearance','2022-03-22 19:25:28','2022-03-22 19:26:05'),(1202,0,'en','core/setting/setting','general.admin_appearance_description','Setting admin appearance such as editor, language...','2022-03-22 19:25:28','2022-03-22 19:26:05'),(1203,0,'en','core/setting/setting','general.seo_block_description','Setting site title, site meta description, site keyword for optimize SEO','2022-03-22 19:25:28','2022-03-22 19:26:05'),(1204,0,'en','core/setting/setting','general.webmaster_tools_description','Google Webmaster Tools (GWT) is free software that helps you manage the technical side of your website','2022-03-22 19:25:28','2022-03-22 19:26:05'),(1205,0,'en','core/setting/setting','general.cache_description','Config cache for system for optimize speed','2022-03-22 19:25:28','2022-03-22 19:26:05'),(1206,0,'en','core/setting/setting','general.yes','Yes','2022-03-22 19:25:28','2022-03-22 19:26:05'),(1207,0,'en','core/setting/setting','general.no','No','2022-03-22 19:25:28','2022-03-22 19:26:05'),(1208,0,'en','core/setting/setting','general.show_on_front','Your homepage displays','2022-03-22 19:25:28','2022-03-22 19:26:05'),(1209,0,'en','core/setting/setting','general.select','— Select —','2022-03-22 19:25:28','2022-03-22 19:26:05'),(1210,0,'en','core/setting/setting','general.show_site_name','Show site name after page title, separate with \"-\"?','2022-03-22 19:25:28','2022-03-22 19:26:05'),(1211,0,'en','core/setting/setting','general.locale','Site language','2022-03-22 19:25:28','2022-03-22 19:26:05'),(1212,0,'en','core/setting/setting','general.locale_direction','Front site language direction','2022-03-22 19:25:28','2022-03-22 19:26:05'),(1213,0,'en','core/setting/setting','general.admin_locale_direction','Admin language direction','2022-03-22 19:25:28','2022-03-22 19:26:05'),(1214,0,'en','core/setting/setting','general.admin_login_screen_backgrounds','Login screen backgrounds (~1366x768)','2022-03-22 19:25:28','2022-03-22 19:26:05'),(1215,0,'en','core/setting/setting','email.subject','Subject','2022-03-22 19:25:28','2022-03-22 19:26:05'),(1216,0,'en','core/setting/setting','email.content','Content','2022-03-22 19:25:28','2022-03-22 19:26:05'),(1217,0,'en','core/setting/setting','email.title','Setting for email template','2022-03-22 19:25:28','2022-03-22 19:26:05'),(1218,0,'en','core/setting/setting','email.description','Email template using HTML & system variables.','2022-03-22 19:25:28','2022-03-22 19:26:05'),(1219,0,'en','core/setting/setting','email.reset_to_default','Reset to default','2022-03-22 19:25:28','2022-03-22 19:26:05'),(1220,0,'en','core/setting/setting','email.back','Back to settings','2022-03-22 19:25:28','2022-03-22 19:26:05'),(1221,0,'en','core/setting/setting','email.reset_success','Reset back to default successfully','2022-03-22 19:25:28','2022-03-22 19:26:05'),(1222,0,'en','core/setting/setting','email.confirm_reset','Confirm reset email template?','2022-03-22 19:25:28','2022-03-22 19:26:05'),(1223,0,'en','core/setting/setting','email.confirm_message','Do you really want to reset this email template to default?','2022-03-22 19:25:28','2022-03-22 19:26:05'),(1224,0,'en','core/setting/setting','email.continue','Continue','2022-03-22 19:25:28','2022-03-22 19:26:05'),(1225,0,'en','core/setting/setting','email.sender_name','Sender name','2022-03-22 19:25:28','2022-03-22 19:26:05'),(1226,0,'en','core/setting/setting','email.sender_name_placeholder','Name','2022-03-22 19:25:28','2022-03-22 19:26:05'),(1227,0,'en','core/setting/setting','email.sender_email','Sender email','2022-03-22 19:25:28','2022-03-22 19:26:05'),(1228,0,'en','core/setting/setting','email.mailer','Mailer','2022-03-22 19:25:28','2022-03-22 19:26:05'),(1229,0,'en','core/setting/setting','email.port','Port','2022-03-22 19:25:28','2022-03-22 19:26:05'),(1230,0,'en','core/setting/setting','email.port_placeholder','Ex: 587','2022-03-22 19:25:28','2022-03-22 19:26:05'),(1231,0,'en','core/setting/setting','email.host','Host','2022-03-22 19:25:28','2022-03-22 19:26:05'),(1232,0,'en','core/setting/setting','email.host_placeholder','Ex: smtp.gmail.com','2022-03-22 19:25:28','2022-03-22 19:26:05'),(1233,0,'en','core/setting/setting','email.username','Username','2022-03-22 19:25:28','2022-03-22 19:26:05'),(1234,0,'en','core/setting/setting','email.username_placeholder','Username to login to mail server','2022-03-22 19:25:28','2022-03-22 19:26:05'),(1235,0,'en','core/setting/setting','email.password','Password','2022-03-22 19:25:28','2022-03-22 19:26:05'),(1236,0,'en','core/setting/setting','email.password_placeholder','Password to login to mail server','2022-03-22 19:25:28','2022-03-22 19:26:05'),(1237,0,'en','core/setting/setting','email.encryption','Encryption','2022-03-22 19:25:28','2022-03-22 19:26:05'),(1238,0,'en','core/setting/setting','email.mail_gun_domain','Domain','2022-03-22 19:25:28','2022-03-22 19:26:05'),(1239,0,'en','core/setting/setting','email.mail_gun_domain_placeholder','Domain','2022-03-22 19:25:28','2022-03-22 19:26:05'),(1240,0,'en','core/setting/setting','email.mail_gun_secret','Secret','2022-03-22 19:25:28','2022-03-22 19:26:05'),(1241,0,'en','core/setting/setting','email.mail_gun_secret_placeholder','Secret','2022-03-22 19:25:28','2022-03-22 19:26:05'),(1242,0,'en','core/setting/setting','email.mail_gun_endpoint','Endpoint','2022-03-22 19:25:28','2022-03-22 19:26:05'),(1243,0,'en','core/setting/setting','email.mail_gun_endpoint_placeholder','Endpoint','2022-03-22 19:25:28','2022-03-22 19:26:05'),(1244,0,'en','core/setting/setting','email.log_channel','Log channel','2022-03-22 19:25:28','2022-03-22 19:26:05'),(1245,0,'en','core/setting/setting','email.sendmail_path','Sendmail Path','2022-03-22 19:25:28','2022-03-22 19:26:05'),(1246,0,'en','core/setting/setting','email.encryption_placeholder','Encryption: ssl or tls','2022-03-22 19:25:28','2022-03-22 19:26:05'),(1247,0,'en','core/setting/setting','email.ses_key','Key','2022-03-22 19:25:28','2022-03-22 19:26:05'),(1248,0,'en','core/setting/setting','email.ses_key_placeholder','Key','2022-03-22 19:25:28','2022-03-22 19:26:05'),(1249,0,'en','core/setting/setting','email.ses_secret','Secret','2022-03-22 19:25:28','2022-03-22 19:26:05'),(1250,0,'en','core/setting/setting','email.ses_secret_placeholder','Secret','2022-03-22 19:25:28','2022-03-22 19:26:05'),(1251,0,'en','core/setting/setting','email.ses_region','Region','2022-03-22 19:25:28','2022-03-22 19:26:05'),(1252,0,'en','core/setting/setting','email.ses_region_placeholder','Region','2022-03-22 19:25:28','2022-03-22 19:26:05'),(1253,0,'en','core/setting/setting','email.postmark_token','Token','2022-03-22 19:25:28','2022-03-22 19:26:05'),(1254,0,'en','core/setting/setting','email.postmark_token_placeholder','Token','2022-03-22 19:25:28','2022-03-22 19:26:05'),(1255,0,'en','core/setting/setting','email.template_title','Email templates','2022-03-22 19:25:28','2022-03-22 19:26:05'),(1256,0,'en','core/setting/setting','email.template_description','Base templates for all emails','2022-03-22 19:25:28','2022-03-22 19:26:05'),(1257,0,'en','core/setting/setting','email.template_header','Email template header','2022-03-22 19:25:28','2022-03-22 19:26:05'),(1258,0,'en','core/setting/setting','email.template_header_description','Template for header of emails','2022-03-22 19:25:28','2022-03-22 19:26:05'),(1259,0,'en','core/setting/setting','email.template_footer','Email template footer','2022-03-22 19:25:28','2022-03-22 19:26:05'),(1260,0,'en','core/setting/setting','email.template_footer_description','Template for footer of emails','2022-03-22 19:25:28','2022-03-22 19:26:05'),(1261,0,'en','core/setting/setting','email.default','Default','2022-03-22 19:25:28','2022-03-22 19:26:05'),(1262,0,'en','core/setting/setting','email.using_queue_to_send_mail','Using queue job to send emails (Must to setup Queue first https://laravel.com/docs/queues#supervisor-configuration)','2022-03-22 19:25:28','2022-03-22 19:26:05'),(1263,0,'en','core/setting/setting','media.title','Media','2022-03-22 19:25:28','2022-03-22 19:26:05'),(1264,0,'en','core/setting/setting','media.driver','Driver','2022-03-22 19:25:28','2022-03-22 19:26:05'),(1265,0,'en','core/setting/setting','media.description','Settings for media','2022-03-22 19:25:28','2022-03-22 19:26:05'),(1266,0,'en','core/setting/setting','media.aws_access_key_id','AWS Access Key ID','2022-03-22 19:25:28','2022-03-22 19:26:05'),(1267,0,'en','core/setting/setting','media.aws_secret_key','AWS Secret Key','2022-03-22 19:25:28','2022-03-22 19:26:05'),(1268,0,'en','core/setting/setting','media.aws_default_region','AWS Default Region','2022-03-22 19:25:28','2022-03-22 19:26:05'),(1269,0,'en','core/setting/setting','media.aws_bucket','AWS Bucket','2022-03-22 19:25:28','2022-03-22 19:26:05'),(1270,0,'en','core/setting/setting','media.aws_url','AWS URL','2022-03-22 19:25:28','2022-03-22 19:26:05'),(1271,0,'en','core/setting/setting','media.aws_endpoint','AWS Endpoint (Optional)','2022-03-22 19:25:28','2022-03-22 19:26:05'),(1272,0,'en','core/setting/setting','media.do_spaces_access_key_id','DO Spaces Access Key ID','2022-03-22 19:25:28','2022-03-22 19:26:05'),(1273,0,'en','core/setting/setting','media.do_spaces_secret_key','DO Spaces Secret Key','2022-03-22 19:25:28','2022-03-22 19:26:05'),(1274,0,'en','core/setting/setting','media.do_spaces_default_region','DO Spaces Default Region','2022-03-22 19:25:28','2022-03-22 19:26:05'),(1275,0,'en','core/setting/setting','media.do_spaces_bucket','DO Spaces Bucket','2022-03-22 19:25:28','2022-03-22 19:26:05'),(1276,0,'en','core/setting/setting','media.do_spaces_endpoint','DO Spaces Endpoint','2022-03-22 19:25:28','2022-03-22 19:26:05'),(1277,0,'en','core/setting/setting','media.do_spaces_cdn_enabled','Is DO Spaces CDN enabled?','2022-03-22 19:25:28','2022-03-22 19:26:05'),(1278,0,'en','core/setting/setting','media.media_do_spaces_cdn_custom_domain','Do Spaces CDN custom domain','2022-03-22 19:25:28','2022-03-22 19:26:05'),(1279,0,'en','core/setting/setting','media.media_do_spaces_cdn_custom_domain_placeholder','https://your-custom-domain.com','2022-03-22 19:25:28','2022-03-22 19:26:05'),(1280,0,'en','core/setting/setting','media.wasabi_access_key_id','Wasabi Access Key ID','2022-03-22 19:25:28','2022-03-22 19:26:05'),(1281,0,'en','core/setting/setting','media.wasabi_secret_key','Wasabi Secret Key','2022-03-22 19:25:28','2022-03-22 19:26:05'),(1282,0,'en','core/setting/setting','media.wasabi_default_region','Wasabi Default Region','2022-03-22 19:25:28','2022-03-22 19:26:05'),(1283,0,'en','core/setting/setting','media.wasabi_bucket','Wasabi Bucket','2022-03-22 19:25:28','2022-03-22 19:26:05'),(1284,0,'en','core/setting/setting','media.wasabi_root','Wasabi Root','2022-03-22 19:25:28','2022-03-22 19:26:05'),(1285,0,'en','core/setting/setting','media.default_placeholder_image','Default placeholder image','2022-03-22 19:25:28','2022-03-22 19:26:05'),(1286,0,'en','core/setting/setting','media.enable_chunk','Enable chunk size upload?','2022-03-22 19:25:28','2022-03-22 19:26:05'),(1287,0,'en','core/setting/setting','media.chunk_size','Chunk size (Bytes)','2022-03-22 19:25:28','2022-03-22 19:26:05'),(1288,0,'en','core/setting/setting','media.chunk_size_placeholder','Default: 1048576 ~ 1MB','2022-03-22 19:25:28','2022-03-22 19:26:05'),(1289,0,'en','core/setting/setting','media.max_file_size','Chunk max file size (MB)','2022-03-22 19:25:28','2022-03-22 19:26:05'),(1290,0,'en','core/setting/setting','media.max_file_size_placeholder','Default: 1048576 ~ 1GB','2022-03-22 19:25:28','2022-03-22 19:26:05'),(1291,0,'en','core/setting/setting','media.enable_watermark','Enable watermark?','2022-03-22 19:25:28','2022-03-22 19:26:05'),(1292,0,'en','core/setting/setting','media.watermark_source','Watermark image','2022-03-22 19:25:28','2022-03-22 19:26:05'),(1293,0,'en','core/setting/setting','media.watermark_size','Size of watermark (%)','2022-03-22 19:25:28','2022-03-22 19:26:05'),(1294,0,'en','core/setting/setting','media.watermark_size_placeholder','Default: 10 (%)','2022-03-22 19:25:28','2022-03-22 19:26:05'),(1295,0,'en','core/setting/setting','media.watermark_opacity','Watermark Opacity (%)','2022-03-22 19:25:28','2022-03-22 19:26:05'),(1296,0,'en','core/setting/setting','media.watermark_opacity_placeholder','Default: 70 (%)','2022-03-22 19:25:28','2022-03-22 19:26:05'),(1297,0,'en','core/setting/setting','media.watermark_position','Watermark position','2022-03-22 19:25:28','2022-03-22 19:26:05'),(1298,0,'en','core/setting/setting','media.watermark_position_x','Watermark position X','2022-03-22 19:25:28','2022-03-22 19:26:05'),(1299,0,'en','core/setting/setting','media.watermark_position_y','Watermark position Y','2022-03-22 19:25:28','2022-03-22 19:26:05'),(1300,0,'en','core/setting/setting','media.watermark_position_top_left','Top left','2022-03-22 19:25:28','2022-03-22 19:26:05'),(1301,0,'en','core/setting/setting','media.watermark_position_top_right','Top right','2022-03-22 19:25:28','2022-03-22 19:26:05'),(1302,0,'en','core/setting/setting','media.watermark_position_bottom_left','Bottom left','2022-03-22 19:25:28','2022-03-22 19:26:05'),(1303,0,'en','core/setting/setting','media.watermark_position_bottom_right','Bottom right','2022-03-22 19:25:28','2022-03-22 19:26:05'),(1304,0,'en','core/setting/setting','media.watermark_position_center','Center','2022-03-22 19:25:28','2022-03-22 19:26:05'),(1305,0,'en','core/setting/setting','media.turn_off_automatic_url_translation_into_latin','Turn off automatic URL translation into Latin?','2022-03-22 19:25:28','2022-03-22 19:26:05'),(1306,0,'en','core/setting/setting','media.bunnycdn_hostname','Hostname','2022-03-22 19:25:28','2022-03-22 19:26:05'),(1307,0,'en','core/setting/setting','media.bunnycdn_zone','Zone Name (The name of your storage zone)','2022-03-22 19:25:28','2022-03-22 19:26:05'),(1308,0,'en','core/setting/setting','media.bunnycdn_key','FTP & API Access Password (The storage zone API Access Password)','2022-03-22 19:25:28','2022-03-22 19:26:05'),(1309,0,'en','core/setting/setting','media.bunnycdn_region','Region (The storage zone region)','2022-03-22 19:25:28','2022-03-22 19:26:05'),(1310,0,'en','core/setting/setting','media.optional','Optional','2022-03-22 19:25:28','2022-03-22 19:26:05'),(1311,0,'en','core/setting/setting','license.purchase_code','Purchase code','2022-03-22 19:25:28','2022-03-22 19:26:05'),(1312,0,'en','core/setting/setting','license.buyer','Buyer','2022-03-22 19:25:28','2022-03-22 19:26:05'),(1313,0,'en','core/setting/setting','field_type_not_exists','This field type does not exist','2022-03-22 19:25:28','2022-03-22 19:26:05'),(1314,0,'en','core/setting/setting','save_settings','Save settings','2022-03-22 19:25:28','2022-03-22 19:26:05'),(1315,0,'en','core/setting/setting','template','Template','2022-03-22 19:25:28','2022-03-22 19:26:05'),(1316,0,'en','core/setting/setting','description','Description','2022-03-22 19:25:28','2022-03-22 19:26:05'),(1317,0,'en','core/setting/setting','enable','Enable','2022-03-22 19:25:28','2022-03-22 19:26:05'),(1318,0,'en','core/setting/setting','send','Send','2022-03-22 19:25:28','2022-03-22 19:26:05'),(1319,0,'en','core/setting/setting','test_email_description','To send test email, please make sure you are updated configuration to send mail!','2022-03-22 19:25:28','2022-03-22 19:26:05'),(1320,0,'en','core/setting/setting','test_email_input_placeholder','Enter the email which you want to send test email.','2022-03-22 19:25:28','2022-03-22 19:26:05'),(1321,0,'en','core/setting/setting','test_email_modal_title','Send a test email','2022-03-22 19:25:28','2022-03-22 19:26:05'),(1322,0,'en','core/setting/setting','test_send_mail','Send test mail','2022-03-22 19:25:28','2022-03-22 19:26:05'),(1323,0,'en','core/setting/setting','test_email_send_success','Send email successfully!','2022-03-22 19:25:28','2022-03-22 19:26:05'),(1324,0,'en','core/setting/setting','locale_direction_ltr','Left to Right','2022-03-22 19:25:28','2022-03-22 19:26:05'),(1325,0,'en','core/setting/setting','locale_direction_rtl','Right to Left','2022-03-22 19:25:28','2022-03-22 19:26:05'),(1326,0,'en','core/setting/setting','saving','Saving...','2022-03-22 19:25:28','2022-03-22 19:26:05'),(1327,0,'en','core/setting/setting','emails_warning','You can add up to :count emails','2022-03-22 19:25:28','2022-03-22 19:26:05'),(1328,0,'en','core/setting/setting','email_add_more','Add more','2022-03-22 19:25:28','2022-03-22 19:26:05'),(1329,0,'vi','core/setting/setting','title','Cài đặt','2022-03-22 19:25:28','2022-03-22 19:26:05'),(1330,0,'vi','core/setting/setting','general.theme','Giao diện','2022-03-22 19:25:28','2022-03-22 19:26:05'),(1331,0,'vi','core/setting/setting','general.description','Cấu hình những thông tin cài đặt website.','2022-03-22 19:25:28','2022-03-22 19:26:05'),(1332,0,'vi','core/setting/setting','general.title','Thông tin chung','2022-03-22 19:25:28','2022-03-22 19:26:05'),(1333,0,'vi','core/setting/setting','general.general_block','Thông tin chung','2022-03-22 19:25:28','2022-03-22 19:26:05'),(1334,0,'vi','core/setting/setting','general.site_title','Tên trang','2022-03-22 19:25:28','2022-03-22 19:26:05'),(1335,0,'vi','core/setting/setting','general.admin_email','Email quản trị viên','2022-03-22 19:25:28','2022-03-22 19:26:05'),(1336,0,'vi','core/setting/setting','general.seo_block','Cấu hình SEO','2022-03-22 19:25:28','2022-03-22 19:26:05'),(1337,0,'vi','core/setting/setting','general.seo_title','Tiêu đề SEO','2022-03-22 19:25:28','2022-03-22 19:26:05'),(1338,0,'vi','core/setting/setting','general.seo_description','Mô tả SEO','2022-03-22 19:25:28','2022-03-22 19:26:05'),(1339,0,'vi','core/setting/setting','general.webmaster_tools_block','Google Webmaster Tools','2022-03-22 19:25:28','2022-03-22 19:26:05'),(1340,0,'vi','core/setting/setting','general.google_site_verification','Google site verification','2022-03-22 19:25:28','2022-03-22 19:26:05'),(1341,0,'vi','core/setting/setting','general.placeholder.site_title','Tên trang (tối đa 120 kí tự)','2022-03-22 19:25:28','2022-03-22 19:26:05'),(1342,0,'vi','core/setting/setting','general.placeholder.admin_email','Admin Email','2022-03-22 19:25:28','2022-03-22 19:26:05'),(1343,0,'vi','core/setting/setting','general.placeholder.google_analytics','Ví dụ: UA-42767940-2','2022-03-22 19:25:28','2022-03-22 19:26:05'),(1344,0,'vi','core/setting/setting','general.placeholder.google_site_verification','Mã xác nhận trang web dùng cho Google Webmaster Tool','2022-03-22 19:25:28','2022-03-22 19:26:05'),(1345,0,'vi','core/setting/setting','general.placeholder.seo_title','Tiêu đề SEO (tối đa 120 kí tự)','2022-03-22 19:25:28','2022-03-22 19:26:05'),(1346,0,'vi','core/setting/setting','general.placeholder.seo_description','Mô tả SEO (tối đa 120 kí tự)','2022-03-22 19:25:28','2022-03-22 19:26:05'),(1347,0,'vi','core/setting/setting','general.enable_change_admin_theme','Cho phép thay đổi giao diện quản trị?','2022-03-22 19:25:28','2022-03-22 19:26:05'),(1348,0,'vi','core/setting/setting','general.enable','Bật','2022-03-22 19:25:28','2022-03-22 19:26:05'),(1349,0,'vi','core/setting/setting','general.disable','Tắt','2022-03-22 19:25:28','2022-03-22 19:26:05'),(1350,0,'vi','core/setting/setting','general.enable_cache','Bật bộ nhớ đệm?','2022-03-22 19:25:28','2022-03-22 19:26:05'),(1351,0,'vi','core/setting/setting','general.cache_time','Thời gian lưu bộ nhớ đệm (phút)','2022-03-22 19:25:28','2022-03-22 19:26:05'),(1352,0,'vi','core/setting/setting','general.cache_time_site_map','Thời gian lưu sơ đồ trang trong bộ nhớ đệm','2022-03-22 19:25:28','2022-03-22 19:26:05'),(1353,0,'vi','core/setting/setting','general.admin_logo','Logo trang quản trị','2022-03-22 19:25:28','2022-03-22 19:26:05'),(1354,0,'vi','core/setting/setting','general.admin_title','Tiêu đề trang quản trị','2022-03-22 19:25:28','2022-03-22 19:26:05'),(1355,0,'vi','core/setting/setting','general.admin_title_placeholder','Tiêu đề hiển thị trên thẻ trình duyệt','2022-03-22 19:25:28','2022-03-22 19:26:05'),(1356,0,'vi','core/setting/setting','general.rich_editor','Bộ soạn thảo văn bản','2022-03-22 19:25:28','2022-03-22 19:26:05'),(1357,0,'vi','core/setting/setting','general.cache_block','Bộ nhớ đệm','2022-03-22 19:25:28','2022-03-22 19:26:05'),(1358,0,'vi','core/setting/setting','general.yes','Bật','2022-03-22 19:25:28','2022-03-22 19:26:05'),(1359,0,'vi','core/setting/setting','general.no','Tắt','2022-03-22 19:25:28','2022-03-22 19:26:05'),(1360,0,'vi','core/setting/setting','email.subject','Tiêu đề','2022-03-22 19:25:28','2022-03-22 19:26:05'),(1361,0,'vi','core/setting/setting','email.content','Nội dung','2022-03-22 19:25:28','2022-03-22 19:26:05'),(1362,0,'vi','core/setting/setting','email.title','Cấu hình email template','2022-03-22 19:25:28','2022-03-22 19:26:05'),(1363,0,'vi','core/setting/setting','email.description','Cấu trúc file template sử dụng HTML và các biến trong hệ thống.','2022-03-22 19:25:28','2022-03-22 19:26:05'),(1364,0,'vi','core/setting/setting','email.reset_to_default','Khôi phục về mặc định','2022-03-22 19:25:28','2022-03-22 19:26:05'),(1365,0,'vi','core/setting/setting','email.back','Trở lại trang cài đặt','2022-03-22 19:25:28','2022-03-22 19:26:05'),(1366,0,'vi','core/setting/setting','email.reset_success','Khôi phục mặc định thành công','2022-03-22 19:25:28','2022-03-22 19:26:05'),(1367,0,'vi','core/setting/setting','email.confirm_reset','Xác nhận khôi phục mặc định?','2022-03-22 19:25:28','2022-03-22 19:26:05'),(1368,0,'vi','core/setting/setting','email.confirm_message','Bạn có chắc chắn muốn khôi phục về bản mặc định?','2022-03-22 19:25:28','2022-03-22 19:26:05'),(1369,0,'vi','core/setting/setting','email.continue','Tiếp tục','2022-03-22 19:25:28','2022-03-22 19:26:05'),(1370,0,'vi','core/setting/setting','email.sender_name','Tên người gửi','2022-03-22 19:25:28','2022-03-22 19:26:05'),(1371,0,'vi','core/setting/setting','email.sender_name_placeholder','Tên','2022-03-22 19:25:28','2022-03-22 19:26:05'),(1372,0,'vi','core/setting/setting','email.sender_email','Email của người gửi','2022-03-22 19:25:28','2022-03-22 19:26:05'),(1373,0,'vi','core/setting/setting','email.port','Cổng','2022-03-22 19:25:28','2022-03-22 19:26:05'),(1374,0,'vi','core/setting/setting','email.port_placeholder','Ví dụ: 587','2022-03-22 19:25:28','2022-03-22 19:26:05'),(1375,0,'vi','core/setting/setting','email.host','Máy chủ','2022-03-22 19:25:28','2022-03-22 19:26:05'),(1376,0,'vi','core/setting/setting','email.host_placeholder','Ví dụ: smtp.gmail.com','2022-03-22 19:25:28','2022-03-22 19:26:05'),(1377,0,'vi','core/setting/setting','email.username','Tên đăng nhập','2022-03-22 19:25:28','2022-03-22 19:26:05'),(1378,0,'vi','core/setting/setting','email.username_placeholder','Tên đăng nhập vào máy chủ mail','2022-03-22 19:25:28','2022-03-22 19:26:05'),(1379,0,'vi','core/setting/setting','email.password','Mật khẩu','2022-03-22 19:25:28','2022-03-22 19:26:05'),(1380,0,'vi','core/setting/setting','email.password_placeholder','Mật khẩu đăng nhập vào máy chủ mail','2022-03-22 19:25:28','2022-03-22 19:26:05'),(1381,0,'vi','core/setting/setting','email.encryption','Mã hoá','2022-03-22 19:25:28','2022-03-22 19:26:05'),(1382,0,'vi','core/setting/setting','email.mail_gun_domain','Tên miền','2022-03-22 19:25:28','2022-03-22 19:26:05'),(1383,0,'vi','core/setting/setting','email.mail_gun_domain_placeholder','Tên miền','2022-03-22 19:25:28','2022-03-22 19:26:05'),(1384,0,'vi','core/setting/setting','email.mail_gun_secret','Chuỗi bí mật','2022-03-22 19:25:28','2022-03-22 19:26:05'),(1385,0,'vi','core/setting/setting','email.mail_gun_secret_placeholder','Chuỗi bí mật','2022-03-22 19:25:28','2022-03-22 19:26:05'),(1386,0,'vi','core/setting/setting','email.template_title','Mẫu giao diện email','2022-03-22 19:25:28','2022-03-22 19:26:05'),(1387,0,'vi','core/setting/setting','email.template_description','Giao diện mặc định cho tất cả email','2022-03-22 19:25:28','2022-03-22 19:26:05'),(1388,0,'vi','core/setting/setting','email.template_header','Mẫu cho phần trên của email','2022-03-22 19:25:28','2022-03-22 19:26:05'),(1389,0,'vi','core/setting/setting','email.template_header_description','Phần trên của tất cả email','2022-03-22 19:25:28','2022-03-22 19:26:05'),(1390,0,'vi','core/setting/setting','email.template_footer','Mẫu cho phần dưới của email','2022-03-22 19:25:28','2022-03-22 19:26:05'),(1391,0,'vi','core/setting/setting','email.template_footer_description','Phần dưới của tất cả email','2022-03-22 19:25:28','2022-03-22 19:26:05'),(1392,0,'vi','core/setting/setting','save_settings','Lưu cài đặt','2022-03-22 19:25:28','2022-03-22 19:26:05'),(1393,0,'vi','core/setting/setting','template','Mẫu','2022-03-22 19:25:28','2022-03-22 19:26:05'),(1394,0,'vi','core/setting/setting','description','Mô tả','2022-03-22 19:25:28','2022-03-22 19:26:05'),(1395,0,'vi','core/setting/setting','enable','Bật','2022-03-22 19:25:28','2022-03-22 19:26:05'),(1396,0,'vi','core/setting/setting','test_send_mail','Gửi thử nghiệm','2022-03-22 19:25:28','2022-03-22 19:26:05'),(1397,0,'en','core/table/general','operations','Operations','2022-03-22 19:25:28','2022-03-22 19:26:05'),(1398,0,'en','core/table/general','loading_data','Loading data from server','2022-03-22 19:25:28','2022-03-22 19:26:05'),(1399,0,'en','core/table/general','display','Display','2022-03-22 19:25:28','2022-03-22 19:26:05'),(1400,0,'en','core/table/general','all','All','2022-03-22 19:25:28','2022-03-22 19:26:05'),(1401,0,'en','core/table/general','edit_entry','Edit','2022-03-22 19:25:28','2022-03-22 19:26:05'),(1402,0,'en','core/table/general','delete_entry','Delete','2022-03-22 19:25:28','2022-03-22 19:26:05'),(1403,0,'en','core/table/general','show_from','Showing from','2022-03-22 19:25:28','2022-03-22 19:26:05'),(1404,0,'en','core/table/general','to','to','2022-03-22 19:25:28','2022-03-22 19:26:05'),(1405,0,'en','core/table/general','in','in','2022-03-22 19:25:28','2022-03-22 19:26:05'),(1406,0,'en','core/table/general','records','records','2022-03-22 19:25:28','2022-03-22 19:26:05'),(1407,0,'en','core/table/general','no_data','No data to display','2022-03-22 19:25:28','2022-03-22 19:26:05'),(1408,0,'en','core/table/general','no_record','No record','2022-03-22 19:25:28','2022-03-22 19:26:05'),(1409,0,'en','core/table/general','loading','Loading data from server','2022-03-22 19:25:28','2022-03-22 19:26:05'),(1410,0,'en','core/table/general','confirm_delete','Confirm delete','2022-03-22 19:25:28','2022-03-22 19:26:05'),(1411,0,'en','core/table/general','confirm_delete_msg','Do you really want to delete this record?','2022-03-22 19:25:28','2022-03-22 19:26:05'),(1412,0,'en','core/table/general','cancel','Cancel','2022-03-22 19:25:28','2022-03-22 19:26:05'),(1413,0,'en','core/table/general','delete','Delete','2022-03-22 19:25:28','2022-03-22 19:26:05'),(1414,0,'en','core/table/general','close','Close','2022-03-22 19:25:28','2022-03-22 19:26:05'),(1415,0,'en','core/table/general','contains','Contains','2022-03-22 19:25:28','2022-03-22 19:26:05'),(1416,0,'en','core/table/general','is_equal_to','Is equal to','2022-03-22 19:25:28','2022-03-22 19:26:05'),(1417,0,'en','core/table/general','greater_than','Greater than','2022-03-22 19:25:28','2022-03-22 19:26:05'),(1418,0,'en','core/table/general','less_than','Less than','2022-03-22 19:25:28','2022-03-22 19:26:05'),(1419,0,'en','core/table/general','value','Value','2022-03-22 19:25:28','2022-03-22 19:26:05'),(1420,0,'en','core/table/general','select_field','Select field','2022-03-22 19:25:28','2022-03-22 19:26:05'),(1421,0,'en','core/table/general','reset','Reset','2022-03-22 19:25:28','2022-03-22 19:26:05'),(1422,0,'en','core/table/general','add_additional_filter','Add additional filter','2022-03-22 19:25:28','2022-03-22 19:26:05'),(1423,0,'en','core/table/general','apply','Apply','2022-03-22 19:25:28','2022-03-22 19:26:05'),(1424,0,'en','core/table/general','filters','Filters','2022-03-22 19:25:28','2022-03-22 19:26:05'),(1425,0,'en','core/table/general','bulk_change','Bulk changes','2022-03-22 19:25:28','2022-03-22 19:26:05'),(1426,0,'en','core/table/general','select_option','Select option','2022-03-22 19:25:28','2022-03-22 19:26:05'),(1427,0,'en','core/table/general','bulk_actions','Bulk Actions','2022-03-22 19:25:28','2022-03-22 19:26:05'),(1428,0,'en','core/table/general','save_bulk_change_success','Update data for selected record(s) successfully!','2022-03-22 19:25:28','2022-03-22 19:26:05'),(1429,0,'en','core/table/general','please_select_record','Please select at least one record to perform this action!','2022-03-22 19:25:28','2022-03-22 19:26:05'),(1430,0,'en','core/table/general','filtered','(filtered from _MAX_ total records)','2022-03-22 19:25:28','2022-03-22 19:26:05'),(1431,0,'en','core/table/general','search','Search...','2022-03-22 19:25:28','2022-03-22 19:26:05'),(1432,0,'en','core/table/table','operations','Operations','2022-03-22 19:25:28','2022-03-22 19:26:05'),(1433,0,'en','core/table/table','loading_data','Loading data from server','2022-03-22 19:25:28','2022-03-22 19:26:05'),(1434,0,'en','core/table/table','display','Display','2022-03-22 19:25:28','2022-03-22 19:26:05'),(1435,0,'en','core/table/table','all','All','2022-03-22 19:25:28','2022-03-22 19:26:05'),(1436,0,'en','core/table/table','edit_entry','Edit','2022-03-22 19:25:28','2022-03-22 19:26:05'),(1437,0,'en','core/table/table','delete_entry','Delete','2022-03-22 19:25:28','2022-03-22 19:26:05'),(1438,0,'en','core/table/table','show_from','Showing from','2022-03-22 19:25:28','2022-03-22 19:26:05'),(1439,0,'en','core/table/table','to','to','2022-03-22 19:25:28','2022-03-22 19:26:05'),(1440,0,'en','core/table/table','in','in','2022-03-22 19:25:28','2022-03-22 19:26:05'),(1441,0,'en','core/table/table','records','records','2022-03-22 19:25:28','2022-03-22 19:26:05'),(1442,0,'en','core/table/table','no_data','No data to display','2022-03-22 19:25:28','2022-03-22 19:26:05'),(1443,0,'en','core/table/table','no_record','No record','2022-03-22 19:25:28','2022-03-22 19:26:05'),(1444,0,'en','core/table/table','loading','Loading data from server','2022-03-22 19:25:28','2022-03-22 19:26:05'),(1445,0,'en','core/table/table','confirm_delete','Confirm delete','2022-03-22 19:25:28','2022-03-22 19:26:05'),(1446,0,'en','core/table/table','confirm_delete_msg','Do you really want to delete this record?','2022-03-22 19:25:28','2022-03-22 19:26:05'),(1447,0,'en','core/table/table','cancel','Cancel','2022-03-22 19:25:28','2022-03-22 19:26:05'),(1448,0,'en','core/table/table','delete','Delete','2022-03-22 19:25:28','2022-03-22 19:26:05'),(1449,0,'en','core/table/table','close','Close','2022-03-22 19:25:28','2022-03-22 19:26:05'),(1450,0,'en','core/table/table','contains','Contains','2022-03-22 19:25:28','2022-03-22 19:26:05'),(1451,0,'en','core/table/table','is_equal_to','Is equal to','2022-03-22 19:25:28','2022-03-22 19:26:05'),(1452,0,'en','core/table/table','greater_than','Greater than','2022-03-22 19:25:28','2022-03-22 19:26:05'),(1453,0,'en','core/table/table','less_than','Less than','2022-03-22 19:25:28','2022-03-22 19:26:05'),(1454,0,'en','core/table/table','value','Value','2022-03-22 19:25:28','2022-03-22 19:26:05'),(1455,0,'en','core/table/table','select_field','Select field','2022-03-22 19:25:28','2022-03-22 19:26:05'),(1456,0,'en','core/table/table','reset','Reset','2022-03-22 19:25:28','2022-03-22 19:26:05'),(1457,0,'en','core/table/table','add_additional_filter','Add additional filter','2022-03-22 19:25:28','2022-03-22 19:26:05'),(1458,0,'en','core/table/table','apply','Apply','2022-03-22 19:25:28','2022-03-22 19:26:05'),(1459,0,'en','core/table/table','filters','Filters','2022-03-22 19:25:28','2022-03-22 19:26:05'),(1460,0,'en','core/table/table','bulk_change','Bulk changes','2022-03-22 19:25:28','2022-03-22 19:26:05'),(1461,0,'en','core/table/table','select_option','Select option','2022-03-22 19:25:28','2022-03-22 19:26:05'),(1462,0,'en','core/table/table','bulk_actions','Bulk Actions','2022-03-22 19:25:28','2022-03-22 19:26:05'),(1463,0,'en','core/table/table','save_bulk_change_success','Update data for selected record(s) successfully!','2022-03-22 19:25:28','2022-03-22 19:26:05'),(1464,0,'en','core/table/table','please_select_record','Please select at least one record to perform this action!','2022-03-22 19:25:28','2022-03-22 19:26:05'),(1465,0,'en','core/table/table','filtered','(filtered from _MAX_ total records)','2022-03-22 19:25:28','2022-03-22 19:26:05'),(1466,0,'en','core/table/table','search','Search...','2022-03-22 19:25:28','2022-03-22 19:26:05'),(1467,0,'vi','core/table/general','operations','Hành động','2022-03-22 19:25:28','2022-03-22 19:26:05'),(1468,0,'vi','core/table/general','loading_data','Đang tải dữ liệu từ hệ thống','2022-03-22 19:25:28','2022-03-22 19:26:05'),(1469,0,'vi','core/table/general','display','Hiển thị','2022-03-22 19:25:28','2022-03-22 19:26:05'),(1470,0,'vi','core/table/general','all','Tất cả','2022-03-22 19:25:28','2022-03-22 19:26:05'),(1471,0,'vi','core/table/general','edit_entry','Sửa','2022-03-22 19:25:28','2022-03-22 19:26:05'),(1472,0,'vi','core/table/general','delete_entry','Xoá','2022-03-22 19:25:28','2022-03-22 19:26:05'),(1473,0,'vi','core/table/general','show_from','Hiển thị từ','2022-03-22 19:25:28','2022-03-22 19:26:05'),(1474,0,'vi','core/table/general','to','đến','2022-03-22 19:25:28','2022-03-22 19:26:05'),(1475,0,'vi','core/table/general','in','trong tổng số','2022-03-22 19:25:28','2022-03-22 19:26:05'),(1476,0,'vi','core/table/general','records','bản ghi','2022-03-22 19:25:28','2022-03-22 19:26:05'),(1477,0,'vi','core/table/general','no_data','Không có dữ liệu để hiển thị','2022-03-22 19:25:28','2022-03-22 19:26:05'),(1478,0,'vi','core/table/general','no_record','không có bản ghi nào','2022-03-22 19:25:28','2022-03-22 19:26:05'),(1479,0,'vi','core/table/general','loading','Đang tải dữ liệu từ hệ thống','2022-03-22 19:25:28','2022-03-22 19:26:05'),(1480,0,'vi','core/table/general','confirm_delete','Xác nhận xoá','2022-03-22 19:25:28','2022-03-22 19:26:05'),(1481,0,'vi','core/table/general','confirm_delete_msg','Bạn có chắc chắn muốn xoá bản ghi này?','2022-03-22 19:25:28','2022-03-22 19:26:05'),(1482,0,'vi','core/table/general','cancel','Huỷ bỏ','2022-03-22 19:25:28','2022-03-22 19:26:05'),(1483,0,'vi','core/table/general','delete','Xoá','2022-03-22 19:25:28','2022-03-22 19:26:05'),(1484,0,'vi','core/table/general','close','Đóng','2022-03-22 19:25:28','2022-03-22 19:26:05'),(1485,0,'vi','core/table/general','is_equal_to','Bằng với','2022-03-22 19:25:28','2022-03-22 19:26:05'),(1486,0,'vi','core/table/general','greater_than','Lớn hơn','2022-03-22 19:25:28','2022-03-22 19:26:05'),(1487,0,'vi','core/table/general','less_than','Nhỏ hơn','2022-03-22 19:25:28','2022-03-22 19:26:05'),(1488,0,'vi','core/table/general','value','Giá trị','2022-03-22 19:25:28','2022-03-22 19:26:05'),(1489,0,'vi','core/table/general','select_field','Chọn trường','2022-03-22 19:25:28','2022-03-22 19:26:05'),(1490,0,'vi','core/table/general','reset','Làm mới','2022-03-22 19:25:28','2022-03-22 19:26:05'),(1491,0,'vi','core/table/general','add_additional_filter','Thêm bộ lọc','2022-03-22 19:25:28','2022-03-22 19:26:05'),(1492,0,'vi','core/table/general','apply','Áp dụng','2022-03-22 19:25:28','2022-03-22 19:26:05'),(1493,0,'vi','core/table/general','select_option','Lựa chọn','2022-03-22 19:25:28','2022-03-22 19:26:05'),(1494,0,'vi','core/table/general','filters','Lọc dữ liệu','2022-03-22 19:25:28','2022-03-22 19:26:05'),(1495,0,'vi','core/table/general','bulk_change','Thay đổi hàng loạt','2022-03-22 19:25:28','2022-03-22 19:26:05'),(1496,0,'vi','core/table/general','bulk_actions','Hành động','2022-03-22 19:25:28','2022-03-22 19:26:05'),(1497,0,'vi','core/table/general','contains','Bao gồm','2022-03-22 19:25:28','2022-03-22 19:26:05'),(1498,0,'vi','core/table/general','filtered','(đã được lọc từ _MAX_ bản ghi)','2022-03-22 19:25:28','2022-03-22 19:26:05'),(1499,0,'en','packages/menu/menu','name','Menus','2022-03-22 19:25:28','2022-03-22 19:26:05'),(1500,0,'en','packages/menu/menu','key_name','Menu name (key: :key)','2022-03-22 19:25:28','2022-03-22 19:26:05'),(1501,0,'en','packages/menu/menu','basic_info','Basic information','2022-03-22 19:25:28','2022-03-22 19:26:05'),(1502,0,'en','packages/menu/menu','add_to_menu','Add to menu','2022-03-22 19:25:29','2022-03-22 19:26:05'),(1503,0,'en','packages/menu/menu','custom_link','Custom link','2022-03-22 19:25:29','2022-03-22 19:26:05'),(1504,0,'en','packages/menu/menu','add_link','Add link','2022-03-22 19:25:29','2022-03-22 19:26:05'),(1505,0,'en','packages/menu/menu','structure','Menu structure','2022-03-22 19:25:29','2022-03-22 19:26:05'),(1506,0,'en','packages/menu/menu','remove','Remove','2022-03-22 19:25:29','2022-03-22 19:26:05'),(1507,0,'en','packages/menu/menu','cancel','Cancel','2022-03-22 19:25:29','2022-03-22 19:26:05'),(1508,0,'en','packages/menu/menu','title','Title','2022-03-22 19:25:29','2022-03-22 19:26:05'),(1509,0,'en','packages/menu/menu','icon','Icon','2022-03-22 19:25:29','2022-03-22 19:26:05'),(1510,0,'en','packages/menu/menu','url','URL','2022-03-22 19:25:29','2022-03-22 19:26:05'),(1511,0,'en','packages/menu/menu','target','Target','2022-03-22 19:25:29','2022-03-22 19:26:05'),(1512,0,'en','packages/menu/menu','css_class','CSS class','2022-03-22 19:25:29','2022-03-22 19:26:05'),(1513,0,'en','packages/menu/menu','self_open_link','Open link directly','2022-03-22 19:25:29','2022-03-22 19:26:05'),(1514,0,'en','packages/menu/menu','blank_open_link','Open link in new tab','2022-03-22 19:25:29','2022-03-22 19:26:05'),(1515,0,'en','packages/menu/menu','create','Create menu','2022-03-22 19:25:29','2022-03-22 19:26:05'),(1516,0,'en','packages/menu/menu','edit','Edit menu','2022-03-22 19:25:29','2022-03-22 19:26:05'),(1517,0,'en','packages/menu/menu','menu_settings','Menu settings','2022-03-22 19:25:29','2022-03-22 19:26:05'),(1518,0,'en','packages/menu/menu','display_location','Display location','2022-03-22 19:25:29','2022-03-22 19:26:05'),(1519,0,'vi','packages/menu/menu','name','Menu','2022-03-22 19:25:29','2022-03-22 19:26:05'),(1520,0,'vi','packages/menu/menu','cancel','Hủy bỏ','2022-03-22 19:25:29','2022-03-22 19:26:05'),(1521,0,'vi','packages/menu/menu','add_link','Thêm liên kết','2022-03-22 19:25:29','2022-03-22 19:26:05'),(1522,0,'vi','packages/menu/menu','add_to_menu','Thêm vào trình đơn','2022-03-22 19:25:29','2022-03-22 19:26:05'),(1523,0,'vi','packages/menu/menu','basic_info','Thông tin cơ bản','2022-03-22 19:25:29','2022-03-22 19:26:05'),(1524,0,'vi','packages/menu/menu','blank_open_link','Mở liên kết trong tab mới','2022-03-22 19:25:29','2022-03-22 19:26:05'),(1525,0,'vi','packages/menu/menu','css_class','CSS class','2022-03-22 19:25:29','2022-03-22 19:26:05'),(1526,0,'vi','packages/menu/menu','custom_link','Liên kết tùy chọn','2022-03-22 19:25:29','2022-03-22 19:26:05'),(1527,0,'vi','packages/menu/menu','icon','Biểu tượng','2022-03-22 19:25:29','2022-03-22 19:26:05'),(1528,0,'vi','packages/menu/menu','key_name','Tên menu (key::key)','2022-03-22 19:25:29','2022-03-22 19:26:05'),(1529,0,'vi','packages/menu/menu','remove','Xóa','2022-03-22 19:25:29','2022-03-22 19:26:05'),(1530,0,'vi','packages/menu/menu','self_open_link','Mở liên kết trong tab hiện tại','2022-03-22 19:25:29','2022-03-22 19:26:05'),(1531,0,'vi','packages/menu/menu','structure','Cấu trúc trình đơn','2022-03-22 19:25:29','2022-03-22 19:26:05'),(1532,0,'vi','packages/menu/menu','target','Target','2022-03-22 19:25:29','2022-03-22 19:26:05'),(1533,0,'vi','packages/menu/menu','title','Tiêu đề','2022-03-22 19:25:29','2022-03-22 19:26:05'),(1534,0,'vi','packages/menu/menu','url','URL','2022-03-22 19:25:29','2022-03-22 19:26:05'),(1535,0,'vi','packages/menu/menu','create','Tạo trình đơn','2022-03-22 19:25:29','2022-03-22 19:26:05'),(1536,0,'vi','packages/menu/menu','edit','Sửa trình đơn','2022-03-22 19:25:29','2022-03-22 19:26:05'),(1537,0,'en','packages/page/pages','create','Create new page','2022-03-22 19:25:29','2022-03-22 19:26:05'),(1538,0,'en','packages/page/pages','edit','Edit page','2022-03-22 19:25:29','2022-03-22 19:26:05'),(1539,0,'en','packages/page/pages','form.name','Name','2022-03-22 19:25:29','2022-03-22 19:26:05'),(1540,0,'en','packages/page/pages','form.name_placeholder','Page\'s name (Maximum 120 characters)','2022-03-22 19:25:29','2022-03-22 19:26:05'),(1541,0,'en','packages/page/pages','form.content','Content','2022-03-22 19:25:29','2022-03-22 19:26:05'),(1542,0,'en','packages/page/pages','form.note','Note content','2022-03-22 19:25:29','2022-03-22 19:26:05'),(1543,0,'en','packages/page/pages','notices.no_select','Please select at least one record to take this action!','2022-03-22 19:25:29','2022-03-22 19:26:05'),(1544,0,'en','packages/page/pages','notices.update_success_message','Update successfully','2022-03-22 19:25:29','2022-03-22 19:26:05'),(1545,0,'en','packages/page/pages','cannot_delete','Page could not be deleted','2022-03-22 19:25:29','2022-03-22 19:26:05'),(1546,0,'en','packages/page/pages','deleted','Page deleted','2022-03-22 19:25:29','2022-03-22 19:26:05'),(1547,0,'en','packages/page/pages','pages','Pages','2022-03-22 19:25:29','2022-03-22 19:26:05'),(1548,0,'en','packages/page/pages','menu','Pages','2022-03-22 19:25:29','2022-03-22 19:26:05'),(1549,0,'en','packages/page/pages','menu_name','Pages','2022-03-22 19:25:29','2022-03-22 19:26:05'),(1550,0,'en','packages/page/pages','edit_this_page','Edit this page','2022-03-22 19:25:29','2022-03-22 19:26:05'),(1551,0,'en','packages/page/pages','total_pages','Total pages','2022-03-22 19:25:29','2022-03-22 19:26:05'),(1552,0,'en','packages/page/pages','settings.show_on_front','Your homepage displays','2022-03-22 19:25:29','2022-03-22 19:26:05'),(1553,0,'en','packages/page/pages','settings.select','— Select —','2022-03-22 19:25:29','2022-03-22 19:26:05'),(1554,0,'en','packages/page/pages','front_page','Front Page','2022-03-22 19:25:29','2022-03-22 19:26:05'),(1555,0,'vi','packages/page/pages','create','Thêm trang','2022-03-22 19:25:29','2022-03-22 19:26:05'),(1556,0,'vi','packages/page/pages','edit','Sửa trang','2022-03-22 19:25:29','2022-03-22 19:26:05'),(1557,0,'vi','packages/page/pages','form.name','Tiêu đề trang','2022-03-22 19:25:29','2022-03-22 19:26:05'),(1558,0,'vi','packages/page/pages','form.note','Nội dung ghi chú','2022-03-22 19:25:29','2022-03-22 19:26:05'),(1559,0,'vi','packages/page/pages','form.name_placeholder','Tên trang (tối đa 120 kí tự)','2022-03-22 19:25:29','2022-03-22 19:26:05'),(1560,0,'vi','packages/page/pages','form.content','Nội dung','2022-03-22 19:25:29','2022-03-22 19:26:05'),(1561,0,'vi','packages/page/pages','notices.no_select','Chọn ít nhất 1 trang để thực hiện hành động này!','2022-03-22 19:25:29','2022-03-22 19:26:05'),(1562,0,'vi','packages/page/pages','notices.update_success_message','Cập nhật thành công','2022-03-22 19:25:29','2022-03-22 19:26:05'),(1563,0,'vi','packages/page/pages','deleted','Xóa trang thành công','2022-03-22 19:25:29','2022-03-22 19:26:05'),(1564,0,'vi','packages/page/pages','cannot_delete','Không thể xóa trang','2022-03-22 19:25:29','2022-03-22 19:26:05'),(1565,0,'vi','packages/page/pages','menu','Trang','2022-03-22 19:25:29','2022-03-22 19:26:05'),(1566,0,'vi','packages/page/pages','menu_name','Trang','2022-03-22 19:25:29','2022-03-22 19:26:05'),(1567,0,'vi','packages/page/pages','edit_this_page','Sửa trang này','2022-03-22 19:25:29','2022-03-22 19:26:05'),(1568,0,'vi','packages/page/pages','pages','Trang','2022-03-22 19:25:29','2022-03-22 19:26:05'),(1569,0,'en','packages/plugin-management/plugin','enabled','Enabled','2022-03-22 19:25:29','2022-03-22 19:26:06'),(1570,0,'en','packages/plugin-management/plugin','deactivated','Deactivated','2022-03-22 19:25:29','2022-03-22 19:26:06'),(1571,0,'en','packages/plugin-management/plugin','activated','Activated','2022-03-22 19:25:29','2022-03-22 19:26:06'),(1572,0,'en','packages/plugin-management/plugin','activate','Activate','2022-03-22 19:25:29','2022-03-22 19:26:06'),(1573,0,'en','packages/plugin-management/plugin','deactivate','Deactivate','2022-03-22 19:25:29','2022-03-22 19:26:06'),(1574,0,'en','packages/plugin-management/plugin','author','By','2022-03-22 19:25:29','2022-03-22 19:26:06'),(1575,0,'en','packages/plugin-management/plugin','update_plugin_status_success','Update plugin successfully','2022-03-22 19:25:29','2022-03-22 19:26:06'),(1576,0,'en','packages/plugin-management/plugin','plugins','Plugins','2022-03-22 19:25:29','2022-03-22 19:26:06'),(1577,0,'en','packages/plugin-management/plugin','missing_required_plugins','Please activate plugin(s): :plugins before activate this plugin!','2022-03-22 19:25:29','2022-03-22 19:26:06'),(1578,0,'en','packages/plugin-management/plugin','remove','Remove','2022-03-22 19:25:29','2022-03-22 19:26:06'),(1579,0,'en','packages/plugin-management/plugin','remove_plugin_success','Remove plugin successfully!','2022-03-22 19:25:29','2022-03-22 19:26:06'),(1580,0,'en','packages/plugin-management/plugin','remove_plugin','Remove plugin','2022-03-22 19:25:29','2022-03-22 19:26:06'),(1581,0,'en','packages/plugin-management/plugin','remove_plugin_confirm_message','Do you really want to remove this plugin?','2022-03-22 19:25:29','2022-03-22 19:26:06'),(1582,0,'en','packages/plugin-management/plugin','remove_plugin_confirm_yes','Yes, remove it!','2022-03-22 19:25:29','2022-03-22 19:26:06'),(1583,0,'en','packages/plugin-management/plugin','total_plugins','Total plugins','2022-03-22 19:25:29','2022-03-22 19:26:06'),(1584,0,'en','packages/plugin-management/plugin','invalid_plugin','This plugin is not a valid plugin, please check it again!','2022-03-22 19:25:29','2022-03-22 19:26:06'),(1585,0,'en','packages/plugin-management/plugin','version','Version','2022-03-22 19:25:29','2022-03-22 19:26:06'),(1586,0,'en','packages/plugin-management/plugin','invalid_json','Invalid plugin.json!','2022-03-22 19:25:29','2022-03-22 19:26:06'),(1587,0,'en','packages/plugin-management/plugin','activate_success','Activate plugin successfully!','2022-03-22 19:25:29','2022-03-22 19:26:06'),(1588,0,'en','packages/plugin-management/plugin','activated_already','This plugin is activated already!','2022-03-22 19:25:29','2022-03-22 19:26:06'),(1589,0,'en','packages/plugin-management/plugin','plugin_not_exist','This plugin is not exists.','2022-03-22 19:25:29','2022-03-22 19:26:06'),(1590,0,'en','packages/plugin-management/plugin','missing_json_file','Missing file plugin.json!','2022-03-22 19:25:29','2022-03-22 19:26:06'),(1591,0,'en','packages/plugin-management/plugin','plugin_invalid','Plugin is valid!','2022-03-22 19:25:29','2022-03-22 19:26:06'),(1592,0,'en','packages/plugin-management/plugin','published_assets_success','Publish assets for plugin :name successfully!','2022-03-22 19:25:29','2022-03-22 19:26:06'),(1593,0,'en','packages/plugin-management/plugin','plugin_removed','Plugin has been removed!','2022-03-22 19:25:29','2022-03-22 19:26:06'),(1594,0,'en','packages/plugin-management/plugin','deactivated_success','Deactivate plugin successfully!','2022-03-22 19:25:29','2022-03-22 19:26:06'),(1595,0,'en','packages/plugin-management/plugin','deactivated_already','This plugin is deactivated already!','2022-03-22 19:25:29','2022-03-22 19:26:06'),(1596,0,'en','packages/plugin-management/plugin','folder_is_not_writeable','Cannot write files! Folder :name is not writable. Please chmod to make it writable!','2022-03-22 19:25:29','2022-03-22 19:26:06'),(1597,0,'en','packages/plugin-management/plugin','plugin_is_not_ready','Plugin :name is not ready to use','2022-03-22 19:25:29','2022-03-22 19:26:06'),(1598,0,'vi','packages/plugin-management/plugin','activate','Kích hoạt','2022-03-22 19:25:29','2022-03-22 19:26:06'),(1599,0,'vi','packages/plugin-management/plugin','author','Tác giả','2022-03-22 19:25:29','2022-03-22 19:26:06'),(1600,0,'vi','packages/plugin-management/plugin','version','Phiên bản','2022-03-22 19:25:29','2022-03-22 19:26:06'),(1601,0,'vi','packages/plugin-management/plugin','activated','Đã kích hoạt','2022-03-22 19:25:29','2022-03-22 19:26:06'),(1602,0,'vi','packages/plugin-management/plugin','deactivate','Hủy kích hoạt','2022-03-22 19:25:29','2022-03-22 19:26:06'),(1603,0,'vi','packages/plugin-management/plugin','deactivated','Đã vô hiệu','2022-03-22 19:25:29','2022-03-22 19:26:06'),(1604,0,'vi','packages/plugin-management/plugin','enabled','Kích hoạt','2022-03-22 19:25:29','2022-03-22 19:26:06'),(1605,0,'vi','packages/plugin-management/plugin','invalid_plugin','Gói mở rộng không hợp lệ','2022-03-22 19:25:29','2022-03-22 19:26:06'),(1606,0,'vi','packages/plugin-management/plugin','update_plugin_status_success','Cập nhật trạng thái gói mở rộng thành công','2022-03-22 19:25:29','2022-03-22 19:26:06'),(1607,0,'vi','packages/plugin-management/plugin','missing_required_plugins','Vui lòng kích hoạt các tiện ích mở rộng :plugins trước khi kích hoạt tiện ích này','2022-03-22 19:25:29','2022-03-22 19:26:06'),(1608,0,'vi','packages/plugin-management/plugin','plugins','Tiện ích mở rộng','2022-03-22 19:25:29','2022-03-22 19:26:06'),(1609,0,'en','packages/seo-helper/seo-helper','meta_box_header','Search Engine Optimize','2022-03-22 19:25:29','2022-03-22 19:26:06'),(1610,0,'en','packages/seo-helper/seo-helper','edit_seo_meta','Edit SEO meta','2022-03-22 19:25:29','2022-03-22 19:26:06'),(1611,0,'en','packages/seo-helper/seo-helper','default_description','Setup meta title & description to make your site easy to discovered on search engines such as Google','2022-03-22 19:25:29','2022-03-22 19:26:06'),(1612,0,'en','packages/seo-helper/seo-helper','seo_title','SEO Title','2022-03-22 19:25:29','2022-03-22 19:26:06'),(1613,0,'en','packages/seo-helper/seo-helper','seo_description','SEO description','2022-03-22 19:25:29','2022-03-22 19:26:06'),(1614,0,'vi','packages/seo-helper/seo-helper','meta_box_header','Tối ưu hoá bộ máy tìm kiếm (SEO)','2022-03-22 19:25:29','2022-03-22 19:26:06'),(1615,0,'vi','packages/seo-helper/seo-helper','edit_seo_meta','Chỉnh sửa SEO','2022-03-22 19:25:29','2022-03-22 19:26:06'),(1616,0,'vi','packages/seo-helper/seo-helper','default_description','Thiết lập các thẻ mô tả giúp người dùng dễ dàng tìm thấy trên công cụ tìm kiếm như Google.','2022-03-22 19:25:29','2022-03-22 19:26:06'),(1617,0,'vi','packages/seo-helper/seo-helper','seo_title','Tiêu đề trang','2022-03-22 19:25:29','2022-03-22 19:26:06'),(1618,0,'vi','packages/seo-helper/seo-helper','seo_description','Mô tả trang','2022-03-22 19:25:29','2022-03-22 19:26:06'),(1619,0,'en','packages/slug/slug','permalink_settings','Permalink','2022-03-22 19:25:29','2022-03-22 19:26:06'),(1620,0,'en','packages/slug/slug','settings.title','Permalink settings','2022-03-22 19:25:29','2022-03-22 19:26:06'),(1621,0,'en','packages/slug/slug','settings.description','Manage permalink for all modules.','2022-03-22 19:25:29','2022-03-22 19:26:06'),(1622,0,'en','packages/slug/slug','settings.preview','Preview','2022-03-22 19:25:29','2022-03-22 19:26:06'),(1623,0,'en','packages/slug/slug','settings.turn_off_automatic_url_translation_into_latin','Turn off automatic URL translation into Latin?','2022-03-22 19:25:29','2022-03-22 19:26:06'),(1624,0,'en','packages/slug/slug','preview','Preview','2022-03-22 19:25:29','2022-03-22 19:26:06'),(1625,0,'en','packages/slug/slug','prefix_for','Prefix for :name','2022-03-22 19:25:29','2022-03-22 19:26:06'),(1626,0,'en','packages/theme/theme','name','Themes','2022-03-22 19:25:29','2022-03-22 19:26:06'),(1627,0,'en','packages/theme/theme','theme','Theme','2022-03-22 19:25:29','2022-03-22 19:26:06'),(1628,0,'en','packages/theme/theme','author','Author','2022-03-22 19:25:29','2022-03-22 19:26:06'),(1629,0,'en','packages/theme/theme','version','Version','2022-03-22 19:25:29','2022-03-22 19:26:06'),(1630,0,'en','packages/theme/theme','description','Description','2022-03-22 19:25:29','2022-03-22 19:26:06'),(1631,0,'en','packages/theme/theme','active_success','Activate theme :name successfully!','2022-03-22 19:25:29','2022-03-22 19:26:06'),(1632,0,'en','packages/theme/theme','active','Active','2022-03-22 19:25:29','2022-03-22 19:26:06'),(1633,0,'en','packages/theme/theme','activated','Activated','2022-03-22 19:25:29','2022-03-22 19:26:06'),(1634,0,'en','packages/theme/theme','appearance','Appearance','2022-03-22 19:25:29','2022-03-22 19:26:06'),(1635,0,'en','packages/theme/theme','theme_options','Theme options','2022-03-22 19:25:29','2022-03-22 19:26:06'),(1636,0,'en','packages/theme/theme','save_changes','Save Changes','2022-03-22 19:25:29','2022-03-22 19:26:06'),(1637,0,'en','packages/theme/theme','developer_mode','Developer Mode Enabled','2022-03-22 19:25:29','2022-03-22 19:26:06'),(1638,0,'en','packages/theme/theme','custom_css','Custom CSS','2022-03-22 19:25:29','2022-03-22 19:26:06'),(1639,0,'en','packages/theme/theme','custom_js','Custom JS','2022-03-22 19:25:29','2022-03-22 19:26:06'),(1640,0,'en','packages/theme/theme','custom_header_js','Header JS','2022-03-22 19:25:29','2022-03-22 19:26:06'),(1641,0,'en','packages/theme/theme','custom_header_js_placeholder','JS in header of page, wrap it inside &#x3C;script&#x3E;&#x3C;/script&#x3E;','2022-03-22 19:25:29','2022-03-22 19:26:06'),(1642,0,'en','packages/theme/theme','custom_body_js','Body JS','2022-03-22 19:25:29','2022-03-22 19:26:06'),(1643,0,'en','packages/theme/theme','custom_body_js_placeholder','JS in body of page, wrap it inside &#x3C;script&#x3E;&#x3C;/script&#x3E;','2022-03-22 19:25:29','2022-03-22 19:26:06'),(1644,0,'en','packages/theme/theme','custom_footer_js','Footer JS','2022-03-22 19:25:29','2022-03-22 19:26:06'),(1645,0,'en','packages/theme/theme','custom_footer_js_placeholder','JS in footer of page, wrap it inside &#x3C;script&#x3E;&#x3C;/script&#x3E;','2022-03-22 19:25:29','2022-03-22 19:26:06'),(1646,0,'en','packages/theme/theme','remove_theme_success','Remove theme successfully!','2022-03-22 19:25:29','2022-03-22 19:26:06'),(1647,0,'en','packages/theme/theme','theme_is_not_existed','This theme is not existed!','2022-03-22 19:25:29','2022-03-22 19:26:06'),(1648,0,'en','packages/theme/theme','remove','Remove','2022-03-22 19:25:29','2022-03-22 19:26:06'),(1649,0,'en','packages/theme/theme','remove_theme','Remove theme','2022-03-22 19:25:29','2022-03-22 19:26:06'),(1650,0,'en','packages/theme/theme','remove_theme_confirm_message','Do you really want to remove this theme?','2022-03-22 19:25:29','2022-03-22 19:26:06'),(1651,0,'en','packages/theme/theme','remove_theme_confirm_yes','Yes, remove it!','2022-03-22 19:25:29','2022-03-22 19:26:06'),(1652,0,'en','packages/theme/theme','total_themes','Total themes','2022-03-22 19:25:29','2022-03-22 19:26:06'),(1653,0,'en','packages/theme/theme','show_admin_bar','Show admin bar (When admin logged in, still show admin bar in website)?','2022-03-22 19:25:29','2022-03-22 19:26:06'),(1654,0,'en','packages/theme/theme','settings.title','Theme','2022-03-22 19:25:29','2022-03-22 19:26:06'),(1655,0,'en','packages/theme/theme','settings.description','Setting for theme','2022-03-22 19:25:29','2022-03-22 19:26:06'),(1656,0,'en','packages/theme/theme','add_new','Add new','2022-03-22 19:25:29','2022-03-22 19:26:06'),(1657,0,'en','packages/theme/theme','theme_activated_already','Theme \":name\" is activated already!','2022-03-22 19:25:29','2022-03-22 19:26:06'),(1658,0,'en','packages/theme/theme','missing_json_file','Missing file theme.json!','2022-03-22 19:25:29','2022-03-22 19:26:06'),(1659,0,'en','packages/theme/theme','theme_invalid','Theme is valid!','2022-03-22 19:25:29','2022-03-22 19:26:06'),(1660,0,'en','packages/theme/theme','published_assets_success','Publish assets for :themes successfully!','2022-03-22 19:25:29','2022-03-22 19:26:06'),(1661,0,'en','packages/theme/theme','cannot_remove_theme','Cannot remove activated theme, please activate another theme before removing \":name\"!','2022-03-22 19:25:29','2022-03-22 19:26:06'),(1662,0,'en','packages/theme/theme','theme_deleted','Theme \":name\" has been destroyed.','2022-03-22 19:25:29','2022-03-22 19:26:06'),(1663,0,'en','packages/theme/theme','removed_assets','Remove assets of a theme :name successfully!','2022-03-22 19:25:29','2022-03-22 19:26:06'),(1664,0,'en','packages/theme/theme','update_custom_css_success','Update custom CSS successfully!','2022-03-22 19:25:29','2022-03-22 19:26:06'),(1665,0,'en','packages/theme/theme','update_custom_js_success','Update custom JS successfully!','2022-03-22 19:25:29','2022-03-22 19:26:06'),(1666,0,'en','packages/theme/theme','go_to_dashboard','Go to dashboard','2022-03-22 19:25:29','2022-03-22 19:26:06'),(1667,0,'en','packages/theme/theme','custom_css_placeholder','Using Ctrl + Space to autocomplete.','2022-03-22 19:25:29','2022-03-22 19:26:06'),(1668,0,'en','packages/theme/theme','theme_option_general','General','2022-03-22 19:25:29','2022-03-22 19:26:06'),(1669,0,'en','packages/theme/theme','theme_option_general_description','General settings','2022-03-22 19:25:29','2022-03-22 19:26:06'),(1670,0,'en','packages/theme/theme','theme_option_seo_open_graph_image','SEO default Open Graph image','2022-03-22 19:25:29','2022-03-22 19:26:06'),(1671,0,'en','packages/theme/theme','theme_option_logo','Logo','2022-03-22 19:25:29','2022-03-22 19:26:06'),(1672,0,'en','packages/theme/theme','theme_option_favicon','Favicon','2022-03-22 19:25:29','2022-03-22 19:26:06'),(1673,0,'en','packages/theme/theme','folder_is_not_writeable','Cannot write files! Folder :name is not writable. Please chmod to make it writable!','2022-03-22 19:25:29','2022-03-22 19:26:06'),(1674,0,'vi','packages/theme/theme','activated','Đã kích hoạt','2022-03-22 19:25:29','2022-03-22 19:26:06'),(1675,0,'vi','packages/theme/theme','active','Kích hoạt','2022-03-22 19:25:29','2022-03-22 19:26:06'),(1676,0,'vi','packages/theme/theme','active_success','Kích hoạt giao diện thành công!','2022-03-22 19:25:29','2022-03-22 19:26:06'),(1677,0,'vi','packages/theme/theme','author','Tác giả','2022-03-22 19:25:29','2022-03-22 19:26:06'),(1678,0,'vi','packages/theme/theme','description','Mô tả','2022-03-22 19:25:29','2022-03-22 19:26:06'),(1679,0,'vi','packages/theme/theme','theme','Giao diện','2022-03-22 19:25:29','2022-03-22 19:26:06'),(1680,0,'vi','packages/theme/theme','theme_options','Tuỳ chọn giao diện','2022-03-22 19:25:29','2022-03-22 19:26:06'),(1681,0,'vi','packages/theme/theme','version','Phiên bản','2022-03-22 19:25:29','2022-03-22 19:26:06'),(1682,0,'vi','packages/theme/theme','save_changes','Lưu thay đổi','2022-03-22 19:25:29','2022-03-22 19:26:06'),(1683,0,'vi','packages/theme/theme','developer_mode','Đang kích hoạt chế độ thử nghiệm','2022-03-22 19:25:29','2022-03-22 19:26:06'),(1684,0,'vi','packages/theme/theme','custom_css','Tuỳ chỉnh CSS','2022-03-22 19:25:29','2022-03-22 19:26:06'),(1685,0,'en','packages/widget/global','name','Widgets','2022-03-22 19:25:29','2022-03-22 19:26:06'),(1686,0,'en','packages/widget/global','create','New widget','2022-03-22 19:25:29','2022-03-22 19:26:06'),(1687,0,'en','packages/widget/global','edit','Edit widget','2022-03-22 19:25:29','2022-03-22 19:26:06'),(1688,0,'en','packages/widget/global','delete','Delete','2022-03-22 19:25:29','2022-03-22 19:26:06'),(1689,0,'en','packages/widget/global','available','Available Widgets','2022-03-22 19:25:29','2022-03-22 19:26:06'),(1690,0,'en','packages/widget/global','instruction','To activate a widget drag it to a sidebar or click on it. To deactivate a widget and delete its settings, drag it back.','2022-03-22 19:25:29','2022-03-22 19:26:06'),(1691,0,'en','packages/widget/global','number_tag_display','Number tags will be display','2022-03-22 19:25:29','2022-03-22 19:26:06'),(1692,0,'en','packages/widget/global','number_post_display','Number posts will be display','2022-03-22 19:25:29','2022-03-22 19:26:06'),(1693,0,'en','packages/widget/global','select_menu','Select Menu','2022-03-22 19:25:29','2022-03-22 19:26:06'),(1694,0,'en','packages/widget/global','widget_text','Text','2022-03-22 19:25:29','2022-03-22 19:26:06'),(1695,0,'en','packages/widget/global','widget_text_description','Arbitrary text or HTML.','2022-03-22 19:25:29','2022-03-22 19:26:06'),(1696,0,'en','packages/widget/global','widget_recent_post','Recent Posts','2022-03-22 19:25:29','2022-03-22 19:26:06'),(1697,0,'en','packages/widget/global','widget_recent_post_description','Recent posts widget.','2022-03-22 19:25:29','2022-03-22 19:26:06'),(1698,0,'en','packages/widget/global','widget_custom_menu','Custom Menu','2022-03-22 19:25:29','2022-03-22 19:26:06'),(1699,0,'en','packages/widget/global','widget_custom_menu_description','Add a custom menu to your widget area.','2022-03-22 19:25:29','2022-03-22 19:26:06'),(1700,0,'en','packages/widget/global','widget_tag','Tags','2022-03-22 19:25:29','2022-03-22 19:26:06'),(1701,0,'en','packages/widget/global','widget_tag_description','Popular tags','2022-03-22 19:25:29','2022-03-22 19:26:06'),(1702,0,'en','packages/widget/global','save_success','Save widget successfully!','2022-03-22 19:25:29','2022-03-22 19:26:06'),(1703,0,'en','packages/widget/global','delete_success','Delete widget successfully!','2022-03-22 19:25:29','2022-03-22 19:26:06'),(1704,0,'en','packages/widget/widget','name','Widgets','2022-03-22 19:25:29','2022-03-22 19:26:06'),(1705,0,'en','packages/widget/widget','create','New widget','2022-03-22 19:25:29','2022-03-22 19:26:06'),(1706,0,'en','packages/widget/widget','edit','Edit widget','2022-03-22 19:25:29','2022-03-22 19:26:06'),(1707,0,'en','packages/widget/widget','delete','Delete','2022-03-22 19:25:29','2022-03-22 19:26:06'),(1708,0,'en','packages/widget/widget','available','Available Widgets','2022-03-22 19:25:29','2022-03-22 19:26:06'),(1709,0,'en','packages/widget/widget','instruction','To activate a widget drag it to a sidebar or click on it. To deactivate a widget and delete its settings, drag it back.','2022-03-22 19:25:29','2022-03-22 19:26:06'),(1710,0,'en','packages/widget/widget','number_tag_display','Number tags will be display','2022-03-22 19:25:29','2022-03-22 19:26:06'),(1711,0,'en','packages/widget/widget','number_post_display','Number posts will be display','2022-03-22 19:25:29','2022-03-22 19:26:06'),(1712,0,'en','packages/widget/widget','select_menu','Select Menu','2022-03-22 19:25:29','2022-03-22 19:26:06'),(1713,0,'en','packages/widget/widget','widget_text','Text','2022-03-22 19:25:29','2022-03-22 19:26:06'),(1714,0,'en','packages/widget/widget','widget_text_description','Arbitrary text or HTML.','2022-03-22 19:25:29','2022-03-22 19:26:06'),(1715,0,'en','packages/widget/widget','widget_recent_post','Recent Posts','2022-03-22 19:25:29','2022-03-22 19:26:06'),(1716,0,'en','packages/widget/widget','widget_recent_post_description','Recent posts widget.','2022-03-22 19:25:29','2022-03-22 19:26:06'),(1717,0,'en','packages/widget/widget','widget_custom_menu','Custom Menu','2022-03-22 19:25:29','2022-03-22 19:26:06'),(1718,0,'en','packages/widget/widget','widget_custom_menu_description','Add a custom menu to your widget area.','2022-03-22 19:25:29','2022-03-22 19:26:06'),(1719,0,'en','packages/widget/widget','widget_tag','Tags','2022-03-22 19:25:29','2022-03-22 19:26:06'),(1720,0,'en','packages/widget/widget','widget_tag_description','Popular tags','2022-03-22 19:25:29','2022-03-22 19:26:06'),(1721,0,'en','packages/widget/widget','save_success','Save widget successfully!','2022-03-22 19:25:29','2022-03-22 19:26:06'),(1722,0,'en','packages/widget/widget','delete_success','Delete widget successfully!','2022-03-22 19:25:29','2022-03-22 19:26:06'),(1723,0,'en','packages/widget/widget','primary_sidebar_name','Primary sidebar','2022-03-22 19:25:29','2022-03-22 19:26:06'),(1724,0,'en','packages/widget/widget','primary_sidebar_description','Primary sidebar section','2022-03-22 19:25:29','2022-03-22 19:26:06'),(1725,0,'vi','packages/widget/global','name','Widgets','2022-03-22 19:25:29','2022-03-22 19:26:06'),(1726,0,'vi','packages/widget/global','create','New widget','2022-03-22 19:25:30','2022-03-22 19:26:06'),(1727,0,'vi','packages/widget/global','edit','Edit widget','2022-03-22 19:25:30','2022-03-22 19:26:06'),(1728,0,'vi','packages/widget/global','available','Tiện ích có sẵn','2022-03-22 19:25:30','2022-03-22 19:26:06'),(1729,0,'vi','packages/widget/global','delete','Xóa','2022-03-22 19:25:30','2022-03-22 19:26:06'),(1730,0,'vi','packages/widget/global','instruction','Để kích hoạt tiện ích, hãy kéo nó vào sidebar hoặc nhấn vào nó. Để hủy kích hoạt tiện ích và xóa các thiết lập của tiện ích, kéo nó quay trở lại.','2022-03-22 19:25:30','2022-03-22 19:26:06'),(1731,0,'vi','packages/widget/global','number_post_display','Số bài viết sẽ hiển thị','2022-03-22 19:25:30','2022-03-22 19:26:06'),(1732,0,'vi','packages/widget/global','number_tag_display','Số thẻ sẽ hiển thị','2022-03-22 19:25:30','2022-03-22 19:26:06'),(1733,0,'vi','packages/widget/global','select_menu','Lựa chọn trình đơn','2022-03-22 19:25:30','2022-03-22 19:26:06'),(1734,0,'vi','packages/widget/global','widget_custom_menu','Menu tùy chỉnh','2022-03-22 19:25:30','2022-03-22 19:26:06'),(1735,0,'vi','packages/widget/global','widget_custom_menu_description','Thêm menu tùy chỉnh vào khu vực tiện ích của bạn','2022-03-22 19:25:30','2022-03-22 19:26:06'),(1736,0,'vi','packages/widget/global','widget_recent_post','Bài viết gần đây','2022-03-22 19:25:30','2022-03-22 19:26:06'),(1737,0,'vi','packages/widget/global','widget_recent_post_description','Tiện ích bài viết gần đây','2022-03-22 19:25:30','2022-03-22 19:26:06'),(1738,0,'vi','packages/widget/global','widget_tag','Thẻ','2022-03-22 19:25:30','2022-03-22 19:26:06'),(1739,0,'vi','packages/widget/global','widget_tag_description','Thẻ phổ biến, sử dụng nhiều','2022-03-22 19:25:30','2022-03-22 19:26:06'),(1740,0,'vi','packages/widget/global','widget_text','Văn bản','2022-03-22 19:25:30','2022-03-22 19:26:06'),(1741,0,'vi','packages/widget/global','widget_text_description','Văn bản tùy ý hoặc HTML.','2022-03-22 19:25:30','2022-03-22 19:26:06'),(1742,0,'vi','packages/widget/global','delete_success','Xoá tiện ích thành công','2022-03-22 19:25:30','2022-03-22 19:26:06'),(1743,0,'vi','packages/widget/global','save_success','Lưu tiện ích thành công!','2022-03-22 19:25:30','2022-03-22 19:26:06'),(1744,0,'en','plugins/ads/ads','name','Ads','2022-03-22 19:25:30','2022-03-22 19:26:06'),(1745,0,'en','plugins/ads/ads','create','New ads','2022-03-22 19:25:30','2022-03-22 19:26:06'),(1746,0,'en','plugins/ads/ads','edit','Edit ads','2022-03-22 19:25:30','2022-03-22 19:26:06'),(1747,0,'en','plugins/ads/ads','location','Location','2022-03-22 19:25:30','2022-03-22 19:26:06'),(1748,0,'en','plugins/ads/ads','url','URL','2022-03-22 19:25:30','2022-03-22 19:26:06'),(1749,0,'en','plugins/ads/ads','expired_at','Expired at','2022-03-22 19:25:30','2022-03-22 19:26:06'),(1750,0,'en','plugins/ads/ads','key','Key','2022-03-22 19:25:30','2022-03-22 19:26:06'),(1751,0,'en','plugins/ads/ads','shortcode','Shortcode','2022-03-22 19:25:30','2022-03-22 19:26:06'),(1752,0,'en','plugins/ads/ads','clicked','Clicked','2022-03-22 19:25:30','2022-03-22 19:26:06'),(1753,0,'en','plugins/ads/ads','not_set','Not set','2022-03-22 19:25:30','2022-03-22 19:26:06'),(1754,0,'en','plugins/analytics/analytics','sessions','Sessions','2022-03-22 19:25:30','2022-03-22 19:26:06'),(1755,0,'en','plugins/analytics/analytics','visitors','Visitors','2022-03-22 19:25:30','2022-03-22 19:26:06'),(1756,0,'en','plugins/analytics/analytics','pageviews','Pageviews','2022-03-22 19:25:30','2022-03-22 19:26:06'),(1757,0,'en','plugins/analytics/analytics','bounce_rate','Bounce Rate','2022-03-22 19:25:30','2022-03-22 19:26:06'),(1758,0,'en','plugins/analytics/analytics','page_session','Pages/Session','2022-03-22 19:25:30','2022-03-22 19:26:06'),(1759,0,'en','plugins/analytics/analytics','avg_duration','Avg. Duration','2022-03-22 19:25:30','2022-03-22 19:26:06'),(1760,0,'en','plugins/analytics/analytics','percent_new_session','Percent new session','2022-03-22 19:25:30','2022-03-22 19:26:06'),(1761,0,'en','plugins/analytics/analytics','new_users','New visitors','2022-03-22 19:25:30','2022-03-22 19:26:06'),(1762,0,'en','plugins/analytics/analytics','visits','visits','2022-03-22 19:25:30','2022-03-22 19:26:06'),(1763,0,'en','plugins/analytics/analytics','views','views','2022-03-22 19:25:30','2022-03-22 19:26:06'),(1764,0,'en','plugins/analytics/analytics','view_id_not_specified','You must provide a valid view id. The document here: <a href=\"https://docs.botble.com/cms/master/plugin-analytics\" target=\"_blank\">https://docs.botble.com/cms/master/plugin-analytics</a>','2022-03-22 19:25:30','2022-03-22 19:26:06'),(1765,0,'en','plugins/analytics/analytics','credential_is_not_valid','Analytics credentials is not valid. The document here: <a href=\"https://docs.botble.com/cms/master/plugin-analytics\" target=\"_blank\">https://docs.botble.com/cms/master/plugin-analytics</a>','2022-03-22 19:25:30','2022-03-22 19:26:06'),(1766,0,'en','plugins/analytics/analytics','start_date_can_not_before_end_date','Start date :start_date cannot be after end date :end_date','2022-03-22 19:25:30','2022-03-22 19:26:06'),(1767,0,'en','plugins/analytics/analytics','wrong_configuration','To view analytics you\'ll need to get a google analytics client id and add it to your settings. <br /> You also need JSON credential data. <br /> The document here: <a href=\"https://docs.botble.com/cms/master/plugin-analytics\" target=\"_blank\">https://docs.botble.com/cms/master/plugin-analytics</a>','2022-03-22 19:25:30','2022-03-22 19:26:06'),(1768,0,'en','plugins/analytics/analytics','settings.title','Google Analytics','2022-03-22 19:25:30','2022-03-22 19:26:06'),(1769,0,'en','plugins/analytics/analytics','settings.description','Config Credentials for Google Analytics','2022-03-22 19:25:30','2022-03-22 19:26:06'),(1770,0,'en','plugins/analytics/analytics','settings.tracking_code','Tracking ID','2022-03-22 19:25:30','2022-03-22 19:26:06'),(1771,0,'en','plugins/analytics/analytics','settings.tracking_code_placeholder','Example: GA-12586526-8','2022-03-22 19:25:30','2022-03-22 19:26:06'),(1772,0,'en','plugins/analytics/analytics','settings.view_id','View ID','2022-03-22 19:25:30','2022-03-22 19:26:06'),(1773,0,'en','plugins/analytics/analytics','settings.view_id_description','Google Analytics View ID','2022-03-22 19:25:30','2022-03-22 19:26:06'),(1774,0,'en','plugins/analytics/analytics','settings.json_credential','Service Account Credentials','2022-03-22 19:25:30','2022-03-22 19:26:06'),(1775,0,'en','plugins/analytics/analytics','settings.json_credential_description','Service Account Credentials','2022-03-22 19:25:30','2022-03-22 19:26:06'),(1776,0,'en','plugins/analytics/analytics','widget_analytics_page','Top Most Visit Pages','2022-03-22 19:25:30','2022-03-22 19:26:06'),(1777,0,'en','plugins/analytics/analytics','widget_analytics_browser','Top Browsers','2022-03-22 19:25:30','2022-03-22 19:26:06'),(1778,0,'en','plugins/analytics/analytics','widget_analytics_referrer','Top Referrers','2022-03-22 19:25:30','2022-03-22 19:26:06'),(1779,0,'en','plugins/analytics/analytics','widget_analytics_general','Site Analytics','2022-03-22 19:25:30','2022-03-22 19:26:06'),(1780,0,'vi','plugins/analytics/analytics','avg_duration','Trung bình','2022-03-22 19:25:30','2022-03-22 19:26:06'),(1781,0,'vi','plugins/analytics/analytics','bounce_rate','Tỉ lệ thoát','2022-03-22 19:25:30','2022-03-22 19:26:06'),(1782,0,'vi','plugins/analytics/analytics','page_session','Trang/Phiên','2022-03-22 19:25:30','2022-03-22 19:26:06'),(1783,0,'vi','plugins/analytics/analytics','pageviews','Lượt xem','2022-03-22 19:25:30','2022-03-22 19:26:06'),(1784,0,'vi','plugins/analytics/analytics','sessions','Phiên','2022-03-22 19:25:30','2022-03-22 19:26:06'),(1785,0,'vi','plugins/analytics/analytics','views','lượt xem','2022-03-22 19:25:30','2022-03-22 19:26:06'),(1786,0,'vi','plugins/analytics/analytics','visitors','Người truy cập','2022-03-22 19:25:30','2022-03-22 19:26:06'),(1787,0,'vi','plugins/analytics/analytics','visits','lượt ghé thăm','2022-03-22 19:25:30','2022-03-22 19:26:06'),(1788,0,'vi','plugins/analytics/analytics','credential_is_not_valid','Thông tin cài đặt không hợp lệ. Tài liệu hướng dẫn tại đây: <a href=\"http://docs.botble.com/cms/:version/analytics\" target=\"_blank\">http://docs.botble.com/cms/:version/analytics</a>','2022-03-22 19:25:30','2022-03-22 19:26:06'),(1789,0,'vi','plugins/analytics/analytics','new_users','Lượt khách mới','2022-03-22 19:25:30','2022-03-22 19:26:06'),(1790,0,'vi','plugins/analytics/analytics','percent_new_session','Tỉ lệ khách mới','2022-03-22 19:25:30','2022-03-22 19:26:06'),(1791,0,'vi','plugins/analytics/analytics','start_date_can_not_before_end_date','Ngày bắt đầu :start_date không thể sau ngày kết thúc :end_date','2022-03-22 19:25:30','2022-03-22 19:26:06'),(1792,0,'vi','plugins/analytics/analytics','view_id_not_specified','Bạn phải cung cấp View ID hợp lê. Tài liệu hướng dẫn tại đây: <a href=\"http://docs.botble.com/cms/:version/analytics\" target=\"_blank\">http://docs.botble.com/cms/:version/analytics</a>','2022-03-22 19:25:30','2022-03-22 19:26:06'),(1793,0,'vi','plugins/analytics/analytics','wrong_configuration','Để xem dữ liệu thống kê Google Analytics, bạn cần lấy thông tin Client ID và thêm nó vào trong phần cài đặt. Bạn cũng cần thông tin xác thực dạng JSON. Tài liệu hướng dẫn tại đây: <a href=\"http://docs.botble.com/cms/:version/analytics\" target=\"_blank\">http://docs.botble.com/cms/:version/analytics</a>','2022-03-22 19:25:30','2022-03-22 19:26:06'),(1794,0,'vi','plugins/analytics/analytics','settings.title','Google Analytics','2022-03-22 19:25:30','2022-03-22 19:26:06'),(1795,0,'vi','plugins/analytics/analytics','settings.description','Config Credentials for Google Analytics','2022-03-22 19:25:30','2022-03-22 19:26:06'),(1796,0,'vi','plugins/analytics/analytics','settings.tracking_code','Tracking Code','2022-03-22 19:25:30','2022-03-22 19:26:06'),(1797,0,'vi','plugins/analytics/analytics','settings.tracking_code_placeholder','Example: GA-12586526-8','2022-03-22 19:25:30','2022-03-22 19:26:06'),(1798,0,'vi','plugins/analytics/analytics','settings.view_id','View ID','2022-03-22 19:25:30','2022-03-22 19:26:06'),(1799,0,'vi','plugins/analytics/analytics','settings.view_id_description','Google Analytics View ID','2022-03-22 19:25:30','2022-03-22 19:26:06'),(1800,0,'vi','plugins/analytics/analytics','settings.json_credential','Service Account Credentials','2022-03-22 19:25:30','2022-03-22 19:26:06'),(1801,0,'vi','plugins/analytics/analytics','settings.json_credential_description','Service Account Credentials','2022-03-22 19:25:30','2022-03-22 19:26:06'),(1802,0,'vi','plugins/analytics/analytics','widget_analytics_browser','Trình duyệt truy cập nhiều','2022-03-22 19:25:30','2022-03-22 19:26:06'),(1803,0,'vi','plugins/analytics/analytics','widget_analytics_general','Thống kê truy cập','2022-03-22 19:25:30','2022-03-22 19:26:06'),(1804,0,'vi','plugins/analytics/analytics','widget_analytics_page','Trang được xem nhiều nhất','2022-03-22 19:25:30','2022-03-22 19:26:06'),(1805,0,'vi','plugins/analytics/analytics','widget_analytics_referrer','Trang giới thiệu nhiều','2022-03-22 19:25:30','2022-03-22 19:26:06'),(1806,0,'en','plugins/audit-log/history','name','Activities Logs','2022-03-22 19:25:30','2022-03-22 19:26:06'),(1807,0,'en','plugins/audit-log/history','created','created','2022-03-22 19:25:30','2022-03-22 19:26:06'),(1808,0,'en','plugins/audit-log/history','updated','updated','2022-03-22 19:25:30','2022-03-22 19:26:06'),(1809,0,'en','plugins/audit-log/history','deleted','deleted','2022-03-22 19:25:30','2022-03-22 19:26:06'),(1810,0,'en','plugins/audit-log/history','logged in','logged in','2022-03-22 19:25:30','2022-03-22 19:26:06'),(1811,0,'en','plugins/audit-log/history','logged out','logged out','2022-03-22 19:25:30','2022-03-22 19:26:06'),(1812,0,'en','plugins/audit-log/history','changed password','changed password','2022-03-22 19:25:30','2022-03-22 19:26:06'),(1813,0,'en','plugins/audit-log/history','updated profile','updated profile','2022-03-22 19:25:30','2022-03-22 19:26:06'),(1814,0,'en','plugins/audit-log/history','attached','attached','2022-03-22 19:25:30','2022-03-22 19:26:06'),(1815,0,'en','plugins/audit-log/history','shared','shared','2022-03-22 19:25:30','2022-03-22 19:26:06'),(1816,0,'en','plugins/audit-log/history','to the system','to the system','2022-03-22 19:25:30','2022-03-22 19:26:06'),(1817,0,'en','plugins/audit-log/history','of the system','of the system','2022-03-22 19:25:30','2022-03-22 19:26:06'),(1818,0,'en','plugins/audit-log/history','menu','menu','2022-03-22 19:25:30','2022-03-22 19:26:06'),(1819,0,'en','plugins/audit-log/history','post','post','2022-03-22 19:25:30','2022-03-22 19:26:06'),(1820,0,'en','plugins/audit-log/history','page','page','2022-03-22 19:25:30','2022-03-22 19:26:06'),(1821,0,'en','plugins/audit-log/history','category','category','2022-03-22 19:25:30','2022-03-22 19:26:06'),(1822,0,'en','plugins/audit-log/history','tag','tag','2022-03-22 19:25:30','2022-03-22 19:26:06'),(1823,0,'en','plugins/audit-log/history','user','user','2022-03-22 19:25:30','2022-03-22 19:26:06'),(1824,0,'en','plugins/audit-log/history','contact','contact','2022-03-22 19:25:30','2022-03-22 19:26:06'),(1825,0,'en','plugins/audit-log/history','backup','backup','2022-03-22 19:25:30','2022-03-22 19:26:06'),(1826,0,'en','plugins/audit-log/history','custom-field','custom field','2022-03-22 19:25:30','2022-03-22 19:26:06'),(1827,0,'en','plugins/audit-log/history','widget_audit_logs','Activities Logs','2022-03-22 19:25:30','2022-03-22 19:26:06'),(1828,0,'en','plugins/audit-log/history','action','Action','2022-03-22 19:25:30','2022-03-22 19:26:06'),(1829,0,'en','plugins/audit-log/history','user_agent','User Agent','2022-03-22 19:25:30','2022-03-22 19:26:06'),(1830,0,'en','plugins/audit-log/history','system','System','2022-03-22 19:25:30','2022-03-22 19:26:06'),(1831,0,'en','plugins/audit-log/history','delete_all','Delete all records','2022-03-22 19:25:30','2022-03-22 19:26:06'),(1832,0,'vi','plugins/audit-log/history','name','Lịch sử hoạt động','2022-03-22 19:25:30','2022-03-22 19:26:06'),(1833,0,'vi','plugins/audit-log/history','created',' đã tạo','2022-03-22 19:25:30','2022-03-22 19:26:06'),(1834,0,'vi','plugins/audit-log/history','updated',' đã cập nhật','2022-03-22 19:25:30','2022-03-22 19:26:06'),(1835,0,'vi','plugins/audit-log/history','deleted',' đã xóa','2022-03-22 19:25:30','2022-03-22 19:26:06'),(1836,0,'vi','plugins/audit-log/history','attached','đính kèm','2022-03-22 19:25:30','2022-03-22 19:26:06'),(1837,0,'vi','plugins/audit-log/history','backup','sao lưu','2022-03-22 19:25:30','2022-03-22 19:26:06'),(1838,0,'vi','plugins/audit-log/history','category','danh mục','2022-03-22 19:25:30','2022-03-22 19:26:06'),(1839,0,'vi','plugins/audit-log/history','changed password','thay đổi mật khẩu','2022-03-22 19:25:30','2022-03-22 19:26:06'),(1840,0,'vi','plugins/audit-log/history','contact','liên hệ','2022-03-22 19:25:30','2022-03-22 19:26:06'),(1841,0,'vi','plugins/audit-log/history','custom-field','khung mở rộng','2022-03-22 19:25:30','2022-03-22 19:26:06'),(1842,0,'vi','plugins/audit-log/history','logged in','đăng nhập','2022-03-22 19:25:30','2022-03-22 19:26:06'),(1843,0,'vi','plugins/audit-log/history','logged out','đăng xuất','2022-03-22 19:25:30','2022-03-22 19:26:06'),(1844,0,'vi','plugins/audit-log/history','menu','trình đơn','2022-03-22 19:25:30','2022-03-22 19:26:06'),(1845,0,'vi','plugins/audit-log/history','of the system','khỏi hệ thống','2022-03-22 19:25:30','2022-03-22 19:26:06'),(1846,0,'vi','plugins/audit-log/history','page','trang','2022-03-22 19:25:30','2022-03-22 19:26:06'),(1847,0,'vi','plugins/audit-log/history','post','bài viết','2022-03-22 19:25:30','2022-03-22 19:26:06'),(1848,0,'vi','plugins/audit-log/history','shared','đã chia sẻ','2022-03-22 19:25:30','2022-03-22 19:26:06'),(1849,0,'vi','plugins/audit-log/history','tag','thẻ','2022-03-22 19:25:30','2022-03-22 19:26:06'),(1850,0,'vi','plugins/audit-log/history','to the system','vào hệ thống','2022-03-22 19:25:30','2022-03-22 19:26:06'),(1851,0,'vi','plugins/audit-log/history','updated profile','cập nhật tài khoản','2022-03-22 19:25:30','2022-03-22 19:26:06'),(1852,0,'vi','plugins/audit-log/history','user','thành viên','2022-03-22 19:25:30','2022-03-22 19:26:06'),(1853,0,'vi','plugins/audit-log/history','widget_audit_logs','Lịch sử hoạt động','2022-03-22 19:25:30','2022-03-22 19:26:06'),(1854,0,'en','plugins/backup/backup','name','Backup','2022-03-22 19:25:30','2022-03-22 19:26:06'),(1855,0,'en','plugins/backup/backup','backup_description','Backup database and uploads folder.','2022-03-22 19:25:30','2022-03-22 19:26:06'),(1856,0,'en','plugins/backup/backup','create_backup_success','Created backup successfully!','2022-03-22 19:25:30','2022-03-22 19:26:06'),(1857,0,'en','plugins/backup/backup','delete_backup_success','Delete backup successfully!','2022-03-22 19:25:30','2022-03-22 19:26:06'),(1858,0,'en','plugins/backup/backup','restore_backup_success','Restore backup successfully!','2022-03-22 19:25:30','2022-03-22 19:26:06'),(1859,0,'en','plugins/backup/backup','generate_btn','Generate backup','2022-03-22 19:25:30','2022-03-22 19:26:06'),(1860,0,'en','plugins/backup/backup','create','Create a backup','2022-03-22 19:25:30','2022-03-22 19:26:06'),(1861,0,'en','plugins/backup/backup','restore','Restore a backup','2022-03-22 19:25:30','2022-03-22 19:26:06'),(1862,0,'en','plugins/backup/backup','create_btn','Create','2022-03-22 19:25:30','2022-03-22 19:26:06'),(1863,0,'en','plugins/backup/backup','restore_btn','Restore','2022-03-22 19:25:30','2022-03-22 19:26:06'),(1864,0,'en','plugins/backup/backup','restore_confirm_msg','Do you really want to restore this revision?','2022-03-22 19:25:30','2022-03-22 19:26:06'),(1865,0,'en','plugins/backup/backup','download_uploads_folder','Download backup of uploads folder','2022-03-22 19:25:30','2022-03-22 19:26:06'),(1866,0,'en','plugins/backup/backup','download_database','Download backup of database','2022-03-22 19:25:30','2022-03-22 19:26:06'),(1867,0,'en','plugins/backup/backup','restore_tooltip','Restore this backup','2022-03-22 19:25:30','2022-03-22 19:26:06'),(1868,0,'en','plugins/backup/backup','demo_alert','Hi guest, if you see demo site is destroyed, please help me <a href=\":link\">go here</a> and restore demo site to the latest revision! Thank you so much!','2022-03-22 19:25:30','2022-03-22 19:26:06'),(1869,0,'en','plugins/backup/backup','menu_name','Backups','2022-03-22 19:25:30','2022-03-22 19:26:06'),(1870,0,'en','plugins/backup/backup','size','Size','2022-03-22 19:25:30','2022-03-22 19:26:06'),(1871,0,'en','plugins/backup/backup','no_backups','There is no backup now!','2022-03-22 19:25:30','2022-03-22 19:26:06'),(1872,0,'en','plugins/backup/backup','proc_open_disabled_error','Function <strong>proc_open()</strong> has been disabled so the system cannot backup the database. Please contact your hosting provider to enable it.','2022-03-22 19:25:30','2022-03-22 19:26:06'),(1873,0,'en','plugins/backup/backup','database_backup_not_existed','Backup database is not existed!','2022-03-22 19:25:30','2022-03-22 19:26:06'),(1874,0,'en','plugins/backup/backup','uploads_folder_backup_not_existed','Backup uploads folder is not existed!','2022-03-22 19:25:30','2022-03-22 19:26:06'),(1875,0,'en','plugins/backup/backup','important_message1','This is a simple backup feature, it is a solution for you if your site has < 1GB data and can be used for quickly backup your site.','2022-03-22 19:25:30','2022-03-22 19:26:06'),(1876,0,'en','plugins/backup/backup','important_message2','If you have more than 1GB images/files in local storage, you should use backup feature of your hosting or VPS.','2022-03-22 19:25:30','2022-03-22 19:26:06'),(1877,0,'en','plugins/backup/backup','important_message3','To backup your database, function <strong>proc_open()</strong> or <strong>system()</strong> must be enabled. Contact your hosting provider to enable it if it is disabled.','2022-03-22 19:25:31','2022-03-22 19:26:06'),(1878,0,'en','plugins/backup/backup','important_message4','It is not a full backup, it is just back up uploaded files and your database.','2022-03-22 19:25:31','2022-03-22 19:26:06'),(1879,0,'vi','plugins/backup/backup','backup_description','Sao lưu cơ sở dữ liệu và thư mục /uploads','2022-03-22 19:25:31','2022-03-22 19:26:06'),(1880,0,'vi','plugins/backup/backup','create','Tạo bản sao lưu','2022-03-22 19:25:31','2022-03-22 19:26:06'),(1881,0,'vi','plugins/backup/backup','create_backup_success','Tạo bản sao lưu thành công!','2022-03-22 19:25:31','2022-03-22 19:26:06'),(1882,0,'vi','plugins/backup/backup','create_btn','Tạo','2022-03-22 19:25:31','2022-03-22 19:26:06'),(1883,0,'vi','plugins/backup/backup','delete_backup_success','Xóa bản sao lưu thành công!','2022-03-22 19:25:31','2022-03-22 19:26:06'),(1884,0,'vi','plugins/backup/backup','generate_btn','Tạo sao lưu','2022-03-22 19:25:31','2022-03-22 19:26:06'),(1885,0,'vi','plugins/backup/backup','name','Sao lưu','2022-03-22 19:25:31','2022-03-22 19:26:06'),(1886,0,'vi','plugins/backup/backup','restore','Khôi phục bản sao lưu','2022-03-22 19:25:31','2022-03-22 19:26:06'),(1887,0,'vi','plugins/backup/backup','restore_backup_success','Khôi phục bản sao lưu thành công','2022-03-22 19:25:31','2022-03-22 19:26:06'),(1888,0,'vi','plugins/backup/backup','restore_btn','Khôi phục','2022-03-22 19:25:31','2022-03-22 19:26:06'),(1889,0,'vi','plugins/backup/backup','restore_confirm_msg','Bạn có chắc chắn muốn khôi phục hệ thống về thời điểm tạo bản sao lưu này?','2022-03-22 19:25:31','2022-03-22 19:26:06'),(1890,0,'vi','plugins/backup/backup','restore_tooltip','Khôi phục bản sao lưu này','2022-03-22 19:25:31','2022-03-22 19:26:06'),(1891,0,'vi','plugins/backup/backup','download_database','Tải về bản sao lưu CSDL','2022-03-22 19:25:31','2022-03-22 19:26:06'),(1892,0,'vi','plugins/backup/backup','download_uploads_folder','Tải về bản sao lưu thư mục uploads','2022-03-22 19:25:31','2022-03-22 19:26:06'),(1893,0,'vi','plugins/backup/backup','menu_name','Sao lưu','2022-03-22 19:25:31','2022-03-22 19:26:06'),(1894,0,'vi','plugins/backup/backup','demo_alert','Chào khách, nếu bạn thấy trang demo bị phá hoại, hãy tới <a href=\":link\">trang sao lưu</a> và khôi phục bản sao lưu cuối cùng. Cảm ơn bạn nhiều!','2022-03-22 19:25:31','2022-03-22 19:26:06'),(1895,0,'en','plugins/blog/base','menu_name','Blog','2022-03-22 19:25:31','2022-03-22 19:26:06'),(1896,0,'en','plugins/blog/base','blog_page','Blog Page','2022-03-22 19:25:31','2022-03-22 19:26:06'),(1897,0,'en','plugins/blog/base','select','-- Select --','2022-03-22 19:25:31','2022-03-22 19:26:06'),(1898,0,'en','plugins/blog/base','blog_page_id','Blog page','2022-03-22 19:25:31','2022-03-22 19:26:06'),(1899,0,'en','plugins/blog/base','number_posts_per_page','Number posts per page','2022-03-22 19:25:31','2022-03-22 19:26:06'),(1900,0,'en','plugins/blog/base','write_some_tags','Write some tags','2022-03-22 19:25:31','2022-03-22 19:26:06'),(1901,0,'en','plugins/blog/base','short_code_name','Blog posts','2022-03-22 19:25:31','2022-03-22 19:26:06'),(1902,0,'en','plugins/blog/base','short_code_description','Add blog posts','2022-03-22 19:25:31','2022-03-22 19:26:06'),(1903,0,'en','plugins/blog/base','number_posts_per_page_in_category','Number of posts per page in a category','2022-03-22 19:25:31','2022-03-22 19:26:06'),(1904,0,'en','plugins/blog/base','number_posts_per_page_in_tag','Number of posts per page in a tag','2022-03-22 19:25:31','2022-03-22 19:26:06'),(1905,0,'en','plugins/blog/categories','create','Create new category','2022-03-22 19:25:31','2022-03-22 19:26:06'),(1906,0,'en','plugins/blog/categories','edit','Edit category','2022-03-22 19:25:31','2022-03-22 19:26:06'),(1907,0,'en','plugins/blog/categories','menu','Categories','2022-03-22 19:25:31','2022-03-22 19:26:06'),(1908,0,'en','plugins/blog/categories','edit_this_category','Edit this category','2022-03-22 19:25:31','2022-03-22 19:26:06'),(1909,0,'en','plugins/blog/categories','menu_name','Categories','2022-03-22 19:25:31','2022-03-22 19:26:06'),(1910,0,'en','plugins/blog/categories','none','None','2022-03-22 19:25:31','2022-03-22 19:26:06'),(1911,0,'en','plugins/blog/categories','total_posts','Total posts: :total','2022-03-22 19:25:31','2022-03-22 19:26:06'),(1912,0,'en','plugins/blog/member','dob','Born :date','2022-03-22 19:25:31','2022-03-22 19:26:06'),(1913,0,'en','plugins/blog/member','draft_posts','Draft Posts','2022-03-22 19:25:31','2022-03-22 19:26:06'),(1914,0,'en','plugins/blog/member','pending_posts','Pending Posts','2022-03-22 19:25:31','2022-03-22 19:26:06'),(1915,0,'en','plugins/blog/member','published_posts','Published Posts','2022-03-22 19:25:31','2022-03-22 19:26:06'),(1916,0,'en','plugins/blog/member','posts','Posts','2022-03-22 19:25:31','2022-03-22 19:26:06'),(1917,0,'en','plugins/blog/member','write_post','Write a post','2022-03-22 19:25:31','2022-03-22 19:26:06'),(1918,0,'en','plugins/blog/posts','create','Create new post','2022-03-22 19:25:31','2022-03-22 19:26:06'),(1919,0,'en','plugins/blog/posts','edit','Edit post','2022-03-22 19:25:31','2022-03-22 19:26:06'),(1920,0,'en','plugins/blog/posts','form.name','Name','2022-03-22 19:25:31','2022-03-22 19:26:06'),(1921,0,'en','plugins/blog/posts','form.name_placeholder','Post\'s name (Maximum :c characters)','2022-03-22 19:25:31','2022-03-22 19:26:06'),(1922,0,'en','plugins/blog/posts','form.description','Description','2022-03-22 19:25:31','2022-03-22 19:26:06'),(1923,0,'en','plugins/blog/posts','form.description_placeholder','Short description for post (Maximum :c characters)','2022-03-22 19:25:31','2022-03-22 19:26:06'),(1924,0,'en','plugins/blog/posts','form.categories','Categories','2022-03-22 19:25:31','2022-03-22 19:26:06'),(1925,0,'en','plugins/blog/posts','form.tags','Tags','2022-03-22 19:25:31','2022-03-22 19:26:06'),(1926,0,'en','plugins/blog/posts','form.tags_placeholder','Tags','2022-03-22 19:25:31','2022-03-22 19:26:06'),(1927,0,'en','plugins/blog/posts','form.content','Content','2022-03-22 19:25:31','2022-03-22 19:26:06'),(1928,0,'en','plugins/blog/posts','form.is_featured','Is featured?','2022-03-22 19:25:31','2022-03-22 19:26:06'),(1929,0,'en','plugins/blog/posts','form.note','Note content','2022-03-22 19:25:31','2022-03-22 19:26:06'),(1930,0,'en','plugins/blog/posts','form.format_type','Format','2022-03-22 19:25:31','2022-03-22 19:26:06'),(1931,0,'en','plugins/blog/posts','cannot_delete','Post could not be deleted','2022-03-22 19:25:31','2022-03-22 19:26:06'),(1932,0,'en','plugins/blog/posts','post_deleted','Post deleted','2022-03-22 19:25:31','2022-03-22 19:26:06'),(1933,0,'en','plugins/blog/posts','posts','Posts','2022-03-22 19:25:31','2022-03-22 19:26:06'),(1934,0,'en','plugins/blog/posts','post','Post','2022-03-22 19:25:31','2022-03-22 19:26:06'),(1935,0,'en','plugins/blog/posts','edit_this_post','Edit this post','2022-03-22 19:25:31','2022-03-22 19:26:06'),(1936,0,'en','plugins/blog/posts','no_new_post_now','There is no new post now!','2022-03-22 19:25:31','2022-03-22 19:26:06'),(1937,0,'en','plugins/blog/posts','menu_name','Posts','2022-03-22 19:25:31','2022-03-22 19:26:06'),(1938,0,'en','plugins/blog/posts','widget_posts_recent','Recent Posts','2022-03-22 19:25:31','2022-03-22 19:26:06'),(1939,0,'en','plugins/blog/posts','categories','Categories','2022-03-22 19:25:31','2022-03-22 19:26:06'),(1940,0,'en','plugins/blog/posts','category','Category','2022-03-22 19:25:31','2022-03-22 19:26:06'),(1941,0,'en','plugins/blog/posts','author','Author','2022-03-22 19:25:31','2022-03-22 19:26:06'),(1942,0,'en','plugins/blog/settings','select','-- Select --','2022-03-22 19:25:31','2022-03-22 19:26:06'),(1943,0,'en','plugins/blog/settings','blog_page_id','Blog page','2022-03-22 19:25:31','2022-03-22 19:26:06'),(1944,0,'en','plugins/blog/tags','form.name','Name','2022-03-22 19:25:31','2022-03-22 19:26:06'),(1945,0,'en','plugins/blog/tags','form.name_placeholder','Tag\'s name (Maximum 120 characters)','2022-03-22 19:25:31','2022-03-22 19:26:06'),(1946,0,'en','plugins/blog/tags','form.description','Description','2022-03-22 19:25:31','2022-03-22 19:26:06'),(1947,0,'en','plugins/blog/tags','form.description_placeholder','Short description for tag (Maximum 400 characters)','2022-03-22 19:25:31','2022-03-22 19:26:06'),(1948,0,'en','plugins/blog/tags','form.categories','Categories','2022-03-22 19:25:31','2022-03-22 19:26:06'),(1949,0,'en','plugins/blog/tags','notices.no_select','Please select at least one tag to take this action!','2022-03-22 19:25:31','2022-03-22 19:26:06'),(1950,0,'en','plugins/blog/tags','create','Create new tag','2022-03-22 19:25:31','2022-03-22 19:26:06'),(1951,0,'en','plugins/blog/tags','edit','Edit tag','2022-03-22 19:25:31','2022-03-22 19:26:06'),(1952,0,'en','plugins/blog/tags','cannot_delete','Tag could not be deleted','2022-03-22 19:25:31','2022-03-22 19:26:06'),(1953,0,'en','plugins/blog/tags','deleted','Tag deleted','2022-03-22 19:25:31','2022-03-22 19:26:06'),(1954,0,'en','plugins/blog/tags','menu','Tags','2022-03-22 19:25:31','2022-03-22 19:26:06'),(1955,0,'en','plugins/blog/tags','edit_this_tag','Edit this tag','2022-03-22 19:25:31','2022-03-22 19:26:06'),(1956,0,'en','plugins/blog/tags','menu_name','Tags','2022-03-22 19:25:31','2022-03-22 19:26:06'),(1957,0,'vi','plugins/blog/base','menu_name','Blog','2022-03-22 19:25:31','2022-03-22 19:26:06'),(1958,0,'vi','plugins/blog/categories','create','Thêm danh mục mới','2022-03-22 19:25:31','2022-03-22 19:26:06'),(1959,0,'vi','plugins/blog/categories','edit','Sửa danh mục','2022-03-22 19:25:31','2022-03-22 19:26:06'),(1960,0,'vi','plugins/blog/categories','menu_name','Danh mục','2022-03-22 19:25:31','2022-03-22 19:26:06'),(1961,0,'vi','plugins/blog/categories','edit_this_category','Sửa danh mục này','2022-03-22 19:25:31','2022-03-22 19:26:06'),(1962,0,'vi','plugins/blog/categories','menu','Danh mục','2022-03-22 19:25:31','2022-03-22 19:26:06'),(1963,0,'vi','plugins/blog/posts','create','Thêm bài viết','2022-03-22 19:25:31','2022-03-22 19:26:06'),(1964,0,'vi','plugins/blog/posts','edit','Sửa bài viết','2022-03-22 19:25:31','2022-03-22 19:26:06'),(1965,0,'vi','plugins/blog/posts','form.name','Tên','2022-03-22 19:25:31','2022-03-22 19:26:06'),(1966,0,'vi','plugins/blog/posts','form.name_placeholder','Tên bài viết (Tối đa 120 kí tự)','2022-03-22 19:25:31','2022-03-22 19:26:06'),(1967,0,'vi','plugins/blog/posts','form.description','Mô tả','2022-03-22 19:25:31','2022-03-22 19:26:06'),(1968,0,'vi','plugins/blog/posts','form.description_placeholder','Mô tả ngắn cho bài viết (Tối đa 400 kí tự)','2022-03-22 19:25:31','2022-03-22 19:26:06'),(1969,0,'vi','plugins/blog/posts','form.categories','Chuyên mục','2022-03-22 19:25:31','2022-03-22 19:26:06'),(1970,0,'vi','plugins/blog/posts','form.tags','Từ khóa','2022-03-22 19:25:31','2022-03-22 19:26:06'),(1971,0,'vi','plugins/blog/posts','form.tags_placeholder','Thêm từ khóa','2022-03-22 19:25:31','2022-03-22 19:26:06'),(1972,0,'vi','plugins/blog/posts','form.content','Nội dung','2022-03-22 19:25:31','2022-03-22 19:26:06'),(1973,0,'vi','plugins/blog/posts','form.note','Nội dung ghi chú','2022-03-22 19:25:31','2022-03-22 19:26:06'),(1974,0,'vi','plugins/blog/posts','form.format_type','Định dạng','2022-03-22 19:25:31','2022-03-22 19:26:06'),(1975,0,'vi','plugins/blog/posts','post_deleted','Xóa bài viết thành công','2022-03-22 19:25:31','2022-03-22 19:26:06'),(1976,0,'vi','plugins/blog/posts','cannot_delete','Không thể xóa bài viết','2022-03-22 19:25:31','2022-03-22 19:26:06'),(1977,0,'vi','plugins/blog/posts','menu_name','Bài viết','2022-03-22 19:25:31','2022-03-22 19:26:06'),(1978,0,'vi','plugins/blog/posts','edit_this_post','Sửa bài viết này','2022-03-22 19:25:31','2022-03-22 19:26:06'),(1979,0,'vi','plugins/blog/posts','no_new_post_now','Hiện tại không có bài viết mới!','2022-03-22 19:25:31','2022-03-22 19:26:06'),(1980,0,'vi','plugins/blog/posts','posts','Bài viết','2022-03-22 19:25:31','2022-03-22 19:26:06'),(1981,0,'vi','plugins/blog/posts','widget_posts_recent','Bài viết gần đây','2022-03-22 19:25:31','2022-03-22 19:26:06'),(1982,0,'vi','plugins/blog/posts','author','Tác giả','2022-03-22 19:25:31','2022-03-22 19:26:06'),(1983,0,'vi','plugins/blog/tags','create','Thêm thẻ mới','2022-03-22 19:25:31','2022-03-22 19:26:06'),(1984,0,'vi','plugins/blog/tags','edit','Sửa thẻ','2022-03-22 19:25:31','2022-03-22 19:26:06'),(1985,0,'vi','plugins/blog/tags','form.name','Tên','2022-03-22 19:25:31','2022-03-22 19:26:06'),(1986,0,'vi','plugins/blog/tags','form.name_placeholder','Tên thẻ (Tối đa 120 kí tự)','2022-03-22 19:25:31','2022-03-22 19:26:06'),(1987,0,'vi','plugins/blog/tags','form.description','Mô tả','2022-03-22 19:25:31','2022-03-22 19:26:06'),(1988,0,'vi','plugins/blog/tags','form.description_placeholder','Mô tả ngắn cho tag (Tối đa 400 kí tự)','2022-03-22 19:25:31','2022-03-22 19:26:06'),(1989,0,'vi','plugins/blog/tags','form.categories','Chuyên mục','2022-03-22 19:25:31','2022-03-22 19:26:06'),(1990,0,'vi','plugins/blog/tags','notices.no_select','Chọn ít nhất 1 bài viết để thực hiện hành động này!','2022-03-22 19:25:31','2022-03-22 19:26:06'),(1991,0,'vi','plugins/blog/tags','cannot_delete','Không thể xóa thẻ','2022-03-22 19:25:31','2022-03-22 19:26:06'),(1992,0,'vi','plugins/blog/tags','deleted','Xóa thẻ thành công','2022-03-22 19:25:31','2022-03-22 19:26:06'),(1993,0,'vi','plugins/blog/tags','menu_name','Thẻ','2022-03-22 19:25:31','2022-03-22 19:26:06'),(1994,0,'vi','plugins/blog/tags','edit_this_tag','Sửa thẻ này','2022-03-22 19:25:31','2022-03-22 19:26:06'),(1995,0,'vi','plugins/blog/tags','menu','Thẻ','2022-03-22 19:25:31','2022-03-22 19:26:06'),(1996,0,'en','plugins/captcha/captcha','settings.title','Captcha','2022-03-22 19:25:31','2022-03-22 19:26:06'),(1997,0,'en','plugins/captcha/captcha','settings.description','Settings for Google Captcha','2022-03-22 19:25:31','2022-03-22 19:26:06'),(1998,0,'en','plugins/captcha/captcha','settings.captcha_site_key','Captcha Site Key','2022-03-22 19:25:31','2022-03-22 19:26:06'),(1999,0,'en','plugins/captcha/captcha','settings.captcha_secret','Captcha Secret','2022-03-22 19:25:31','2022-03-22 19:26:06'),(2000,0,'en','plugins/captcha/captcha','settings.enable_captcha','Enable Captcha?','2022-03-22 19:25:31','2022-03-22 19:26:06'),(2001,0,'en','plugins/captcha/captcha','settings.helper','Go here to get credentials https://www.google.com/recaptcha/admin#list.','2022-03-22 19:25:31','2022-03-22 19:26:06'),(2002,0,'en','plugins/captcha/captcha','settings.hide_badge','Hide recaptcha badge (for v3)','2022-03-22 19:25:31','2022-03-22 19:26:06'),(2003,0,'en','plugins/captcha/captcha','settings.type','Type','2022-03-22 19:25:31','2022-03-22 19:26:06'),(2004,0,'en','plugins/captcha/captcha','settings.v2_description','V2 (Verify requests with a challenge)','2022-03-22 19:25:31','2022-03-22 19:26:06'),(2005,0,'en','plugins/captcha/captcha','settings.v3_description','V3 (Verify requests with a score)','2022-03-22 19:25:31','2022-03-22 19:26:06'),(2006,0,'en','plugins/captcha/captcha','failed_validate','Failed to validate the captcha.','2022-03-22 19:25:31','2022-03-22 19:26:06'),(2007,0,'en','plugins/contact/contact','menu','Contact','2022-03-22 19:25:31','2022-03-22 19:26:06'),(2008,0,'en','plugins/contact/contact','edit','View contact','2022-03-22 19:25:31','2022-03-22 19:26:06'),(2009,0,'en','plugins/contact/contact','tables.phone','Phone','2022-03-22 19:25:31','2022-03-22 19:26:06'),(2010,0,'en','plugins/contact/contact','tables.email','Email','2022-03-22 19:25:31','2022-03-22 19:26:06'),(2011,0,'en','plugins/contact/contact','tables.full_name','Full Name','2022-03-22 19:25:31','2022-03-22 19:26:06'),(2012,0,'en','plugins/contact/contact','tables.time','Time','2022-03-22 19:25:31','2022-03-22 19:26:06'),(2013,0,'en','plugins/contact/contact','tables.address','Address','2022-03-22 19:25:31','2022-03-22 19:26:06'),(2014,0,'en','plugins/contact/contact','tables.subject','Subject','2022-03-22 19:25:31','2022-03-22 19:26:06'),(2015,0,'en','plugins/contact/contact','tables.content','Content','2022-03-22 19:25:31','2022-03-22 19:26:06'),(2016,0,'en','plugins/contact/contact','contact_information','Contact information','2022-03-22 19:25:31','2022-03-22 19:26:06'),(2017,0,'en','plugins/contact/contact','replies','Replies','2022-03-22 19:25:31','2022-03-22 19:26:06'),(2018,0,'en','plugins/contact/contact','email.header','Email','2022-03-22 19:25:31','2022-03-22 19:26:06'),(2019,0,'en','plugins/contact/contact','email.title','New contact from your site','2022-03-22 19:25:31','2022-03-22 19:26:06'),(2020,0,'en','plugins/contact/contact','form.name.required','Name is required','2022-03-22 19:25:31','2022-03-22 19:26:06'),(2021,0,'en','plugins/contact/contact','form.email.required','Email is required','2022-03-22 19:25:31','2022-03-22 19:26:06'),(2022,0,'en','plugins/contact/contact','form.email.email','The email address is not valid','2022-03-22 19:25:31','2022-03-22 19:26:06'),(2023,0,'en','plugins/contact/contact','form.content.required','Content is required','2022-03-22 19:25:31','2022-03-22 19:26:06'),(2024,0,'en','plugins/contact/contact','contact_sent_from','This contact information sent from','2022-03-22 19:25:31','2022-03-22 19:26:06'),(2025,0,'en','plugins/contact/contact','sender','Sender','2022-03-22 19:25:31','2022-03-22 19:26:06'),(2026,0,'en','plugins/contact/contact','sender_email','Email','2022-03-22 19:25:31','2022-03-22 19:26:06'),(2027,0,'en','plugins/contact/contact','sender_address','Address','2022-03-22 19:25:31','2022-03-22 19:26:06'),(2028,0,'en','plugins/contact/contact','sender_phone','Phone','2022-03-22 19:25:31','2022-03-22 19:26:06'),(2029,0,'en','plugins/contact/contact','message_content','Message content','2022-03-22 19:25:31','2022-03-22 19:26:06'),(2030,0,'en','plugins/contact/contact','sent_from','Email sent from','2022-03-22 19:25:31','2022-03-22 19:26:06'),(2031,0,'en','plugins/contact/contact','form_name','Name','2022-03-22 19:25:31','2022-03-22 19:26:06'),(2032,0,'en','plugins/contact/contact','form_email','Email','2022-03-22 19:25:31','2022-03-22 19:26:06'),(2033,0,'en','plugins/contact/contact','form_address','Address','2022-03-22 19:25:31','2022-03-22 19:26:06'),(2034,0,'en','plugins/contact/contact','form_subject','Subject','2022-03-22 19:25:31','2022-03-22 19:26:06'),(2035,0,'en','plugins/contact/contact','form_phone','Phone','2022-03-22 19:25:31','2022-03-22 19:26:06'),(2036,0,'en','plugins/contact/contact','form_message','Message','2022-03-22 19:25:31','2022-03-22 19:26:06'),(2037,0,'en','plugins/contact/contact','required_field','The field with (<span style=\"color: red\">*</span>) is required.','2022-03-22 19:25:31','2022-03-22 19:26:06'),(2038,0,'en','plugins/contact/contact','send_btn','Send message','2022-03-22 19:25:31','2022-03-22 19:26:06'),(2039,0,'en','plugins/contact/contact','new_msg_notice','You have <span class=\"bold\">:count</span> New Messages','2022-03-22 19:25:31','2022-03-22 19:26:06'),(2040,0,'en','plugins/contact/contact','view_all','View all','2022-03-22 19:25:31','2022-03-22 19:26:06'),(2041,0,'en','plugins/contact/contact','statuses.read','Read','2022-03-22 19:25:31','2022-03-22 19:26:06'),(2042,0,'en','plugins/contact/contact','statuses.unread','Unread','2022-03-22 19:25:31','2022-03-22 19:26:06'),(2043,0,'en','plugins/contact/contact','phone','Phone','2022-03-22 19:25:31','2022-03-22 19:26:06'),(2044,0,'en','plugins/contact/contact','address','Address','2022-03-22 19:25:31','2022-03-22 19:26:06'),(2045,0,'en','plugins/contact/contact','message','Message','2022-03-22 19:25:31','2022-03-22 19:26:06'),(2046,0,'en','plugins/contact/contact','settings.email.title','Contact','2022-03-22 19:25:31','2022-03-22 19:26:06'),(2047,0,'en','plugins/contact/contact','settings.email.description','Contact email configuration','2022-03-22 19:25:31','2022-03-22 19:26:06'),(2048,0,'en','plugins/contact/contact','settings.email.templates.notice_title','Send notice to administrator','2022-03-22 19:25:31','2022-03-22 19:26:06'),(2049,0,'en','plugins/contact/contact','settings.email.templates.notice_description','Email template to send notice to administrator when system get new contact','2022-03-22 19:25:31','2022-03-22 19:26:06'),(2050,0,'en','plugins/contact/contact','no_reply','No reply yet!','2022-03-22 19:25:31','2022-03-22 19:26:06'),(2051,0,'en','plugins/contact/contact','reply','Reply','2022-03-22 19:25:32','2022-03-22 19:26:06'),(2052,0,'en','plugins/contact/contact','send','Send','2022-03-22 19:25:32','2022-03-22 19:26:06'),(2053,0,'en','plugins/contact/contact','shortcode_name','Contact form','2022-03-22 19:25:32','2022-03-22 19:26:06'),(2054,0,'en','plugins/contact/contact','shortcode_description','Add a contact form','2022-03-22 19:25:32','2022-03-22 19:26:06'),(2055,0,'en','plugins/contact/contact','shortcode_content_description','Add shortcode [contact-form][/contact-form] to editor?','2022-03-22 19:25:32','2022-03-22 19:26:06'),(2056,0,'en','plugins/contact/contact','message_sent_success','Message sent successfully!','2022-03-22 19:25:32','2022-03-22 19:26:06'),(2057,0,'vi','plugins/contact/contact','menu','Liên hệ','2022-03-22 19:25:32','2022-03-22 19:26:06'),(2058,0,'vi','plugins/contact/contact','edit','Xem liên hệ','2022-03-22 19:25:32','2022-03-22 19:26:06'),(2059,0,'vi','plugins/contact/contact','tables.phone','Điện thoại','2022-03-22 19:25:32','2022-03-22 19:26:06'),(2060,0,'vi','plugins/contact/contact','tables.email','Email','2022-03-22 19:25:32','2022-03-22 19:26:06'),(2061,0,'vi','plugins/contact/contact','tables.full_name','Họ tên','2022-03-22 19:25:32','2022-03-22 19:26:06'),(2062,0,'vi','plugins/contact/contact','tables.time','Thời gian','2022-03-22 19:25:32','2022-03-22 19:26:06'),(2063,0,'vi','plugins/contact/contact','tables.address','Địa địa chỉ','2022-03-22 19:25:32','2022-03-22 19:26:06'),(2064,0,'vi','plugins/contact/contact','tables.subject','Tiêu đề','2022-03-22 19:25:32','2022-03-22 19:26:06'),(2065,0,'vi','plugins/contact/contact','tables.content','Nội dung','2022-03-22 19:25:32','2022-03-22 19:26:06'),(2066,0,'vi','plugins/contact/contact','contact_information','Thông tin liên hệ','2022-03-22 19:25:32','2022-03-22 19:26:06'),(2067,0,'vi','plugins/contact/contact','email.title','Thông tin liên hệ mới','2022-03-22 19:25:32','2022-03-22 19:26:06'),(2068,0,'vi','plugins/contact/contact','email.header','Email','2022-03-22 19:25:32','2022-03-22 19:26:06'),(2069,0,'vi','plugins/contact/contact','contact_sent_from','Liên hệ này được gửi từ','2022-03-22 19:25:32','2022-03-22 19:26:06'),(2070,0,'vi','plugins/contact/contact','form_address','Địa chỉ','2022-03-22 19:25:32','2022-03-22 19:26:06'),(2071,0,'vi','plugins/contact/contact','form_email','Thư điện tử','2022-03-22 19:25:32','2022-03-22 19:26:06'),(2072,0,'vi','plugins/contact/contact','form_message','Thông điệp','2022-03-22 19:25:32','2022-03-22 19:26:06'),(2073,0,'vi','plugins/contact/contact','form_name','Họ tên','2022-03-22 19:25:32','2022-03-22 19:26:06'),(2074,0,'vi','plugins/contact/contact','form_phone','Số điện thoại','2022-03-22 19:25:32','2022-03-22 19:26:06'),(2075,0,'vi','plugins/contact/contact','message_content','Nội dung thông điệp','2022-03-22 19:25:32','2022-03-22 19:26:06'),(2076,0,'vi','plugins/contact/contact','required_field','Những trường có dấu (<span style=\"color: red\">*</span>) là bắt buộc.','2022-03-22 19:25:32','2022-03-22 19:26:06'),(2077,0,'vi','plugins/contact/contact','send_btn','Gửi tin nhắn','2022-03-22 19:25:32','2022-03-22 19:26:06'),(2078,0,'vi','plugins/contact/contact','sender','Người gửi','2022-03-22 19:25:32','2022-03-22 19:26:06'),(2079,0,'vi','plugins/contact/contact','sender_address','Địa chỉ','2022-03-22 19:25:32','2022-03-22 19:26:06'),(2080,0,'vi','plugins/contact/contact','sender_email','Thư điện tử','2022-03-22 19:25:32','2022-03-22 19:26:06'),(2081,0,'vi','plugins/contact/contact','sender_phone','Số điện thoại','2022-03-22 19:25:32','2022-03-22 19:26:06'),(2082,0,'vi','plugins/contact/contact','sent_from','Thư được gửi từ','2022-03-22 19:25:32','2022-03-22 19:26:06'),(2083,0,'vi','plugins/contact/contact','address','Địa chỉ','2022-03-22 19:25:32','2022-03-22 19:26:06'),(2084,0,'vi','plugins/contact/contact','message','Liên hệ','2022-03-22 19:25:32','2022-03-22 19:26:06'),(2085,0,'vi','plugins/contact/contact','new_msg_notice','Bạn có <span class=\"bold\">:count</span> tin nhắn mới','2022-03-22 19:25:32','2022-03-22 19:26:06'),(2086,0,'vi','plugins/contact/contact','phone','Điện thoại','2022-03-22 19:25:32','2022-03-22 19:26:06'),(2087,0,'vi','plugins/contact/contact','statuses.read','Đã đọc','2022-03-22 19:25:32','2022-03-22 19:26:06'),(2088,0,'vi','plugins/contact/contact','statuses.unread','Chưa đọc','2022-03-22 19:25:32','2022-03-22 19:26:06'),(2089,0,'vi','plugins/contact/contact','view_all','Xem tất cả','2022-03-22 19:25:32','2022-03-22 19:26:06'),(2090,0,'vi','plugins/contact/contact','settings.email.title','Liên hệ','2022-03-22 19:25:32','2022-03-22 19:26:06'),(2091,0,'vi','plugins/contact/contact','settings.email.description','Cấu hình thông tin cho mục liên hệ','2022-03-22 19:25:32','2022-03-22 19:26:06'),(2092,0,'vi','plugins/contact/contact','settings.email.templates.notice_title','Thông báo tới admin','2022-03-22 19:25:32','2022-03-22 19:26:06'),(2093,0,'vi','plugins/contact/contact','settings.email.templates.notice_description','Mẫu nội dung email gửi tới admin khi có liên hệ mới','2022-03-22 19:25:32','2022-03-22 19:26:06'),(2094,0,'en','plugins/cookie-consent/cookie-consent','theme_options.name','Cookie Consent','2022-03-22 19:25:32','2022-03-22 19:26:06'),(2095,0,'en','plugins/cookie-consent/cookie-consent','theme_options.description','Cookie consent settings','2022-03-22 19:25:32','2022-03-22 19:26:06'),(2096,0,'en','plugins/cookie-consent/cookie-consent','theme_options.enable','Enable cookie consent?','2022-03-22 19:25:32','2022-03-22 19:26:06'),(2097,0,'en','plugins/cookie-consent/cookie-consent','theme_options.message','Message','2022-03-22 19:25:32','2022-03-22 19:26:06'),(2098,0,'en','plugins/cookie-consent/cookie-consent','theme_options.button_text','Button text','2022-03-22 19:25:32','2022-03-22 19:26:06'),(2099,0,'en','plugins/cookie-consent/cookie-consent','theme_options.max_width','Max width (px)','2022-03-22 19:25:32','2022-03-22 19:26:06'),(2100,0,'en','plugins/cookie-consent/cookie-consent','theme_options.background_color','Background color','2022-03-22 19:25:32','2022-03-22 19:26:06'),(2101,0,'en','plugins/cookie-consent/cookie-consent','theme_options.text_color','Text color','2022-03-22 19:25:32','2022-03-22 19:26:06'),(2102,0,'en','plugins/cookie-consent/cookie-consent','theme_options.learn_more_url','Learn more URL','2022-03-22 19:25:32','2022-03-22 19:26:06'),(2103,0,'en','plugins/cookie-consent/cookie-consent','theme_options.learn_more_text','Learn more text','2022-03-22 19:25:32','2022-03-22 19:26:06'),(2104,0,'en','plugins/cookie-consent/cookie-consent','theme_options.style','Style','2022-03-22 19:25:32','2022-03-22 19:26:06'),(2105,0,'en','plugins/cookie-consent/cookie-consent','theme_options.full_width','Full width','2022-03-22 19:25:32','2022-03-22 19:26:06'),(2106,0,'en','plugins/cookie-consent/cookie-consent','theme_options.minimal','Minimal','2022-03-22 19:25:32','2022-03-22 19:26:06'),(2107,0,'en','plugins/cookie-consent/cookie-consent','message','Your experience on this site will be improved by allowing cookies.','2022-03-22 19:25:32','2022-03-22 19:26:06'),(2108,0,'en','plugins/cookie-consent/cookie-consent','button_text','Allow cookies','2022-03-22 19:25:32','2022-03-22 19:26:06'),(2109,0,'en','plugins/ecommerce/brands','name','Brands','2022-03-22 19:25:32','2022-03-22 19:26:06'),(2110,0,'en','plugins/ecommerce/brands','create','New brand','2022-03-22 19:25:32','2022-03-22 19:26:06'),(2111,0,'en','plugins/ecommerce/brands','edit','Edit brand','2022-03-22 19:25:32','2022-03-22 19:26:06'),(2112,0,'en','plugins/ecommerce/brands','form.name','Name','2022-03-22 19:25:32','2022-03-22 19:26:06'),(2113,0,'en','plugins/ecommerce/brands','form.name_placeholder','Brand\'s name (Maximum 255 characters)','2022-03-22 19:25:32','2022-03-22 19:26:06'),(2114,0,'en','plugins/ecommerce/brands','form.description','Description','2022-03-22 19:25:32','2022-03-22 19:26:06'),(2115,0,'en','plugins/ecommerce/brands','form.description_placeholder','Short description for brand (Maximum 400 characters)','2022-03-22 19:25:32','2022-03-22 19:26:06'),(2116,0,'en','plugins/ecommerce/brands','form.website','Website','2022-03-22 19:25:32','2022-03-22 19:26:06'),(2117,0,'en','plugins/ecommerce/brands','form.logo','Logo','2022-03-22 19:25:32','2022-03-22 19:26:06'),(2118,0,'en','plugins/ecommerce/brands','form.is_featured','Is featured','2022-03-22 19:25:32','2022-03-22 19:26:06'),(2119,0,'en','plugins/ecommerce/brands','logo','Logo','2022-03-22 19:25:32','2022-03-22 19:26:06'),(2120,0,'en','plugins/ecommerce/brands','website','Website','2022-03-22 19:25:32','2022-03-22 19:26:06'),(2121,0,'en','plugins/ecommerce/brands','notices.no_select','Please select at least one record to take this action!','2022-03-22 19:25:32','2022-03-22 19:26:06'),(2122,0,'en','plugins/ecommerce/brands','notices.update_success_message','Update successfully','2022-03-22 19:25:32','2022-03-22 19:26:06'),(2123,0,'en','plugins/ecommerce/brands','cannot_delete','Brand could not be deleted','2022-03-22 19:25:32','2022-03-22 19:26:06'),(2124,0,'en','plugins/ecommerce/brands','brand_deleted','Brand deleted','2022-03-22 19:25:32','2022-03-22 19:26:06'),(2125,0,'en','plugins/ecommerce/brands','menu','Brands','2022-03-22 19:25:32','2022-03-22 19:26:06'),(2126,0,'en','plugins/ecommerce/brands','no_brand','No brand','2022-03-22 19:25:32','2022-03-22 19:26:06'),(2127,0,'en','plugins/ecommerce/brands','intro.title','Manage brands','2022-03-22 19:25:32','2022-03-22 19:26:06'),(2128,0,'en','plugins/ecommerce/brands','intro.description','Manage product brands such as Nike, Adidas, Bitis ...','2022-03-22 19:25:32','2022-03-22 19:26:06'),(2129,0,'en','plugins/ecommerce/brands','intro.button_text','Create brand','2022-03-22 19:25:32','2022-03-22 19:26:06'),(2130,0,'en','plugins/ecommerce/bulk-import','name','Bulk Import','2022-03-22 19:25:32','2022-03-22 19:26:06'),(2131,0,'en','plugins/ecommerce/bulk-import','loading_text','Importing','2022-03-22 19:25:32','2022-03-22 19:26:06'),(2132,0,'en','plugins/ecommerce/bulk-import','imported_successfully','Imported successfully.','2022-03-22 19:25:32','2022-03-22 19:26:06'),(2133,0,'en','plugins/ecommerce/bulk-import','please_choose_the_file_mime','Please choose the file mime :types','2022-03-22 19:25:32','2022-03-22 19:26:06'),(2134,0,'en','plugins/ecommerce/bulk-import','please_choose_the_file','Please choose the file','2022-03-22 19:25:32','2022-03-22 19:26:06'),(2135,0,'en','plugins/ecommerce/bulk-import','start_import','Start Import','2022-03-22 19:25:32','2022-03-22 19:26:06'),(2136,0,'en','plugins/ecommerce/bulk-import','note','Note!','2022-03-22 19:25:32','2022-03-22 19:26:06'),(2137,0,'en','plugins/ecommerce/bulk-import','warning_before_importing','If this is your first time using this feature, please read the documentation or contact the Administrator for access to the correct functionality!','2022-03-22 19:25:32','2022-03-22 19:26:06'),(2138,0,'en','plugins/ecommerce/bulk-import','results','Result: :success successes, :failed failures','2022-03-22 19:25:32','2022-03-22 19:26:06'),(2139,0,'en','plugins/ecommerce/bulk-import','failures','Failures','2022-03-22 19:25:32','2022-03-22 19:26:06'),(2140,0,'en','plugins/ecommerce/bulk-import','tables.import','Import','2022-03-22 19:25:32','2022-03-22 19:26:06'),(2141,0,'en','plugins/ecommerce/bulk-import','template','Template','2022-03-22 19:25:32','2022-03-22 19:26:06'),(2142,0,'en','plugins/ecommerce/bulk-import','rules','Rules','2022-03-22 19:25:32','2022-03-22 19:26:06'),(2143,0,'en','plugins/ecommerce/bulk-import','choose_file_with_mime','Choose file with mime: (:types)','2022-03-22 19:25:32','2022-03-22 19:26:06'),(2144,0,'en','plugins/ecommerce/bulk-import','choose_file','Choose file','2022-03-22 19:25:32','2022-03-22 19:26:06'),(2145,0,'en','plugins/ecommerce/bulk-import','menu','Import products','2022-03-22 19:25:32','2022-03-22 19:26:06'),(2146,0,'en','plugins/ecommerce/bulk-import','download-csv-file','Download CSV template','2022-03-22 19:25:32','2022-03-22 19:26:06'),(2147,0,'en','plugins/ecommerce/bulk-import','download-excel-file','Download Excel template','2022-03-22 19:25:32','2022-03-22 19:26:06'),(2148,0,'en','plugins/ecommerce/bulk-import','downloading','Downloading...','2022-03-22 19:25:32','2022-03-22 19:26:06'),(2149,0,'en','plugins/ecommerce/bulk-import','export.template.input_error','Input error','2022-03-22 19:25:32','2022-03-22 19:26:06'),(2150,0,'en','plugins/ecommerce/bulk-import','export.template.number_not_allowed','Number is not allowed!','2022-03-22 19:25:32','2022-03-22 19:26:06'),(2151,0,'en','plugins/ecommerce/bulk-import','export.template.allowed_input','Allowed input','2022-03-22 19:25:32','2022-03-22 19:26:06'),(2152,0,'en','plugins/ecommerce/bulk-import','export.template.prompt_decimal','Only numbers or decimals are accepted and greater than or equal to :min.','2022-03-22 19:25:32','2022-03-22 19:26:06'),(2153,0,'en','plugins/ecommerce/bulk-import','export.template.prompt_whole_number','Only numbers are accepted and greater than or equal to :min.','2022-03-22 19:25:32','2022-03-22 19:26:06'),(2154,0,'en','plugins/ecommerce/bulk-import','export.template.prompt_list','Please pick a value from the drop-down list.','2022-03-22 19:25:32','2022-03-22 19:26:06'),(2155,0,'en','plugins/ecommerce/bulk-import','export.template.pick_from_list','Pick from list','2022-03-22 19:25:32','2022-03-22 19:26:06'),(2156,0,'en','plugins/ecommerce/bulk-import','export.template.value_not_in_list','Value is not in list.','2022-03-22 19:25:32','2022-03-22 19:26:06'),(2157,0,'en','plugins/ecommerce/bulk-import','import_failed_description','Import failed, please check the errors below!','2022-03-22 19:25:32','2022-03-22 19:26:06'),(2158,0,'en','plugins/ecommerce/currency','currencies','Currencies','2022-03-22 19:25:32','2022-03-22 19:26:06'),(2159,0,'en','plugins/ecommerce/currency','setting_description','List of currencies using on website','2022-03-22 19:25:32','2022-03-22 19:26:06'),(2160,0,'en','plugins/ecommerce/currency','name','Name','2022-03-22 19:25:32','2022-03-22 19:26:06'),(2161,0,'en','plugins/ecommerce/currency','symbol','Symbol','2022-03-22 19:25:32','2022-03-22 19:26:06'),(2162,0,'en','plugins/ecommerce/currency','number_of_decimals','Number of decimals','2022-03-22 19:25:32','2022-03-22 19:26:06'),(2163,0,'en','plugins/ecommerce/currency','exchange_rate','Exchange rate','2022-03-22 19:25:32','2022-03-22 19:26:06'),(2164,0,'en','plugins/ecommerce/currency','is_prefix_symbol','Position of symbol','2022-03-22 19:25:32','2022-03-22 19:26:06'),(2165,0,'en','plugins/ecommerce/currency','is_default','Is default?','2022-03-22 19:25:32','2022-03-22 19:26:06'),(2166,0,'en','plugins/ecommerce/currency','remove','Remove','2022-03-22 19:25:32','2022-03-22 19:26:06'),(2167,0,'en','plugins/ecommerce/currency','new_currency','Add a new currency','2022-03-22 19:25:32','2022-03-22 19:26:06'),(2168,0,'en','plugins/ecommerce/currency','save_settings','Save settings','2022-03-22 19:25:32','2022-03-22 19:26:06'),(2169,0,'en','plugins/ecommerce/currency','before_number','Before number','2022-03-22 19:25:32','2022-03-22 19:26:06'),(2170,0,'en','plugins/ecommerce/currency','after_number','After number','2022-03-22 19:25:32','2022-03-22 19:26:06'),(2171,0,'en','plugins/ecommerce/currency','require_at_least_one_currency','The system requires at least one currency!','2022-03-22 19:25:32','2022-03-22 19:26:06'),(2172,0,'en','plugins/ecommerce/currency','enable_auto_detect_visitor_currency','Enable auto-detect visitor currency?','2022-03-22 19:25:32','2022-03-22 19:26:06'),(2173,0,'en','plugins/ecommerce/customer','name','Customers','2022-03-22 19:25:32','2022-03-22 19:26:06'),(2174,0,'en','plugins/ecommerce/customer','create','Create a customer','2022-03-22 19:25:32','2022-03-22 19:26:06'),(2175,0,'en','plugins/ecommerce/customer','edit','Edit customer \":name\"','2022-03-22 19:25:32','2022-03-22 19:26:06'),(2176,0,'en','plugins/ecommerce/customer','email','Email','2022-03-22 19:25:32','2022-03-22 19:26:06'),(2177,0,'en','plugins/ecommerce/customer','email_placeholder','Ex: example@gmail.com','2022-03-22 19:25:32','2022-03-22 19:26:06'),(2178,0,'en','plugins/ecommerce/customer','password','Password','2022-03-22 19:25:32','2022-03-22 19:26:06'),(2179,0,'en','plugins/ecommerce/customer','change_password','Change password?','2022-03-22 19:25:32','2022-03-22 19:26:06'),(2180,0,'en','plugins/ecommerce/customer','password_confirmation','Password confirmation','2022-03-22 19:25:32','2022-03-22 19:26:06'),(2181,0,'en','plugins/ecommerce/customer','intro.title','Manage customers','2022-03-22 19:25:32','2022-03-22 19:26:06'),(2182,0,'en','plugins/ecommerce/customer','intro.description','When a customer buy your product(s), you will know their order histories.','2022-03-22 19:25:32','2022-03-22 19:26:06'),(2183,0,'en','plugins/ecommerce/customer','intro.button_text','Create customer','2022-03-22 19:25:32','2022-03-22 19:26:06'),(2184,0,'en','plugins/ecommerce/customer','phone','Phone','2022-03-22 19:25:32','2022-03-22 19:26:06'),(2185,0,'en','plugins/ecommerce/customer','phone_placeholder','Phone','2022-03-22 19:25:32','2022-03-22 19:26:06'),(2186,0,'en','plugins/ecommerce/customer','avatar','Avatar','2022-03-22 19:25:32','2022-03-22 19:26:06'),(2187,0,'en','plugins/ecommerce/customer','dob','Date of birth','2022-03-22 19:25:32','2022-03-22 19:26:06'),(2188,0,'en','plugins/ecommerce/customer','statuses.activated','Activated','2022-03-22 19:25:32','2022-03-22 19:26:06'),(2189,0,'en','plugins/ecommerce/customer','statuses.locked','Locked','2022-03-22 19:25:32','2022-03-22 19:26:06'),(2190,0,'en','plugins/ecommerce/customer','email_verified','Email verified?','2022-03-22 19:25:32','2022-03-22 19:26:06'),(2191,0,'en','plugins/ecommerce/discount','name','Discounts','2022-03-22 19:25:32','2022-03-22 19:26:06'),(2192,0,'en','plugins/ecommerce/discount','create','Create discount','2022-03-22 19:25:32','2022-03-22 19:26:06'),(2193,0,'en','plugins/ecommerce/discount','invalid_coupon','This coupon is invalid or expired!','2022-03-22 19:25:32','2022-03-22 19:26:06'),(2194,0,'en','plugins/ecommerce/discount','cannot_use_same_time_with_other_discount_program','Cannot use this coupon in the same time with other discount program!','2022-03-22 19:25:32','2022-03-22 19:26:06'),(2195,0,'en','plugins/ecommerce/discount','not_used','This coupon is not used yet!','2022-03-22 19:25:32','2022-03-22 19:26:06'),(2196,0,'en','plugins/ecommerce/discount','detail','Detail','2022-03-22 19:25:32','2022-03-22 19:26:06'),(2197,0,'en','plugins/ecommerce/discount','used','Used','2022-03-22 19:25:32','2022-03-22 19:26:06'),(2198,0,'en','plugins/ecommerce/discount','intro.title','Manage discount/coupon code','2022-03-22 19:25:32','2022-03-22 19:26:06'),(2199,0,'en','plugins/ecommerce/discount','intro.description','Create coupon code or promotion for your products.','2022-03-22 19:25:32','2022-03-22 19:26:06'),(2200,0,'en','plugins/ecommerce/discount','intro.button_text','Create discount','2022-03-22 19:25:32','2022-03-22 19:26:06'),(2201,0,'en','plugins/ecommerce/discount','expired','Expired','2022-03-22 19:25:32','2022-03-22 19:26:06'),(2202,0,'en','plugins/ecommerce/discount','discount_promotion','Discount promotion','2022-03-22 19:25:32','2022-03-22 19:26:06'),(2203,0,'en','plugins/ecommerce/discount','can','can','2022-03-22 19:25:32','2022-03-22 19:26:06'),(2204,0,'en','plugins/ecommerce/discount','cannot','cannot','2022-03-22 19:25:32','2022-03-22 19:26:06'),(2205,0,'en','plugins/ecommerce/discount','use_with_promotion','be used with promotion','2022-03-22 19:25:32','2022-03-22 19:26:06'),(2206,0,'en','plugins/ecommerce/discount','create_discount_validate_title_required_if','Please enter the name of the promotion','2022-03-22 19:25:32','2022-03-22 19:26:06'),(2207,0,'en','plugins/ecommerce/discount','create_discount_validate_code_required_if','Please enter the promotion code','2022-03-22 19:25:32','2022-03-22 19:26:06'),(2208,0,'en','plugins/ecommerce/discount','create_discount_validate_value_required','Amount must be greater than 0','2022-03-22 19:25:32','2022-03-22 19:26:06'),(2209,0,'en','plugins/ecommerce/discount','create_discount_validate_target_required','No object selected for promotion','2022-03-22 19:25:32','2022-03-22 19:26:06'),(2210,0,'en','plugins/ecommerce/discount','enums.type-options.amount','Amount - Fixed','2022-03-22 19:25:32','2022-03-22 19:26:06'),(2211,0,'en','plugins/ecommerce/discount','enums.type-options.percentage','Discount %','2022-03-22 19:25:32','2022-03-22 19:26:06'),(2212,0,'en','plugins/ecommerce/discount','enums.type-options.shipping','Free shipping','2022-03-22 19:25:32','2022-03-22 19:26:06'),(2213,0,'en','plugins/ecommerce/discount','enums.type-options.same-price','Same price','2022-03-22 19:25:32','2022-03-22 19:26:06'),(2214,0,'en','plugins/ecommerce/discount','discount','Discount','2022-03-22 19:25:32','2022-03-22 19:26:06'),(2215,0,'en','plugins/ecommerce/discount','create_coupon_code','Create coupon code','2022-03-22 19:25:32','2022-03-22 19:26:06'),(2216,0,'en','plugins/ecommerce/discount','create_discount_promotion','Create discount promotion','2022-03-22 19:25:32','2022-03-22 19:26:06'),(2217,0,'en','plugins/ecommerce/discount','generate_coupon_code','Generate coupon code','2022-03-22 19:25:32','2022-03-22 19:26:06'),(2218,0,'en','plugins/ecommerce/discount','customers_will_enter_this_coupon_code_when_they_checkout','Customers will enter this coupon code when they checkout','2022-03-22 19:25:32','2022-03-22 19:26:06'),(2219,0,'en','plugins/ecommerce/discount','select_type_of_discount','Select type of discount','2022-03-22 19:25:32','2022-03-22 19:26:06'),(2220,0,'en','plugins/ecommerce/discount','coupon_code','Coupon code','2022-03-22 19:25:32','2022-03-22 19:26:06'),(2221,0,'en','plugins/ecommerce/discount','promotion','Promotion','2022-03-22 19:25:32','2022-03-22 19:26:06'),(2222,0,'en','plugins/ecommerce/discount','can_be_used_with_promotion','Can be used with promotion','2022-03-22 19:25:32','2022-03-22 19:26:06'),(2223,0,'en','plugins/ecommerce/discount','unlimited_coupon','Unlimited coupon','2022-03-22 19:25:32','2022-03-22 19:26:06'),(2224,0,'en','plugins/ecommerce/discount','enter_number','Enter number','2022-03-22 19:25:32','2022-03-22 19:26:06'),(2225,0,'en','plugins/ecommerce/discount','coupon_type','Coupon type','2022-03-22 19:25:32','2022-03-22 19:26:06'),(2226,0,'en','plugins/ecommerce/discount','percentage_discount','Percentage discount (%)','2022-03-22 19:25:32','2022-03-22 19:26:06'),(2227,0,'en','plugins/ecommerce/discount','free_shipping','Free shipping','2022-03-22 19:25:32','2022-03-22 19:26:06'),(2228,0,'en','plugins/ecommerce/discount','same_price','Same price','2022-03-22 19:25:32','2022-03-22 19:26:06'),(2229,0,'en','plugins/ecommerce/discount','apply_for','apply for','2022-03-22 19:25:32','2022-03-22 19:26:06'),(2230,0,'en','plugins/ecommerce/discount','all_orders','All orders','2022-03-22 19:25:32','2022-03-22 19:26:06'),(2231,0,'en','plugins/ecommerce/discount','order_amount_from','Order amount from','2022-03-22 19:25:32','2022-03-22 19:26:06'),(2232,0,'en','plugins/ecommerce/discount','product_collection','Product collection','2022-03-22 19:25:32','2022-03-22 19:26:06'),(2233,0,'en','plugins/ecommerce/discount','product','Product','2022-03-22 19:25:32','2022-03-22 19:26:06'),(2234,0,'en','plugins/ecommerce/discount','customer','Customer','2022-03-22 19:25:32','2022-03-22 19:26:06'),(2235,0,'en','plugins/ecommerce/discount','variant','Variant','2022-03-22 19:25:32','2022-03-22 19:26:06'),(2236,0,'en','plugins/ecommerce/discount','search_product','Search product','2022-03-22 19:25:32','2022-03-22 19:26:06'),(2237,0,'en','plugins/ecommerce/discount','no_products_found','No products found!','2022-03-22 19:25:32','2022-03-22 19:26:06'),(2238,0,'en','plugins/ecommerce/discount','search_customer','Search customer','2022-03-22 19:25:32','2022-03-22 19:26:06'),(2239,0,'en','plugins/ecommerce/discount','no_customer_found','No customer found!','2022-03-22 19:25:32','2022-03-22 19:26:06'),(2240,0,'en','plugins/ecommerce/discount','one_time_per_order','One time per order','2022-03-22 19:25:32','2022-03-22 19:26:06'),(2241,0,'en','plugins/ecommerce/discount','one_time_per_product_in_cart','One time per product in cart','2022-03-22 19:25:32','2022-03-22 19:26:06'),(2242,0,'en','plugins/ecommerce/discount','number_of_products','Number of products required to apply','2022-03-22 19:25:32','2022-03-22 19:26:06'),(2243,0,'en','plugins/ecommerce/discount','selected_products','Selected products','2022-03-22 19:25:32','2022-03-22 19:26:06'),(2244,0,'en','plugins/ecommerce/discount','selected_customers','Selected customers','2022-03-22 19:25:32','2022-03-22 19:26:06'),(2245,0,'en','plugins/ecommerce/discount','time','Time','2022-03-22 19:25:32','2022-03-22 19:26:06'),(2246,0,'en','plugins/ecommerce/discount','start_date','Start date','2022-03-22 19:25:32','2022-03-22 19:26:06'),(2247,0,'en','plugins/ecommerce/discount','end_date','End date','2022-03-22 19:25:32','2022-03-22 19:26:06'),(2248,0,'en','plugins/ecommerce/discount','never_expired','Never expired','2022-03-22 19:25:32','2022-03-22 19:26:06'),(2249,0,'en','plugins/ecommerce/discount','save','Save','2022-03-22 19:25:32','2022-03-22 19:26:06'),(2250,0,'en','plugins/ecommerce/discount','enter_promotion_name','Enter promotion name','2022-03-22 19:25:32','2022-03-22 19:26:06'),(2251,0,'en','plugins/ecommerce/discount','enter_coupon_name','Enter coupon name','2022-03-22 19:25:32','2022-03-22 19:26:06'),(2252,0,'en','plugins/ecommerce/discount','cancel','Cancel','2022-03-22 19:25:32','2022-03-22 19:26:06'),(2253,0,'en','plugins/ecommerce/discount','is','Is','2022-03-22 19:25:32','2022-03-22 19:26:06'),(2254,0,'en','plugins/ecommerce/discount','when_shipping_fee_less_than','when shipping fee less than','2022-03-22 19:25:32','2022-03-22 19:26:06'),(2255,0,'en','plugins/ecommerce/ecommerce','settings','Settings','2022-03-22 19:25:32','2022-03-22 19:26:06'),(2256,0,'en','plugins/ecommerce/ecommerce','name','Ecommerce','2022-03-22 19:25:32','2022-03-22 19:26:06'),(2257,0,'en','plugins/ecommerce/ecommerce','setting.email.title','E-commerce','2022-03-22 19:25:32','2022-03-22 19:26:06'),(2258,0,'en','plugins/ecommerce/ecommerce','setting.email.description','Ecommerce email config','2022-03-22 19:25:32','2022-03-22 19:26:06'),(2259,0,'en','plugins/ecommerce/ecommerce','setting.email.order_confirm_subject','Subject of order confirmation email','2022-03-22 19:25:32','2022-03-22 19:26:06'),(2260,0,'en','plugins/ecommerce/ecommerce','setting.email.order_confirm_subject_placeholder','The subject of email confirmation send to the customer','2022-03-22 19:25:32','2022-03-22 19:26:06'),(2261,0,'en','plugins/ecommerce/ecommerce','setting.email.order_confirm_content','Content of order confirmation email','2022-03-22 19:25:32','2022-03-22 19:26:06'),(2262,0,'en','plugins/ecommerce/ecommerce','setting.email.order_status_change_subject','Subject of email when changing order\'s status','2022-03-22 19:25:32','2022-03-22 19:26:06'),(2263,0,'en','plugins/ecommerce/ecommerce','setting.email.order_status_change_subject_placeholder','Subject of email when changing order\'s status send to customer','2022-03-22 19:25:32','2022-03-22 19:26:06'),(2264,0,'en','plugins/ecommerce/ecommerce','setting.email.order_status_change_content','Content of email when changing order\'s status','2022-03-22 19:25:32','2022-03-22 19:26:06'),(2265,0,'en','plugins/ecommerce/ecommerce','setting.email.from_email','Email from','2022-03-22 19:25:32','2022-03-22 19:26:06'),(2266,0,'en','plugins/ecommerce/ecommerce','setting.email.from_email_placeholder','Email from address to display in mail. Ex: example@gmail.com','2022-03-22 19:25:32','2022-03-22 19:26:06'),(2267,0,'en','plugins/ecommerce/ecommerce','setting.title','Basic information','2022-03-22 19:25:32','2022-03-22 19:26:06'),(2268,0,'en','plugins/ecommerce/ecommerce','setting.state','State','2022-03-22 19:25:32','2022-03-22 19:26:06'),(2269,0,'en','plugins/ecommerce/ecommerce','setting.city','City','2022-03-22 19:25:32','2022-03-22 19:26:06'),(2270,0,'en','plugins/ecommerce/ecommerce','setting.country','Country','2022-03-22 19:25:32','2022-03-22 19:26:06'),(2271,0,'en','plugins/ecommerce/ecommerce','setting.weight_unit_gram','Gram (g)','2022-03-22 19:25:32','2022-03-22 19:26:06'),(2272,0,'en','plugins/ecommerce/ecommerce','setting.weight_unit_kilogram','Kilogram (kg)','2022-03-22 19:25:32','2022-03-22 19:26:06'),(2273,0,'en','plugins/ecommerce/ecommerce','setting.weight_unit_lb','Pound (lb)','2022-03-22 19:25:32','2022-03-22 19:26:06'),(2274,0,'en','plugins/ecommerce/ecommerce','setting.weight_unit_oz','Ounce (oz)','2022-03-22 19:25:32','2022-03-22 19:26:06'),(2275,0,'en','plugins/ecommerce/ecommerce','setting.height_unit_cm','Centimeter (cm)','2022-03-22 19:25:32','2022-03-22 19:26:06'),(2276,0,'en','plugins/ecommerce/ecommerce','setting.height_unit_m','Meter (m)','2022-03-22 19:25:32','2022-03-22 19:26:06'),(2277,0,'en','plugins/ecommerce/ecommerce','setting.height_unit_inch','Inch','2022-03-22 19:25:32','2022-03-22 19:26:06'),(2278,0,'en','plugins/ecommerce/ecommerce','setting.store_locator_title','Store locators','2022-03-22 19:25:32','2022-03-22 19:26:06'),(2279,0,'en','plugins/ecommerce/ecommerce','setting.store_locator_description','All the lists of your chains, main stores, branches, etc. The locations can be used to track sales and to help us configure tax rates to charge when selling products.','2022-03-22 19:25:32','2022-03-22 19:26:06'),(2280,0,'en','plugins/ecommerce/ecommerce','setting.phone','Phone','2022-03-22 19:25:32','2022-03-22 19:26:06'),(2281,0,'en','plugins/ecommerce/ecommerce','setting.address','Address','2022-03-22 19:25:32','2022-03-22 19:26:06'),(2282,0,'en','plugins/ecommerce/ecommerce','setting.is_primary','Primary?','2022-03-22 19:25:32','2022-03-22 19:26:06'),(2283,0,'en','plugins/ecommerce/ecommerce','setting.add_new','Add new','2022-03-22 19:25:32','2022-03-22 19:26:06'),(2284,0,'en','plugins/ecommerce/ecommerce','setting.or','Or','2022-03-22 19:25:32','2022-03-22 19:26:06'),(2285,0,'en','plugins/ecommerce/ecommerce','setting.change_primary_store','change default store locator','2022-03-22 19:25:32','2022-03-22 19:26:06'),(2286,0,'en','plugins/ecommerce/ecommerce','setting.other_settings','Other settings','2022-03-22 19:25:32','2022-03-22 19:26:06'),(2287,0,'en','plugins/ecommerce/ecommerce','setting.other_settings_description','Settings for cart, review...','2022-03-22 19:25:32','2022-03-22 19:26:06'),(2288,0,'en','plugins/ecommerce/ecommerce','setting.enable_cart','Enable shopping cart?','2022-03-22 19:25:32','2022-03-22 19:26:06'),(2289,0,'en','plugins/ecommerce/ecommerce','setting.enable_tax','Enable tax?','2022-03-22 19:25:32','2022-03-22 19:26:06'),(2290,0,'en','plugins/ecommerce/ecommerce','setting.display_product_price_including_taxes','Display product price including taxes?','2022-03-22 19:25:32','2022-03-22 19:26:06'),(2291,0,'en','plugins/ecommerce/ecommerce','setting.enable_review','Enable review?','2022-03-22 19:25:32','2022-03-22 19:26:06'),(2292,0,'en','plugins/ecommerce/ecommerce','setting.enable_quick_buy_button','Enable quick buy button?','2022-03-22 19:25:32','2022-03-22 19:26:06'),(2293,0,'en','plugins/ecommerce/ecommerce','setting.quick_buy_target','Quick buy target page?','2022-03-22 19:25:32','2022-03-22 19:26:06'),(2294,0,'en','plugins/ecommerce/ecommerce','setting.checkout_page','Checkout page','2022-03-22 19:25:32','2022-03-22 19:26:06'),(2295,0,'en','plugins/ecommerce/ecommerce','setting.cart_page','Cart page','2022-03-22 19:25:32','2022-03-22 19:26:06'),(2296,0,'en','plugins/ecommerce/ecommerce','setting.add_location','Add location','2022-03-22 19:25:32','2022-03-22 19:26:06'),(2297,0,'en','plugins/ecommerce/ecommerce','setting.edit_location','Edit location','2022-03-22 19:25:32','2022-03-22 19:26:06'),(2298,0,'en','plugins/ecommerce/ecommerce','setting.delete_location','Delete location','2022-03-22 19:25:32','2022-03-22 19:26:06'),(2299,0,'en','plugins/ecommerce/ecommerce','setting.change_primary_location','Change primary location','2022-03-22 19:25:32','2022-03-22 19:26:06'),(2300,0,'en','plugins/ecommerce/ecommerce','setting.delete_location_confirmation','Are you sure you want to delete this location? This action cannot be undo.','2022-03-22 19:25:32','2022-03-22 19:26:06'),(2301,0,'en','plugins/ecommerce/ecommerce','setting.save_location','Save location','2022-03-22 19:25:32','2022-03-22 19:26:06'),(2302,0,'en','plugins/ecommerce/ecommerce','setting.accept','Accept','2022-03-22 19:25:32','2022-03-22 19:26:06'),(2303,0,'en','plugins/ecommerce/ecommerce','setting.select_country','Select country...','2022-03-22 19:25:32','2022-03-22 19:26:06'),(2304,0,'en','plugins/ecommerce/ecommerce','setting.zip_code_enabled','Enable Zip Code?','2022-03-22 19:25:32','2022-03-22 19:26:06'),(2305,0,'en','plugins/ecommerce/ecommerce','setting.thousands_separator','Thousands separator','2022-03-22 19:25:32','2022-03-22 19:26:06'),(2306,0,'en','plugins/ecommerce/ecommerce','setting.decimal_separator','Decimal separator','2022-03-22 19:25:32','2022-03-22 19:26:06'),(2307,0,'en','plugins/ecommerce/ecommerce','setting.separator_period','Period (.)','2022-03-22 19:25:32','2022-03-22 19:26:06'),(2308,0,'en','plugins/ecommerce/ecommerce','setting.separator_comma','Comma (,)','2022-03-22 19:25:32','2022-03-22 19:26:06'),(2309,0,'en','plugins/ecommerce/ecommerce','setting.separator_space','Space ( )','2022-03-22 19:25:32','2022-03-22 19:26:06'),(2310,0,'en','plugins/ecommerce/ecommerce','setting.available_countries','Available countries','2022-03-22 19:25:32','2022-03-22 19:26:06'),(2311,0,'en','plugins/ecommerce/ecommerce','setting.all','All','2022-03-22 19:25:32','2022-03-22 19:26:06'),(2312,0,'en','plugins/ecommerce/ecommerce','setting.verify_customer_email','Verify customer\'s email?','2022-03-22 19:25:32','2022-03-22 19:26:06'),(2313,0,'en','plugins/ecommerce/ecommerce','setting.minimum_order_amount','Minimum order amount to place an order (:currency).','2022-03-22 19:25:32','2022-03-22 19:26:06'),(2314,0,'en','plugins/ecommerce/ecommerce','setting.enable_guest_checkout','Enable guest checkout?','2022-03-22 19:25:32','2022-03-22 19:26:06'),(2315,0,'en','plugins/ecommerce/ecommerce','setting.show_number_of_products','Show number of products in the product single','2022-03-22 19:25:32','2022-03-22 19:26:06'),(2316,0,'en','plugins/ecommerce/ecommerce','setting.payment_method_cod_minimum_amount','Minimum order amount - :currency (Optional)','2022-03-22 19:25:32','2022-03-22 19:26:06'),(2317,0,'en','plugins/ecommerce/ecommerce','setting.review.max_file_size','Review max file size (MB)','2022-03-22 19:25:32','2022-03-22 19:26:06'),(2318,0,'en','plugins/ecommerce/ecommerce','setting.review.max_file_number','Review max file number','2022-03-22 19:25:32','2022-03-22 19:26:06'),(2319,0,'en','plugins/ecommerce/ecommerce','setting.using_custom_font_for_invoice','Using custom font for invoice?','2022-03-22 19:25:32','2022-03-22 19:26:06'),(2320,0,'en','plugins/ecommerce/ecommerce','setting.invoice_font_family','Invoice font family (Only work for Latin language)','2022-03-22 19:25:32','2022-03-22 19:26:06'),(2321,0,'en','plugins/ecommerce/ecommerce','setting.enable_invoice_stamp','Enable invoice stamp?','2022-03-22 19:25:32','2022-03-22 19:26:06'),(2322,0,'en','plugins/ecommerce/ecommerce','setting.make_phone_field_at_the_checkout_optional','Make phone field at the checkout optional?','2022-03-22 19:25:32','2022-03-22 19:26:06'),(2323,0,'en','plugins/ecommerce/ecommerce','setting.disable_order_invoice_until_order_confirmed','Disable order invoice until order confirmed?','2022-03-22 19:25:32','2022-03-22 19:26:06'),(2324,0,'en','plugins/ecommerce/ecommerce','setting.vat_number','VAT number','2022-03-22 19:25:32','2022-03-22 19:26:06'),(2325,0,'en','plugins/ecommerce/ecommerce','setting.enable_recaptcha_in_register_page','Enable Recaptcha in the registration page?','2022-03-22 19:25:32','2022-03-22 19:26:06'),(2326,0,'en','plugins/ecommerce/ecommerce','setting.enable_recaptcha_in_register_page_description','Need to setup Captcha in Admin -> Settings -> General first.','2022-03-22 19:25:32','2022-03-22 19:26:06'),(2327,0,'en','plugins/ecommerce/ecommerce','setting.show_out_of_stock_products','Show out of stock products?','2022-03-22 19:25:32','2022-03-22 19:26:06'),(2328,0,'en','plugins/ecommerce/ecommerce','setting.default_tax_rate','Default tax rate','2022-03-22 19:25:32','2022-03-22 19:26:06'),(2329,0,'en','plugins/ecommerce/ecommerce','setting.default_tax_rate_description','Important: it will be applied if no tax selected in product.','2022-03-22 19:25:32','2022-03-22 19:26:06'),(2330,0,'en','plugins/ecommerce/ecommerce','setting.how_to_display_product_variation_images','How to display product variation images?','2022-03-22 19:25:32','2022-03-22 19:26:06'),(2331,0,'en','plugins/ecommerce/ecommerce','setting.only_variation_images','Only variation images','2022-03-22 19:25:32','2022-03-22 19:26:06'),(2332,0,'en','plugins/ecommerce/ecommerce','setting.variation_images_and_main_product_images','Variation images + main product images','2022-03-22 19:25:32','2022-03-22 19:26:06'),(2333,0,'en','plugins/ecommerce/ecommerce','setting.load_countries_states_cities_from_location_plugin','Load countries, states, cities from plugin location?','2022-03-22 19:25:33','2022-03-22 19:26:06'),(2334,0,'en','plugins/ecommerce/ecommerce','setting.enable_wishlist','Enable wishlist?','2022-03-22 19:25:33','2022-03-22 19:26:06'),(2335,0,'en','plugins/ecommerce/ecommerce','setting.enable_compare','Enable compare?','2022-03-22 19:25:33','2022-03-22 19:26:06'),(2336,0,'en','plugins/ecommerce/ecommerce','setting.enable_order_tracking','Enable order tracking?','2022-03-22 19:25:33','2022-03-22 19:26:06'),(2337,0,'en','plugins/ecommerce/ecommerce','store_address','Store address','2022-03-22 19:25:33','2022-03-22 19:26:06'),(2338,0,'en','plugins/ecommerce/ecommerce','store_phone','Store phone','2022-03-22 19:25:33','2022-03-22 19:26:06'),(2339,0,'en','plugins/ecommerce/ecommerce','order_id','Order ID','2022-03-22 19:25:33','2022-03-22 19:26:06'),(2340,0,'en','plugins/ecommerce/ecommerce','order_token','Order token','2022-03-22 19:25:33','2022-03-22 19:26:06'),(2341,0,'en','plugins/ecommerce/ecommerce','customer_name','Customer name','2022-03-22 19:25:33','2022-03-22 19:26:06'),(2342,0,'en','plugins/ecommerce/ecommerce','customer_email','Customer email','2022-03-22 19:25:33','2022-03-22 19:26:06'),(2343,0,'en','plugins/ecommerce/ecommerce','customer_phone','Customer phone','2022-03-22 19:25:33','2022-03-22 19:26:06'),(2344,0,'en','plugins/ecommerce/ecommerce','customer_address','Customer address','2022-03-22 19:25:33','2022-03-22 19:26:06'),(2345,0,'en','plugins/ecommerce/ecommerce','product_list','List products in order','2022-03-22 19:25:33','2022-03-22 19:26:06'),(2346,0,'en','plugins/ecommerce/ecommerce','payment_detail','Payment detail','2022-03-22 19:25:33','2022-03-22 19:26:06'),(2347,0,'en','plugins/ecommerce/ecommerce','shipping_method','Shipping method','2022-03-22 19:25:33','2022-03-22 19:26:06'),(2348,0,'en','plugins/ecommerce/ecommerce','payment_method','Payment method','2022-03-22 19:25:33','2022-03-22 19:26:06'),(2349,0,'en','plugins/ecommerce/ecommerce','standard_and_format','Standard & Format','2022-03-22 19:25:33','2022-03-22 19:26:06'),(2350,0,'en','plugins/ecommerce/ecommerce','standard_and_format_description','Standards and formats are used to calculate things like product prices, shipping weights, and order times.','2022-03-22 19:25:33','2022-03-22 19:26:06'),(2351,0,'en','plugins/ecommerce/ecommerce','change_order_format','Edit order code format (optional)','2022-03-22 19:25:33','2022-03-22 19:26:06'),(2352,0,'en','plugins/ecommerce/ecommerce','change_order_format_description','The default order code starts at: number. You can change the start or end string to create the order code you want, for example \"DH-: number\" or \": number-A\"','2022-03-22 19:25:33','2022-03-22 19:26:06'),(2353,0,'en','plugins/ecommerce/ecommerce','start_with','Start with','2022-03-22 19:25:33','2022-03-22 19:26:06'),(2354,0,'en','plugins/ecommerce/ecommerce','end_with','End with','2022-03-22 19:25:33','2022-03-22 19:26:06'),(2355,0,'en','plugins/ecommerce/ecommerce','order_will_be_shown','Your order code will be shown','2022-03-22 19:25:33','2022-03-22 19:26:06'),(2356,0,'en','plugins/ecommerce/ecommerce','weight_unit','Unit of weight','2022-03-22 19:25:33','2022-03-22 19:26:06'),(2357,0,'en','plugins/ecommerce/ecommerce','height_unit','Unit length / height','2022-03-22 19:25:33','2022-03-22 19:26:06'),(2358,0,'en','plugins/ecommerce/ecommerce','theme_options.name','Ecommerce','2022-03-22 19:25:33','2022-03-22 19:26:06'),(2359,0,'en','plugins/ecommerce/ecommerce','theme_options.description','Theme options for Ecommerce','2022-03-22 19:25:33','2022-03-22 19:26:06'),(2360,0,'en','plugins/ecommerce/ecommerce','theme_options.number_products_per_page','Number of products per page','2022-03-22 19:25:33','2022-03-22 19:26:06'),(2361,0,'en','plugins/ecommerce/ecommerce','theme_options.number_of_cross_sale_product','Number of cross sale products in product detail page','2022-03-22 19:25:33','2022-03-22 19:26:06'),(2362,0,'en','plugins/ecommerce/ecommerce','theme_options.max_price_filter','Maximum price to filter','2022-03-22 19:25:33','2022-03-22 19:26:06'),(2363,0,'en','plugins/ecommerce/ecommerce','theme_options.logo_in_the_checkout_page','Logo in the checkout page (Default is the main logo)','2022-03-22 19:25:33','2022-03-22 19:26:06'),(2364,0,'en','plugins/ecommerce/ecommerce','theme_options.logo_in_invoices','Logo in invoices (Default is the main logo)','2022-03-22 19:25:33','2022-03-22 19:26:06'),(2365,0,'en','plugins/ecommerce/ecommerce','basic_settings','Basic settings','2022-03-22 19:25:33','2022-03-22 19:26:06'),(2366,0,'en','plugins/ecommerce/ecommerce','advanced_settings','Advanced settings','2022-03-22 19:25:33','2022-03-22 19:26:06'),(2367,0,'en','plugins/ecommerce/email','customer_new_order_title','Order confirmation','2022-03-22 19:25:33','2022-03-22 19:26:06'),(2368,0,'en','plugins/ecommerce/email','customer_new_order_description','Send email confirmation to customer when an order placed','2022-03-22 19:25:33','2022-03-22 19:26:06'),(2369,0,'en','plugins/ecommerce/email','order_cancellation_title','Order cancellation','2022-03-22 19:25:33','2022-03-22 19:26:06'),(2370,0,'en','plugins/ecommerce/email','order_cancellation_description','Send to custom when they cancelled order','2022-03-22 19:25:33','2022-03-22 19:26:06'),(2371,0,'en','plugins/ecommerce/email','delivery_confirmation_title','Delivering confirmation','2022-03-22 19:25:33','2022-03-22 19:26:06'),(2372,0,'en','plugins/ecommerce/email','delivery_confirmation_description','Send to customer when order is delivering','2022-03-22 19:25:33','2022-03-22 19:26:06'),(2373,0,'en','plugins/ecommerce/email','admin_new_order_title','Notice about new order','2022-03-22 19:25:33','2022-03-22 19:26:06'),(2374,0,'en','plugins/ecommerce/email','admin_new_order_description','Send to administrators when an order placed','2022-03-22 19:25:33','2022-03-22 19:26:06'),(2375,0,'en','plugins/ecommerce/email','order_confirmation_title','Order confirmation','2022-03-22 19:25:33','2022-03-22 19:26:06'),(2376,0,'en','plugins/ecommerce/email','order_confirmation_description','Send to customer when they order was confirmed by admins','2022-03-22 19:25:33','2022-03-22 19:26:06'),(2377,0,'en','plugins/ecommerce/email','payment_confirmation_title','Payment confirmation','2022-03-22 19:25:33','2022-03-22 19:26:06'),(2378,0,'en','plugins/ecommerce/email','payment_confirmation_description','Send to customer when their payment was confirmed','2022-03-22 19:25:33','2022-03-22 19:26:06'),(2379,0,'en','plugins/ecommerce/email','order_recover_title','Incomplete order','2022-03-22 19:25:33','2022-03-22 19:26:06'),(2380,0,'en','plugins/ecommerce/email','order_recover_description','Send to custom to remind them about incomplete orders','2022-03-22 19:25:33','2022-03-22 19:26:06'),(2381,0,'en','plugins/ecommerce/email','view_order','View order','2022-03-22 19:25:33','2022-03-22 19:26:06'),(2382,0,'en','plugins/ecommerce/email','link_go_to_our_shop','or <a href=\":link\">Go to our shop</a>','2022-03-22 19:25:33','2022-03-22 19:26:06'),(2383,0,'en','plugins/ecommerce/email','order_number','Order number: <strong>:order_id</strong>','2022-03-22 19:25:33','2022-03-22 19:26:06'),(2384,0,'en','plugins/ecommerce/email','order_information','Order information:','2022-03-22 19:25:33','2022-03-22 19:26:06'),(2385,0,'en','plugins/ecommerce/export','products.name','Export products','2022-03-22 19:25:33','2022-03-22 19:26:06'),(2386,0,'en','plugins/ecommerce/export','products.title','Export Products (CSV)','2022-03-22 19:25:33','2022-03-22 19:26:06'),(2387,0,'en','plugins/ecommerce/export','products.total_products','Total products','2022-03-22 19:25:33','2022-03-22 19:26:06'),(2388,0,'en','plugins/ecommerce/export','products.total_variations','Total variations','2022-03-22 19:25:33','2022-03-22 19:26:06'),(2389,0,'en','plugins/ecommerce/export','start_export','Start export','2022-03-22 19:25:33','2022-03-22 19:26:06'),(2390,0,'en','plugins/ecommerce/export','exporting','Exporting...','2022-03-22 19:25:33','2022-03-22 19:26:06'),(2391,0,'en','plugins/ecommerce/export','export','Export','2022-03-22 19:25:33','2022-03-22 19:26:06'),(2392,0,'en','plugins/ecommerce/flash-sale','name','Flash sales','2022-03-22 19:25:33','2022-03-22 19:26:06'),(2393,0,'en','plugins/ecommerce/flash-sale','create','New flash sale','2022-03-22 19:25:33','2022-03-22 19:26:06'),(2394,0,'en','plugins/ecommerce/flash-sale','edit','Edit flash sale','2022-03-22 19:25:33','2022-03-22 19:26:06'),(2395,0,'en','plugins/ecommerce/flash-sale','products','Products','2022-03-22 19:25:33','2022-03-22 19:26:06'),(2396,0,'en','plugins/ecommerce/order','statuses.pending','Pending','2022-03-22 19:25:33','2022-03-22 19:26:06'),(2397,0,'en','plugins/ecommerce/order','statuses.processing','Processing','2022-03-22 19:25:33','2022-03-22 19:26:06'),(2398,0,'en','plugins/ecommerce/order','statuses.completed','Completed','2022-03-22 19:25:33','2022-03-22 19:26:06'),(2399,0,'en','plugins/ecommerce/order','statuses.canceled','Canceled','2022-03-22 19:25:33','2022-03-22 19:26:06'),(2400,0,'en','plugins/ecommerce/order','menu','Orders','2022-03-22 19:25:33','2022-03-22 19:26:06'),(2401,0,'en','plugins/ecommerce/order','create','Create an order','2022-03-22 19:25:33','2022-03-22 19:26:06'),(2402,0,'en','plugins/ecommerce/order','cancel_error','The order is delivering or completed','2022-03-22 19:25:33','2022-03-22 19:26:06'),(2403,0,'en','plugins/ecommerce/order','cancel_success','You do cancel the order successful','2022-03-22 19:25:33','2022-03-22 19:26:06'),(2404,0,'en','plugins/ecommerce/order','incomplete_order','Incomplete orders','2022-03-22 19:25:33','2022-03-22 19:26:06'),(2405,0,'en','plugins/ecommerce/order','order_id','Order ID','2022-03-22 19:25:33','2022-03-22 19:26:06'),(2406,0,'en','plugins/ecommerce/order','product_id','Product ID','2022-03-22 19:25:33','2022-03-22 19:26:06'),(2407,0,'en','plugins/ecommerce/order','customer_label','Customer','2022-03-22 19:25:33','2022-03-22 19:26:06'),(2408,0,'en','plugins/ecommerce/order','tax_amount','Tax Amount','2022-03-22 19:25:33','2022-03-22 19:26:06'),(2409,0,'en','plugins/ecommerce/order','shipping_amount','Shipping amount','2022-03-22 19:25:33','2022-03-22 19:26:06'),(2410,0,'en','plugins/ecommerce/order','payment_method','Payment method','2022-03-22 19:25:33','2022-03-22 19:26:06'),(2411,0,'en','plugins/ecommerce/order','payment_status_label','Payment status','2022-03-22 19:25:33','2022-03-22 19:26:06'),(2412,0,'en','plugins/ecommerce/order','manage_orders','Manage orders','2022-03-22 19:25:33','2022-03-22 19:26:06'),(2413,0,'en','plugins/ecommerce/order','order_intro_description','Once your store has orders, this is where you will process and track those orders.','2022-03-22 19:25:33','2022-03-22 19:26:06'),(2414,0,'en','plugins/ecommerce/order','create_new_order','Create a new order','2022-03-22 19:25:33','2022-03-22 19:26:06'),(2415,0,'en','plugins/ecommerce/order','manage_incomplete_orders','Manage incomplete orders','2022-03-22 19:25:33','2022-03-22 19:26:06'),(2416,0,'en','plugins/ecommerce/order','incomplete_orders_intro_description','Incomplete order is an order created when a customer adds a product to the cart, proceeds to fill out the purchase information but does not complete the checkout process.','2022-03-22 19:25:33','2022-03-22 19:26:06'),(2417,0,'en','plugins/ecommerce/order','invoice_for_order','Invoice for order','2022-03-22 19:25:33','2022-03-22 19:26:06'),(2418,0,'en','plugins/ecommerce/order','created','Created','2022-03-22 19:25:33','2022-03-22 19:26:06'),(2419,0,'en','plugins/ecommerce/order','invoice','Invoice','2022-03-22 19:25:33','2022-03-22 19:26:06'),(2420,0,'en','plugins/ecommerce/order','return','Return','2022-03-22 19:25:33','2022-03-22 19:26:06'),(2421,0,'en','plugins/ecommerce/order','total_refund_amount','Total refund amount','2022-03-22 19:25:33','2022-03-22 19:26:06'),(2422,0,'en','plugins/ecommerce/order','total_amount_can_be_refunded','Total amount can be refunded','2022-03-22 19:25:33','2022-03-22 19:26:06'),(2423,0,'en','plugins/ecommerce/order','refund_reason','Refund reason (optional)','2022-03-22 19:25:33','2022-03-22 19:26:06'),(2424,0,'en','plugins/ecommerce/order','products','product(s)','2022-03-22 19:25:33','2022-03-22 19:26:06'),(2425,0,'en','plugins/ecommerce/order','default','Default','2022-03-22 19:25:33','2022-03-22 19:26:06'),(2426,0,'en','plugins/ecommerce/order','system','System','2022-03-22 19:25:33','2022-03-22 19:26:06'),(2427,0,'en','plugins/ecommerce/order','new_order_from','New order :order_id from :customer','2022-03-22 19:25:33','2022-03-22 19:26:06'),(2428,0,'en','plugins/ecommerce/order','confirmation_email_was_sent_to_customer','The email confirmation was sent to customer','2022-03-22 19:25:33','2022-03-22 19:26:06'),(2429,0,'en','plugins/ecommerce/order','address_name_required','The name field is required.','2022-03-22 19:25:33','2022-03-22 19:26:06'),(2430,0,'en','plugins/ecommerce/order','address_phone_required','The phone field is required.','2022-03-22 19:25:33','2022-03-22 19:26:06'),(2431,0,'en','plugins/ecommerce/order','address_email_required','The email field is required.','2022-03-22 19:25:33','2022-03-22 19:26:06'),(2432,0,'en','plugins/ecommerce/order','address_email_unique','The customer with that email is existed, please choose other email or login with this email!','2022-03-22 19:25:33','2022-03-22 19:26:06'),(2433,0,'en','plugins/ecommerce/order','address_state_required','The state field is required.','2022-03-22 19:25:33','2022-03-22 19:26:06'),(2434,0,'en','plugins/ecommerce/order','address_city_required','The city field is required.','2022-03-22 19:25:33','2022-03-22 19:26:06'),(2435,0,'en','plugins/ecommerce/order','address_country_required','The country field is required.','2022-03-22 19:25:33','2022-03-22 19:26:06'),(2436,0,'en','plugins/ecommerce/order','address_address_required','The address field is required.','2022-03-22 19:25:33','2022-03-22 19:26:06'),(2437,0,'en','plugins/ecommerce/order','create_order_from_payment_page','Order was created from checkout page','2022-03-22 19:25:33','2022-03-22 19:26:06'),(2438,0,'en','plugins/ecommerce/order','order_was_verified_by','Order was verified by %user_name%','2022-03-22 19:25:33','2022-03-22 19:26:06'),(2439,0,'en','plugins/ecommerce/order','new_order','New order :order_id','2022-03-22 19:25:33','2022-03-22 19:26:06'),(2440,0,'en','plugins/ecommerce/order','payment_was_confirmed_by','Payment was confirmed (amount :money) by %user_name%','2022-03-22 19:25:33','2022-03-22 19:26:06'),(2441,0,'en','plugins/ecommerce/order','edit_order','Edit order :code','2022-03-22 19:25:33','2022-03-22 19:26:06'),(2442,0,'en','plugins/ecommerce/order','confirm_order_success','Confirm order successfully!','2022-03-22 19:25:33','2022-03-22 19:26:06'),(2443,0,'en','plugins/ecommerce/order','error_when_sending_email','There is an error when sending email','2022-03-22 19:25:33','2022-03-22 19:26:06'),(2444,0,'en','plugins/ecommerce/order','sent_confirmation_email_success','Sent confirmation email successfully!','2022-03-22 19:25:33','2022-03-22 19:26:06'),(2445,0,'en','plugins/ecommerce/order','order_was_sent_to_shipping_team','Order was sent to shipping team','2022-03-22 19:25:33','2022-03-22 19:26:06'),(2446,0,'en','plugins/ecommerce/order','by_username','by %user_name%','2022-03-22 19:25:33','2022-03-22 19:26:06'),(2447,0,'en','plugins/ecommerce/order','shipping_was_created_from','Shipping was created from order %order_id%','2022-03-22 19:25:33','2022-03-22 19:26:06'),(2448,0,'en','plugins/ecommerce/order','shipping_was_canceled_success','Shipping was cancelled successfully!','2022-03-22 19:25:33','2022-03-22 19:26:06'),(2449,0,'en','plugins/ecommerce/order','shipping_was_canceled_by','Shipping was cancelled by %user_name%','2022-03-22 19:25:33','2022-03-22 19:26:06'),(2450,0,'en','plugins/ecommerce/order','update_shipping_address_success','Update shipping address successfully!','2022-03-22 19:25:33','2022-03-22 19:26:06'),(2451,0,'en','plugins/ecommerce/order','order_was_canceled_by','Order was cancelled by %user_name%','2022-03-22 19:25:33','2022-03-22 19:26:06'),(2452,0,'en','plugins/ecommerce/order','confirm_payment_success','Confirm payment successfully!','2022-03-22 19:25:33','2022-03-22 19:26:06'),(2453,0,'en','plugins/ecommerce/order','refund_amount_invalid','Refund amount must be lower or equal :price','2022-03-22 19:25:33','2022-03-22 19:26:06'),(2454,0,'en','plugins/ecommerce/order','number_of_products_invalid','Number of products refund is not valid!','2022-03-22 19:25:33','2022-03-22 19:26:06'),(2455,0,'en','plugins/ecommerce/order','cannot_found_payment_for_this_order','Cannot found payment for this order!','2022-03-22 19:25:33','2022-03-22 19:26:06'),(2456,0,'en','plugins/ecommerce/order','refund_success_with_price','Refund success :price','2022-03-22 19:25:33','2022-03-22 19:26:06'),(2457,0,'en','plugins/ecommerce/order','refund_success','Refund successfully!','2022-03-22 19:25:33','2022-03-22 19:26:06'),(2458,0,'en','plugins/ecommerce/order','order_is_not_existed','Order is not existed!','2022-03-22 19:25:33','2022-03-22 19:26:06'),(2459,0,'en','plugins/ecommerce/order','reorder','Reorder','2022-03-22 19:25:33','2022-03-22 19:26:06'),(2460,0,'en','plugins/ecommerce/order','sent_email_incomplete_order_success','Sent email to remind about incomplete order successfully!','2022-03-22 19:25:33','2022-03-22 19:26:06'),(2461,0,'en','plugins/ecommerce/order','applied_coupon_success','Applied coupon \":code\" successfully!','2022-03-22 19:25:33','2022-03-22 19:26:06'),(2462,0,'en','plugins/ecommerce/order','new_order_notice','You have <span class=\"bold\">:count</span> New Order(s)','2022-03-22 19:25:33','2022-03-22 19:26:06'),(2463,0,'en','plugins/ecommerce/order','view_all','View all','2022-03-22 19:25:33','2022-03-22 19:26:06'),(2464,0,'en','plugins/ecommerce/order','cancel_order','Cancel order','2022-03-22 19:25:33','2022-03-22 19:26:06'),(2465,0,'en','plugins/ecommerce/order','order_canceled','Order canceled','2022-03-22 19:25:33','2022-03-22 19:26:06'),(2466,0,'en','plugins/ecommerce/order','order_was_canceled_at','Order was canceled at','2022-03-22 19:25:33','2022-03-22 19:26:06'),(2467,0,'en','plugins/ecommerce/order','completed','Completed','2022-03-22 19:25:33','2022-03-22 19:26:06'),(2468,0,'en','plugins/ecommerce/order','uncompleted','Uncompleted','2022-03-22 19:25:33','2022-03-22 19:26:06'),(2469,0,'en','plugins/ecommerce/order','sku','SKU','2022-03-22 19:25:33','2022-03-22 19:26:06'),(2470,0,'en','plugins/ecommerce/order','warehouse','Warehouse','2022-03-22 19:25:33','2022-03-22 19:26:06'),(2471,0,'en','plugins/ecommerce/order','sub_amount','Sub amount','2022-03-22 19:25:33','2022-03-22 19:26:06'),(2472,0,'en','plugins/ecommerce/order','coupon_code','Coupon code: \":code\"','2022-03-22 19:25:33','2022-03-22 19:26:06'),(2473,0,'en','plugins/ecommerce/order','shipping_fee','Shipping fee','2022-03-22 19:25:33','2022-03-22 19:26:06'),(2474,0,'en','plugins/ecommerce/order','tax','Tax','2022-03-22 19:25:33','2022-03-22 19:26:06'),(2475,0,'en','plugins/ecommerce/order','refunded_amount','Refunded amount','2022-03-22 19:25:33','2022-03-22 19:26:06'),(2476,0,'en','plugins/ecommerce/order','amount_received','The amount actually received','2022-03-22 19:25:33','2022-03-22 19:26:06'),(2477,0,'en','plugins/ecommerce/order','download_invoice','Download invoice','2022-03-22 19:25:33','2022-03-22 19:26:06'),(2478,0,'en','plugins/ecommerce/order','print_invoice','Print invoice','2022-03-22 19:25:33','2022-03-22 19:26:06'),(2479,0,'en','plugins/ecommerce/order','add_note','Add note...','2022-03-22 19:25:33','2022-03-22 19:26:06'),(2480,0,'en','plugins/ecommerce/order','order_was_confirmed','Order was confirmed','2022-03-22 19:25:33','2022-03-22 19:26:06'),(2481,0,'en','plugins/ecommerce/order','confirm_order','Confirm order','2022-03-22 19:25:33','2022-03-22 19:26:06'),(2482,0,'en','plugins/ecommerce/order','confirm','Confirm','2022-03-22 19:25:33','2022-03-22 19:26:06'),(2483,0,'en','plugins/ecommerce/order','order_was_canceled','Order was canceled','2022-03-22 19:25:33','2022-03-22 19:26:06'),(2484,0,'en','plugins/ecommerce/order','pending_payment','Pending payment','2022-03-22 19:25:33','2022-03-22 19:26:06'),(2485,0,'en','plugins/ecommerce/order','payment_was_accepted','Payment :money was accepted','2022-03-22 19:25:33','2022-03-22 19:26:06'),(2486,0,'en','plugins/ecommerce/order','payment_was_refunded','Payment was refunded','2022-03-22 19:25:33','2022-03-22 19:26:06'),(2487,0,'en','plugins/ecommerce/order','confirm_payment','Confirm payment','2022-03-22 19:25:33','2022-03-22 19:26:06'),(2488,0,'en','plugins/ecommerce/order','refund','Refund','2022-03-22 19:25:33','2022-03-22 19:26:06'),(2489,0,'en','plugins/ecommerce/order','all_products_are_not_delivered','All products are not delivered','2022-03-22 19:25:33','2022-03-22 19:26:06'),(2490,0,'en','plugins/ecommerce/order','delivery','Delivery','2022-03-22 19:25:33','2022-03-22 19:26:06'),(2491,0,'en','plugins/ecommerce/order','history','History','2022-03-22 19:25:33','2022-03-22 19:26:06'),(2492,0,'en','plugins/ecommerce/order','order_number','Order number','2022-03-22 19:25:33','2022-03-22 19:26:06'),(2493,0,'en','plugins/ecommerce/order','from','from','2022-03-22 19:25:33','2022-03-22 19:26:06'),(2494,0,'en','plugins/ecommerce/order','status','Status','2022-03-22 19:25:33','2022-03-22 19:26:06'),(2495,0,'en','plugins/ecommerce/order','successfully','Successfully','2022-03-22 19:25:33','2022-03-22 19:26:06'),(2496,0,'en','plugins/ecommerce/order','transaction_type','Transaction\'s type','2022-03-22 19:25:33','2022-03-22 19:26:06'),(2497,0,'en','plugins/ecommerce/order','staff','Staff','2022-03-22 19:25:33','2022-03-22 19:26:06'),(2498,0,'en','plugins/ecommerce/order','refund_date','Refund date','2022-03-22 19:25:33','2022-03-22 19:26:06'),(2499,0,'en','plugins/ecommerce/order','n_a','N\\A','2022-03-22 19:25:33','2022-03-22 19:26:06'),(2500,0,'en','plugins/ecommerce/order','payment_date','Payment date','2022-03-22 19:25:33','2022-03-22 19:26:06'),(2501,0,'en','plugins/ecommerce/order','payment_gateway','Payment gateway','2022-03-22 19:25:33','2022-03-22 19:26:06'),(2502,0,'en','plugins/ecommerce/order','transaction_amount','Transaction amount','2022-03-22 19:25:33','2022-03-22 19:26:06'),(2503,0,'en','plugins/ecommerce/order','resend','Resend','2022-03-22 19:25:33','2022-03-22 19:26:06'),(2504,0,'en','plugins/ecommerce/order','default_store','Default store','2022-03-22 19:25:33','2022-03-22 19:26:06'),(2505,0,'en','plugins/ecommerce/order','update_address','Update address','2022-03-22 19:25:33','2022-03-22 19:26:06'),(2506,0,'en','plugins/ecommerce/order','have_an_account_already','Have an account already','2022-03-22 19:25:33','2022-03-22 19:26:06'),(2507,0,'en','plugins/ecommerce/order','dont_have_an_account_yet','Don\'t have an account yet','2022-03-22 19:25:33','2022-03-22 19:26:06'),(2508,0,'en','plugins/ecommerce/order','mark_payment_as_confirmed','Mark <span>:method</span> as confirmed','2022-03-22 19:25:33','2022-03-22 19:26:06'),(2509,0,'en','plugins/ecommerce/order','resend_order_confirmation','Resend order confirmation','2022-03-22 19:25:33','2022-03-22 19:26:06'),(2510,0,'en','plugins/ecommerce/order','resend_order_confirmation_description','Confirmation email will be sent to <strong>:email</strong>?','2022-03-22 19:25:33','2022-03-22 19:26:06'),(2511,0,'en','plugins/ecommerce/order','send','Send','2022-03-22 19:25:33','2022-03-22 19:26:06'),(2512,0,'en','plugins/ecommerce/order','update','Update','2022-03-22 19:25:33','2022-03-22 19:26:06'),(2513,0,'en','plugins/ecommerce/order','cancel_shipping_confirmation','Cancel shipping confirmation?','2022-03-22 19:25:33','2022-03-22 19:26:06'),(2514,0,'en','plugins/ecommerce/order','cancel_shipping_confirmation_description','Cancel shipping confirmation?','2022-03-22 19:25:33','2022-03-22 19:26:06'),(2515,0,'en','plugins/ecommerce/order','cancel_order_confirmation','Cancel order confirmation?','2022-03-22 19:25:33','2022-03-22 19:26:06'),(2516,0,'en','plugins/ecommerce/order','cancel_order_confirmation_description','Are you sure you want to cancel this order? This action cannot rollback','2022-03-22 19:25:33','2022-03-22 19:26:06'),(2517,0,'en','plugins/ecommerce/order','confirm_payment_confirmation_description','Processed by <strong>:method</strong>. Did you receive payment outside the system? This payment won\'t be saved into system and cannot be refunded','2022-03-22 19:25:33','2022-03-22 19:26:06'),(2518,0,'en','plugins/ecommerce/order','save_note','Save note','2022-03-22 19:25:33','2022-03-22 19:26:06'),(2519,0,'en','plugins/ecommerce/order','order_note','Order note','2022-03-22 19:25:33','2022-03-22 19:26:06'),(2520,0,'en','plugins/ecommerce/order','order_note_placeholder','Note about order, ex: time or shipping instruction.','2022-03-22 19:25:33','2022-03-22 19:26:06'),(2521,0,'en','plugins/ecommerce/order','order_amount','Order amount','2022-03-22 19:25:33','2022-03-22 19:26:06'),(2522,0,'en','plugins/ecommerce/order','additional_information','Additional information','2022-03-22 19:25:33','2022-03-22 19:26:06'),(2523,0,'en','plugins/ecommerce/order','notice_about_incomplete_order','Notice about incomplete order','2022-03-22 19:25:33','2022-03-22 19:26:06'),(2524,0,'en','plugins/ecommerce/order','notice_about_incomplete_order_description','Remind email about uncompleted order will be send to <strong>:email</strong>?','2022-03-22 19:25:33','2022-03-22 19:26:06'),(2525,0,'en','plugins/ecommerce/order','incomplete_order_description_1','An incomplete order is when a potential customer places items in their shopping cart, and goes all the way through to the payment page, but then doesn\'t complete the transaction.','2022-03-22 19:25:33','2022-03-22 19:26:06'),(2526,0,'en','plugins/ecommerce/order','incomplete_order_description_2','If you have contacted customers and they want to continue buying, you can help them complete their order by following the link:','2022-03-22 19:25:33','2022-03-22 19:26:06'),(2527,0,'en','plugins/ecommerce/order','send_an_email_to_recover_this_order','Send an email to customer to recover this order','2022-03-22 19:25:33','2022-03-22 19:26:06'),(2528,0,'en','plugins/ecommerce/order','see_maps','See maps','2022-03-22 19:25:33','2022-03-22 19:26:06'),(2529,0,'en','plugins/ecommerce/order','one_or_more_products_dont_have_enough_quantity','One or more products don\'t have enough quantity!','2022-03-22 19:25:33','2022-03-22 19:26:06'),(2530,0,'en','plugins/ecommerce/order','cannot_send_order_recover_to_mail','The email could not be found so it can\'t send a recovery email to the customer.','2022-03-22 19:25:33','2022-03-22 19:26:06'),(2531,0,'en','plugins/ecommerce/order','payment_info','Payment Info','2022-03-22 19:25:33','2022-03-22 19:26:06'),(2532,0,'en','plugins/ecommerce/order','payment_method_refund_automatic','Your customer will be refunded using :method automatically.','2022-03-22 19:25:33','2022-03-22 19:26:06'),(2533,0,'en','plugins/ecommerce/order','order','Order','2022-03-22 19:25:33','2022-03-22 19:26:06'),(2534,0,'en','plugins/ecommerce/order','order_information','Order information','2022-03-22 19:25:33','2022-03-22 19:26:06'),(2535,0,'en','plugins/ecommerce/order','create_a_new_product','Create a new product','2022-03-22 19:25:33','2022-03-22 19:26:06'),(2536,0,'en','plugins/ecommerce/order','out_of_stock','Out of stock','2022-03-22 19:25:33','2022-03-22 19:26:06'),(2537,0,'en','plugins/ecommerce/order','products_available','product(s) available','2022-03-22 19:25:33','2022-03-22 19:26:06'),(2538,0,'en','plugins/ecommerce/order','no_products_found','No products found!','2022-03-22 19:25:33','2022-03-22 19:26:06'),(2539,0,'en','plugins/ecommerce/order','note','Note','2022-03-22 19:25:33','2022-03-22 19:26:06'),(2540,0,'en','plugins/ecommerce/order','note_for_order','Note for order...','2022-03-22 19:25:33','2022-03-22 19:26:06'),(2541,0,'en','plugins/ecommerce/order','amount','Amount','2022-03-22 19:25:33','2022-03-22 19:26:06'),(2542,0,'en','plugins/ecommerce/order','add_discount','Add discount','2022-03-22 19:25:33','2022-03-22 19:26:06'),(2543,0,'en','plugins/ecommerce/order','discount','Discount','2022-03-22 19:25:33','2022-03-22 19:26:06'),(2544,0,'en','plugins/ecommerce/order','add_shipping_fee','Add shipping fee','2022-03-22 19:25:33','2022-03-22 19:26:06'),(2545,0,'en','plugins/ecommerce/order','shipping','Shipping','2022-03-22 19:25:33','2022-03-22 19:26:06'),(2546,0,'en','plugins/ecommerce/order','total_amount','Total amount','2022-03-22 19:25:33','2022-03-22 19:26:06'),(2547,0,'en','plugins/ecommerce/order','confirm_payment_and_create_order','Confirm payment and create order','2022-03-22 19:25:33','2022-03-22 19:26:06'),(2548,0,'en','plugins/ecommerce/order','paid','Paid','2022-03-22 19:25:33','2022-03-22 19:26:06'),(2549,0,'en','plugins/ecommerce/order','pay_later','Pay later','2022-03-22 19:25:33','2022-03-22 19:26:06'),(2550,0,'en','plugins/ecommerce/order','customer_information','Customer information','2022-03-22 19:25:33','2022-03-22 19:26:06'),(2551,0,'en','plugins/ecommerce/order','create_new_customer','Create new customer','2022-03-22 19:25:33','2022-03-22 19:26:06'),(2552,0,'en','plugins/ecommerce/order','no_customer_found','No customer found!','2022-03-22 19:25:33','2022-03-22 19:26:06'),(2553,0,'en','plugins/ecommerce/order','customer','Customer','2022-03-22 19:25:33','2022-03-22 19:26:06'),(2554,0,'en','plugins/ecommerce/order','orders','order(s)','2022-03-22 19:25:33','2022-03-22 19:26:06'),(2555,0,'en','plugins/ecommerce/order','shipping_address','Shipping Address','2022-03-22 19:25:33','2022-03-22 19:26:06'),(2556,0,'en','plugins/ecommerce/order','see_on_maps','See on maps','2022-03-22 19:25:33','2022-03-22 19:26:06'),(2557,0,'en','plugins/ecommerce/order','name','Name','2022-03-22 19:25:33','2022-03-22 19:26:06'),(2558,0,'en','plugins/ecommerce/order','price','Price','2022-03-22 19:25:33','2022-03-22 19:26:06'),(2559,0,'en','plugins/ecommerce/order','sku_optional','SKU (optional)','2022-03-22 19:25:33','2022-03-22 19:26:06'),(2560,0,'en','plugins/ecommerce/order','with_storehouse_management','With storehouse management?','2022-03-22 19:25:33','2022-03-22 19:26:06'),(2561,0,'en','plugins/ecommerce/order','quantity','Quantity','2022-03-22 19:25:33','2022-03-22 19:26:06'),(2562,0,'en','plugins/ecommerce/order','allow_customer_checkout_when_this_product_out_of_stock','Allow customer checkout when this product out of stock?','2022-03-22 19:25:33','2022-03-22 19:26:06'),(2563,0,'en','plugins/ecommerce/order','address','Address','2022-03-22 19:25:33','2022-03-22 19:26:06'),(2564,0,'en','plugins/ecommerce/order','phone','Phone','2022-03-22 19:25:33','2022-03-22 19:26:06'),(2565,0,'en','plugins/ecommerce/order','country','Country','2022-03-22 19:25:33','2022-03-22 19:26:06'),(2566,0,'en','plugins/ecommerce/order','state','State','2022-03-22 19:25:33','2022-03-22 19:26:06'),(2567,0,'en','plugins/ecommerce/order','city','City','2022-03-22 19:25:33','2022-03-22 19:26:06'),(2568,0,'en','plugins/ecommerce/order','zip_code','Zip code','2022-03-22 19:25:33','2022-03-22 19:26:06'),(2569,0,'en','plugins/ecommerce/order','discount_based_on','Discount based on','2022-03-22 19:25:33','2022-03-22 19:26:06'),(2570,0,'en','plugins/ecommerce/order','or_coupon_code','Or coupon code','2022-03-22 19:25:33','2022-03-22 19:26:06'),(2571,0,'en','plugins/ecommerce/order','description','Description','2022-03-22 19:25:33','2022-03-22 19:26:06'),(2572,0,'en','plugins/ecommerce/order','how_to_select_configured_shipping','How to select configured shipping?','2022-03-22 19:25:33','2022-03-22 19:26:06'),(2573,0,'en','plugins/ecommerce/order','please_add_customer_information_with_the_complete_shipping_address_to_see_the_configured_shipping_rates','Please add customer information with the complete shipping address to see the configured shipping rates','2022-03-22 19:25:33','2022-03-22 19:26:06'),(2574,0,'en','plugins/ecommerce/order','free_shipping','Free shipping','2022-03-22 19:25:33','2022-03-22 19:26:06'),(2575,0,'en','plugins/ecommerce/order','custom','Custom','2022-03-22 19:25:33','2022-03-22 19:26:06'),(2576,0,'en','plugins/ecommerce/order','email','Email','2022-03-22 19:25:33','2022-03-22 19:26:06'),(2577,0,'en','plugins/ecommerce/order','create_order','Create order','2022-03-22 19:25:33','2022-03-22 19:26:06'),(2578,0,'en','plugins/ecommerce/order','close','Close','2022-03-22 19:25:33','2022-03-22 19:26:06'),(2579,0,'en','plugins/ecommerce/order','confirm_payment_is_paid_for_this_order','Confirm payment is paid for this order','2022-03-22 19:25:33','2022-03-22 19:26:06'),(2580,0,'en','plugins/ecommerce/order','payment_status_of_the_order_is_paid_once_the_order_has_been_created_you_cannot_change_the_payment_method_or_status','Payment status of the order is Paid. Once the order has been created, you cannot change the payment method or status','2022-03-22 19:25:33','2022-03-22 19:26:06'),(2581,0,'en','plugins/ecommerce/order','select_payment_method','Select payment method','2022-03-22 19:25:33','2022-03-22 19:26:06'),(2582,0,'en','plugins/ecommerce/order','cash_on_delivery_cod','Cash on delivery (COD)','2022-03-22 19:25:33','2022-03-22 19:26:06'),(2583,0,'en','plugins/ecommerce/order','bank_transfer','Bank transfer','2022-03-22 19:25:33','2022-03-22 19:26:06'),(2584,0,'en','plugins/ecommerce/order','paid_amount','Paid amount','2022-03-22 19:25:33','2022-03-22 19:26:06'),(2585,0,'en','plugins/ecommerce/order','confirm_that_payment_for_this_order_will_be_paid_later','Confirm that payment for this order will be paid later','2022-03-22 19:25:33','2022-03-22 19:26:06'),(2586,0,'en','plugins/ecommerce/order','payment_status_of_the_order_is_pending_once_the_order_has_been_created_you_cannot_change_the_payment_method_or_status','Payment status of the order is Pending. Once the order has been created, you cannot change the payment method or status','2022-03-22 19:25:33','2022-03-22 19:26:06'),(2587,0,'en','plugins/ecommerce/order','pending_amount','Pending amount','2022-03-22 19:25:33','2022-03-22 19:26:06'),(2588,0,'en','plugins/ecommerce/order','update_email','Update email','2022-03-22 19:25:33','2022-03-22 19:26:06'),(2589,0,'en','plugins/ecommerce/order','save','Save','2022-03-22 19:25:34','2022-03-22 19:26:06'),(2590,0,'en','plugins/ecommerce/order','cancel','Cancel','2022-03-22 19:25:34','2022-03-22 19:26:06'),(2591,0,'en','plugins/ecommerce/order','create_a_new_order','Create a new order','2022-03-22 19:25:34','2022-03-22 19:26:06'),(2592,0,'en','plugins/ecommerce/order','search_or_create_new_product','Search or create a new product','2022-03-22 19:25:34','2022-03-22 19:26:06'),(2593,0,'en','plugins/ecommerce/order','search_or_create_new_customer','Search or create a new customer','2022-03-22 19:25:34','2022-03-22 19:26:06'),(2594,0,'en','plugins/ecommerce/order','discount_description','Discount description','2022-03-22 19:25:34','2022-03-22 19:26:06'),(2595,0,'en','plugins/ecommerce/order','cant_select_out_of_stock_product','Cannot select out of stock product!','2022-03-22 19:25:34','2022-03-22 19:26:06'),(2596,0,'en','plugins/ecommerce/payment','name','Payments','2022-03-22 19:25:34','2022-03-22 19:26:07'),(2597,0,'en','plugins/ecommerce/payment','payment_method','Payment methods','2022-03-22 19:25:34','2022-03-22 19:26:07'),(2598,0,'en','plugins/ecommerce/payment','view_payment','View payment #','2022-03-22 19:25:34','2022-03-22 19:26:07'),(2599,0,'en','plugins/ecommerce/payment','charge_id','Charge ID','2022-03-22 19:25:34','2022-03-22 19:26:07'),(2600,0,'en','plugins/ecommerce/payment','amount','Amount','2022-03-22 19:25:34','2022-03-22 19:26:07'),(2601,0,'en','plugins/ecommerce/payment','currency','Currency','2022-03-22 19:25:34','2022-03-22 19:26:07'),(2602,0,'en','plugins/ecommerce/payment','user','User','2022-03-22 19:25:34','2022-03-22 19:26:07'),(2603,0,'en','plugins/ecommerce/payment','paypal_name_required','PayPal\'s name is required!','2022-03-22 19:25:34','2022-03-22 19:26:07'),(2604,0,'en','plugins/ecommerce/payment','paypal_name_max','PayPal\'s name is too long!','2022-03-22 19:25:34','2022-03-22 19:26:07'),(2605,0,'en','plugins/ecommerce/payment','stripe_name_required','Stripe\'s name is required!','2022-03-22 19:25:34','2022-03-22 19:26:07'),(2606,0,'en','plugins/ecommerce/payment','stripe_name_max','Stripe\'s name is too long!','2022-03-22 19:25:34','2022-03-22 19:26:07'),(2607,0,'en','plugins/ecommerce/payment','status','Status','2022-03-22 19:25:34','2022-03-22 19:26:07'),(2608,0,'en','plugins/ecommerce/payment','enabled','Enabled','2022-03-22 19:25:34','2022-03-22 19:26:07'),(2609,0,'en','plugins/ecommerce/payment','disabled','Disabled','2022-03-22 19:25:34','2022-03-22 19:26:07'),(2610,0,'en','plugins/ecommerce/payment','client_id','Client ID','2022-03-22 19:25:34','2022-03-22 19:26:07'),(2611,0,'en','plugins/ecommerce/payment','client_secret','Client Secret','2022-03-22 19:25:34','2022-03-22 19:26:07'),(2612,0,'en','plugins/ecommerce/payment','mode','Mode','2022-03-22 19:25:34','2022-03-22 19:26:07'),(2613,0,'en','plugins/ecommerce/payment','sandbox','Sandbox','2022-03-22 19:25:34','2022-03-22 19:26:07'),(2614,0,'en','plugins/ecommerce/payment','live','Live','2022-03-22 19:25:34','2022-03-22 19:26:07'),(2615,0,'en','plugins/ecommerce/payment','enable_payment_log','Enable Payment Log','2022-03-22 19:25:34','2022-03-22 19:26:07'),(2616,0,'en','plugins/ecommerce/payment','yes','Yes','2022-03-22 19:25:34','2022-03-22 19:26:07'),(2617,0,'en','plugins/ecommerce/payment','no','No','2022-03-22 19:25:34','2022-03-22 19:26:07'),(2618,0,'en','plugins/ecommerce/payment','client_key','Client Key','2022-03-22 19:25:34','2022-03-22 19:26:07'),(2619,0,'en','plugins/ecommerce/payment','stripe','Stripe','2022-03-22 19:25:34','2022-03-22 19:26:07'),(2620,0,'en','plugins/ecommerce/payment','paypal','PayPal','2022-03-22 19:25:34','2022-03-22 19:26:07'),(2621,0,'en','plugins/ecommerce/payment','action','Action','2022-03-22 19:25:34','2022-03-22 19:26:07'),(2622,0,'en','plugins/ecommerce/payment','go_back','Go back','2022-03-22 19:25:34','2022-03-22 19:26:07'),(2623,0,'en','plugins/ecommerce/payment','view','View','2022-03-22 19:25:34','2022-03-22 19:26:07'),(2624,0,'en','plugins/ecommerce/payment','cash_on_delivery','Cash on delivery (COD)','2022-03-22 19:25:34','2022-03-22 19:26:07'),(2625,0,'en','plugins/ecommerce/payment','via_bank_transfer','Via bank transfer','2022-03-22 19:25:34','2022-03-22 19:26:07'),(2626,0,'en','plugins/ecommerce/payment','payment_via_cart','Payment via card','2022-03-22 19:25:34','2022-03-22 19:26:07'),(2627,0,'en','plugins/ecommerce/payment','card_number','Card number','2022-03-22 19:25:34','2022-03-22 19:26:07'),(2628,0,'en','plugins/ecommerce/payment','full_name','Full name','2022-03-22 19:25:34','2022-03-22 19:26:07'),(2629,0,'en','plugins/ecommerce/payment','payment_via_paypal','Payment via PayPal','2022-03-22 19:25:34','2022-03-22 19:26:07'),(2630,0,'en','plugins/ecommerce/payment','mm_yy','MM/YY','2022-03-22 19:25:34','2022-03-22 19:26:07'),(2631,0,'en','plugins/ecommerce/payment','cvc','CVC','2022-03-22 19:25:34','2022-03-22 19:26:07'),(2632,0,'en','plugins/ecommerce/payment','details','Details','2022-03-22 19:25:34','2022-03-22 19:26:07'),(2633,0,'en','plugins/ecommerce/payment','payer_name','Payer Name','2022-03-22 19:25:34','2022-03-22 19:26:07'),(2634,0,'en','plugins/ecommerce/payment','email','Email','2022-03-22 19:25:34','2022-03-22 19:26:07'),(2635,0,'en','plugins/ecommerce/payment','phone','Phone','2022-03-22 19:25:34','2022-03-22 19:26:07'),(2636,0,'en','plugins/ecommerce/payment','country','Country','2022-03-22 19:25:34','2022-03-22 19:26:07'),(2637,0,'en','plugins/ecommerce/payment','shipping_address','Shipping Address','2022-03-22 19:25:34','2022-03-22 19:26:07'),(2638,0,'en','plugins/ecommerce/payment','payment_details','Payment Details','2022-03-22 19:25:34','2022-03-22 19:26:07'),(2639,0,'en','plugins/ecommerce/payment','card','Card','2022-03-22 19:25:34','2022-03-22 19:26:07'),(2640,0,'en','plugins/ecommerce/payment','address','Address','2022-03-22 19:25:34','2022-03-22 19:26:07'),(2641,0,'en','plugins/ecommerce/payment','could_not_get_stripe_token','Could not get Stripe token to make a charge.','2022-03-22 19:25:34','2022-03-22 19:26:07'),(2642,0,'en','plugins/ecommerce/payment','new_payment','Payment for order :id','2022-03-22 19:25:34','2022-03-22 19:26:07'),(2643,0,'en','plugins/ecommerce/payment','payment_id','Payment ID','2022-03-22 19:25:34','2022-03-22 19:26:07'),(2644,0,'en','plugins/ecommerce/prices','name','Price','2022-03-22 19:25:34','2022-03-22 19:26:07'),(2645,0,'en','plugins/ecommerce/prices','create','New price','2022-03-22 19:25:34','2022-03-22 19:26:07'),(2646,0,'en','plugins/ecommerce/prices','edit','Edit price','2022-03-22 19:25:34','2022-03-22 19:26:07'),(2647,0,'en','plugins/ecommerce/prices','list','List price','2022-03-22 19:25:34','2022-03-22 19:26:07'),(2648,0,'en','plugins/ecommerce/product-attribute-sets','name','Product attribute sets','2022-03-22 19:25:34','2022-03-22 19:26:07'),(2649,0,'en','plugins/ecommerce/product-attribute-sets','create','New product attribute set','2022-03-22 19:25:34','2022-03-22 19:26:07'),(2650,0,'en','plugins/ecommerce/product-attribute-sets','edit','Edit product attribute set','2022-03-22 19:25:34','2022-03-22 19:26:07'),(2651,0,'en','plugins/ecommerce/product-attribute-sets','visible_in_categories','Visible in categories','2022-03-22 19:25:34','2022-03-22 19:26:07'),(2652,0,'en','plugins/ecommerce/product-attribute-sets','product_with_more_version','Product with more version','2022-03-22 19:25:34','2022-03-22 19:26:07'),(2653,0,'en','plugins/ecommerce/product-attribute-sets','create_a_version','Create a version','2022-03-22 19:25:34','2022-03-22 19:26:07'),(2654,0,'en','plugins/ecommerce/product-attribute-sets','enabled','Enabled','2022-03-22 19:25:34','2022-03-22 19:26:07'),(2655,0,'en','plugins/ecommerce/product-attribute-sets','attributes','Attributes','2022-03-22 19:25:34','2022-03-22 19:26:07'),(2656,0,'en','plugins/ecommerce/product-attribute-sets','price','Price','2022-03-22 19:25:34','2022-03-22 19:26:07'),(2657,0,'en','plugins/ecommerce/product-attribute-sets','edit_btn','Edit','2022-03-22 19:25:34','2022-03-22 19:26:07'),(2658,0,'en','plugins/ecommerce/product-attribute-sets','remove_btn','Remove','2022-03-22 19:25:34','2022-03-22 19:26:07'),(2659,0,'en','plugins/ecommerce/product-attribute-sets','product','Product','2022-03-22 19:25:34','2022-03-22 19:26:07'),(2660,0,'en','plugins/ecommerce/product-attribute-sets','back_to_product','Back to product','2022-03-22 19:25:34','2022-03-22 19:26:07'),(2661,0,'en','plugins/ecommerce/product-attribute-sets','save','Save','2022-03-22 19:25:34','2022-03-22 19:26:07'),(2662,0,'en','plugins/ecommerce/product-attribute-sets','other_existing_versions','Other existing versions','2022-03-22 19:25:34','2022-03-22 19:26:07'),(2663,0,'en','plugins/ecommerce/product-attribute-sets','version_information','Version information','2022-03-22 19:25:34','2022-03-22 19:26:07'),(2664,0,'en','plugins/ecommerce/product-attribute-sets','add_rule','Add rule','2022-03-22 19:25:34','2022-03-22 19:26:07'),(2665,0,'en','plugins/ecommerce/product-attribute-sets','rules','Rules','2022-03-22 19:25:34','2022-03-22 19:26:07'),(2666,0,'en','plugins/ecommerce/product-attribute-sets','pricing','Pricing','2022-03-22 19:25:34','2022-03-22 19:26:07'),(2667,0,'en','plugins/ecommerce/product-attribute-sets','sale_price','Sale price','2022-03-22 19:25:34','2022-03-22 19:26:07'),(2668,0,'en','plugins/ecommerce/product-attribute-sets','sale_type','Sale type','2022-03-22 19:25:34','2022-03-22 19:26:07'),(2669,0,'en','plugins/ecommerce/product-attribute-sets','no_sale_price','No sale price','2022-03-22 19:25:34','2022-03-22 19:26:07'),(2670,0,'en','plugins/ecommerce/product-attribute-sets','always_on_sale','Always on sale','2022-03-22 19:25:34','2022-03-22 19:26:07'),(2671,0,'en','plugins/ecommerce/product-attribute-sets','limited_time','Limited time','2022-03-22 19:25:34','2022-03-22 19:26:07'),(2672,0,'en','plugins/ecommerce/product-attribute-sets','from','From','2022-03-22 19:25:34','2022-03-22 19:26:07'),(2673,0,'en','plugins/ecommerce/product-attribute-sets','to','To','2022-03-22 19:25:34','2022-03-22 19:26:07'),(2674,0,'en','plugins/ecommerce/product-attribute-sets','storehouse','Storehouse','2022-03-22 19:25:34','2022-03-22 19:26:07'),(2675,0,'en','plugins/ecommerce/product-attribute-sets','no_storehouse_management','No storehouse management','2022-03-22 19:25:34','2022-03-22 19:26:07'),(2676,0,'en','plugins/ecommerce/product-attribute-sets','with_storehouse_management','With storehouse management','2022-03-22 19:25:34','2022-03-22 19:26:07'),(2677,0,'en','plugins/ecommerce/product-attribute-sets','quantity','Quantity','2022-03-22 19:25:34','2022-03-22 19:26:07'),(2678,0,'en','plugins/ecommerce/product-attribute-sets','allow_customer_checkout_out_of_stock','Allow customer checkout when this product out of stock','2022-03-22 19:25:34','2022-03-22 19:26:07'),(2679,0,'en','plugins/ecommerce/product-attribute-sets','shipping','Shipping','2022-03-22 19:25:34','2022-03-22 19:26:07'),(2680,0,'en','plugins/ecommerce/product-attribute-sets','length','Length','2022-03-22 19:25:34','2022-03-22 19:26:07'),(2681,0,'en','plugins/ecommerce/product-attribute-sets','wide','Wide','2022-03-22 19:25:34','2022-03-22 19:26:07'),(2682,0,'en','plugins/ecommerce/product-attribute-sets','height','Height','2022-03-22 19:25:34','2022-03-22 19:26:07'),(2683,0,'en','plugins/ecommerce/product-attribute-sets','weight','Weight','2022-03-22 19:25:34','2022-03-22 19:26:07'),(2684,0,'en','plugins/ecommerce/product-attribute-sets','version_images','Version images','2022-03-22 19:25:34','2022-03-22 19:26:07'),(2685,0,'en','plugins/ecommerce/product-attribute-sets','add_new_image','Add new image','2022-03-22 19:25:34','2022-03-22 19:26:07'),(2686,0,'en','plugins/ecommerce/product-attribute-sets','attribute_set','Attribute set','2022-03-22 19:25:34','2022-03-22 19:26:07'),(2687,0,'en','plugins/ecommerce/product-attribute-sets','value','Value','2022-03-22 19:25:34','2022-03-22 19:26:07'),(2688,0,'en','plugins/ecommerce/product-attribute-sets','dropdown_swatch','Dropdown Swatch','2022-03-22 19:25:34','2022-03-22 19:26:07'),(2689,0,'en','plugins/ecommerce/product-attribute-sets','visual_swatch','Visual Swatch','2022-03-22 19:25:34','2022-03-22 19:26:07'),(2690,0,'en','plugins/ecommerce/product-attribute-sets','text_swatch','Text Swatch','2022-03-22 19:25:34','2022-03-22 19:26:07'),(2691,0,'en','plugins/ecommerce/product-attribute-sets','display_layout','Display Layout','2022-03-22 19:25:34','2022-03-22 19:26:07'),(2692,0,'en','plugins/ecommerce/product-attribute-sets','searchable','Searchable','2022-03-22 19:25:34','2022-03-22 19:26:07'),(2693,0,'en','plugins/ecommerce/product-attribute-sets','comparable','Comparable','2022-03-22 19:25:34','2022-03-22 19:26:07'),(2694,0,'en','plugins/ecommerce/product-attribute-sets','use_in_product_listing','Used in product listing','2022-03-22 19:25:34','2022-03-22 19:26:07'),(2695,0,'en','plugins/ecommerce/product-attribute-sets','attributes_list','Attributes list','2022-03-22 19:25:34','2022-03-22 19:26:07'),(2696,0,'en','plugins/ecommerce/product-attribute-sets','is_default','Is default?','2022-03-22 19:25:34','2022-03-22 19:26:07'),(2697,0,'en','plugins/ecommerce/product-attribute-sets','title','Title','2022-03-22 19:25:34','2022-03-22 19:26:07'),(2698,0,'en','plugins/ecommerce/product-attribute-sets','slug','Slug','2022-03-22 19:25:34','2022-03-22 19:26:07'),(2699,0,'en','plugins/ecommerce/product-attribute-sets','color','Color','2022-03-22 19:25:34','2022-03-22 19:26:07'),(2700,0,'en','plugins/ecommerce/product-attribute-sets','image','Image','2022-03-22 19:25:34','2022-03-22 19:26:07'),(2701,0,'en','plugins/ecommerce/product-attribute-sets','remove','Remove','2022-03-22 19:25:34','2022-03-22 19:26:07'),(2702,0,'en','plugins/ecommerce/product-attribute-sets','add_new_attribute','Add new attribute','2022-03-22 19:25:34','2022-03-22 19:26:07'),(2703,0,'en','plugins/ecommerce/product-attribute-sets','use_image_from_product_variation','Use image from product variation (for Visual Swatch only)','2022-03-22 19:25:34','2022-03-22 19:26:07'),(2704,0,'en','plugins/ecommerce/product-attributes','name','Product attributes','2022-03-22 19:25:34','2022-03-22 19:26:07'),(2705,0,'en','plugins/ecommerce/product-attributes','create','New product attribute','2022-03-22 19:25:34','2022-03-22 19:26:07'),(2706,0,'en','plugins/ecommerce/product-attributes','edit','Edit product attribute','2022-03-22 19:25:34','2022-03-22 19:26:07'),(2707,0,'en','plugins/ecommerce/product-attributes','intro.title','Manage product attributes','2022-03-22 19:25:34','2022-03-22 19:26:07'),(2708,0,'en','plugins/ecommerce/product-attributes','intro.description','Product attribute such as color, width, height ...','2022-03-22 19:25:34','2022-03-22 19:26:07'),(2709,0,'en','plugins/ecommerce/product-attributes','intro.button_text','Create product attribute','2022-03-22 19:25:34','2022-03-22 19:26:07'),(2710,0,'en','plugins/ecommerce/product-categories','name','Product categories','2022-03-22 19:25:34','2022-03-22 19:26:07'),(2711,0,'en','plugins/ecommerce/product-categories','create','Create new product category','2022-03-22 19:25:34','2022-03-22 19:26:07'),(2712,0,'en','plugins/ecommerce/product-categories','edit','Edit product category','2022-03-22 19:25:34','2022-03-22 19:26:07'),(2713,0,'en','plugins/ecommerce/product-categories','list','List product categories','2022-03-22 19:25:34','2022-03-22 19:26:07'),(2714,0,'en','plugins/ecommerce/product-categories','none','None','2022-03-22 19:25:34','2022-03-22 19:26:07'),(2715,0,'en','plugins/ecommerce/product-categories','menu','Product categories','2022-03-22 19:25:34','2022-03-22 19:26:07'),(2716,0,'en','plugins/ecommerce/product-categories','intro.title','Manage product categories','2022-03-22 19:25:34','2022-03-22 19:26:07'),(2717,0,'en','plugins/ecommerce/product-categories','intro.description','Such as clothes, shoes, bags, jewelry ...','2022-03-22 19:25:34','2022-03-22 19:26:07'),(2718,0,'en','plugins/ecommerce/product-categories','intro.button_text','Create product category','2022-03-22 19:25:34','2022-03-22 19:26:07'),(2719,0,'en','plugins/ecommerce/product-categories','total_products','Total products: :total','2022-03-22 19:25:34','2022-03-22 19:26:07'),(2720,0,'en','plugins/ecommerce/product-collections','name','Product collections','2022-03-22 19:25:34','2022-03-22 19:26:07'),(2721,0,'en','plugins/ecommerce/product-collections','create','New product collection','2022-03-22 19:25:34','2022-03-22 19:26:07'),(2722,0,'en','plugins/ecommerce/product-collections','edit','Edit product collection','2022-03-22 19:25:34','2022-03-22 19:26:07'),(2723,0,'en','plugins/ecommerce/product-collections','slug_help_block','Label key: <code>:slug</code>. We will use this key for filter.','2022-03-22 19:25:34','2022-03-22 19:26:07'),(2724,0,'en','plugins/ecommerce/product-collections','intro.title','Manage product collections','2022-03-22 19:25:34','2022-03-22 19:26:07'),(2725,0,'en','plugins/ecommerce/product-collections','intro.description','Group your products into collections to make it easier for customers to find them by category.','2022-03-22 19:25:34','2022-03-22 19:26:07'),(2726,0,'en','plugins/ecommerce/product-collections','intro.button_text','Create product collection','2022-03-22 19:25:34','2022-03-22 19:26:07'),(2727,0,'en','plugins/ecommerce/product-label','name','Product labels','2022-03-22 19:25:34','2022-03-22 19:26:07'),(2728,0,'en','plugins/ecommerce/product-label','create','New product label','2022-03-22 19:25:34','2022-03-22 19:26:07'),(2729,0,'en','plugins/ecommerce/product-label','edit','Edit product label','2022-03-22 19:25:34','2022-03-22 19:26:07'),(2730,0,'en','plugins/ecommerce/product-label','color','Color','2022-03-22 19:25:34','2022-03-22 19:26:07'),(2731,0,'en','plugins/ecommerce/product-label','color_placeholder','Example: #f0f0f0','2022-03-22 19:25:34','2022-03-22 19:26:07'),(2732,0,'en','plugins/ecommerce/product-tag','name','Product tags','2022-03-22 19:25:34','2022-03-22 19:26:07'),(2733,0,'en','plugins/ecommerce/product-tag','create','New product tag','2022-03-22 19:25:34','2022-03-22 19:26:07'),(2734,0,'en','plugins/ecommerce/product-tag','edit','Edit product tag','2022-03-22 19:25:34','2022-03-22 19:26:07'),(2735,0,'en','plugins/ecommerce/products','name','Products','2022-03-22 19:25:34','2022-03-22 19:26:07'),(2736,0,'en','plugins/ecommerce/products','create','New product','2022-03-22 19:25:34','2022-03-22 19:26:07'),(2737,0,'en','plugins/ecommerce/products','edit','Edit product - :name','2022-03-22 19:25:34','2022-03-22 19:26:07'),(2738,0,'en','plugins/ecommerce/products','form.name','Name','2022-03-22 19:25:34','2022-03-22 19:26:07'),(2739,0,'en','plugins/ecommerce/products','form.name_placeholder','Product\'s name (Maximum 120 characters)','2022-03-22 19:25:34','2022-03-22 19:26:07'),(2740,0,'en','plugins/ecommerce/products','form.description','Description','2022-03-22 19:25:34','2022-03-22 19:26:07'),(2741,0,'en','plugins/ecommerce/products','form.description_placeholder','Short description for product (Maximum 400 characters)','2022-03-22 19:25:34','2022-03-22 19:26:07'),(2742,0,'en','plugins/ecommerce/products','form.categories','Categories','2022-03-22 19:25:34','2022-03-22 19:26:07'),(2743,0,'en','plugins/ecommerce/products','form.content','Content','2022-03-22 19:25:34','2022-03-22 19:26:07'),(2744,0,'en','plugins/ecommerce/products','form.price','Price','2022-03-22 19:25:34','2022-03-22 19:26:07'),(2745,0,'en','plugins/ecommerce/products','form.quantity','Quantity','2022-03-22 19:25:34','2022-03-22 19:26:07'),(2746,0,'en','plugins/ecommerce/products','form.brand','Brand','2022-03-22 19:25:34','2022-03-22 19:26:07'),(2747,0,'en','plugins/ecommerce/products','form.width','Width','2022-03-22 19:25:34','2022-03-22 19:26:07'),(2748,0,'en','plugins/ecommerce/products','form.height','Height','2022-03-22 19:25:34','2022-03-22 19:26:07'),(2749,0,'en','plugins/ecommerce/products','form.weight','Weight','2022-03-22 19:25:34','2022-03-22 19:26:07'),(2750,0,'en','plugins/ecommerce/products','form.date.end','From date','2022-03-22 19:25:34','2022-03-22 19:26:07'),(2751,0,'en','plugins/ecommerce/products','form.date.start','To date','2022-03-22 19:25:34','2022-03-22 19:26:07'),(2752,0,'en','plugins/ecommerce/products','form.image','Images','2022-03-22 19:25:34','2022-03-22 19:26:07'),(2753,0,'en','plugins/ecommerce/products','form.collections','Product collections','2022-03-22 19:25:34','2022-03-22 19:26:07'),(2754,0,'en','plugins/ecommerce/products','form.labels','Labels','2022-03-22 19:25:34','2022-03-22 19:26:07'),(2755,0,'en','plugins/ecommerce/products','form.price_sale','Price sale','2022-03-22 19:25:34','2022-03-22 19:26:07'),(2756,0,'en','plugins/ecommerce/products','form.product_type.title','Product type','2022-03-22 19:25:34','2022-03-22 19:26:07'),(2757,0,'en','plugins/ecommerce/products','form.product','Product','2022-03-22 19:25:34','2022-03-22 19:26:07'),(2758,0,'en','plugins/ecommerce/products','form.total','Total','2022-03-22 19:25:34','2022-03-22 19:26:07'),(2759,0,'en','plugins/ecommerce/products','form.sub_total','Subtotal','2022-03-22 19:25:34','2022-03-22 19:26:07'),(2760,0,'en','plugins/ecommerce/products','form.shipping_fee','Shipping fee','2022-03-22 19:25:34','2022-03-22 19:26:07'),(2761,0,'en','plugins/ecommerce/products','form.discount','Discount','2022-03-22 19:25:34','2022-03-22 19:26:07'),(2762,0,'en','plugins/ecommerce/products','form.options','Options','2022-03-22 19:25:34','2022-03-22 19:26:07'),(2763,0,'en','plugins/ecommerce/products','form.shipping.height','Height','2022-03-22 19:25:34','2022-03-22 19:26:07'),(2764,0,'en','plugins/ecommerce/products','form.shipping.length','Length','2022-03-22 19:25:34','2022-03-22 19:26:07'),(2765,0,'en','plugins/ecommerce/products','form.shipping.title','Shipping','2022-03-22 19:25:34','2022-03-22 19:26:07'),(2766,0,'en','plugins/ecommerce/products','form.shipping.weight','Weight','2022-03-22 19:25:34','2022-03-22 19:26:07'),(2767,0,'en','plugins/ecommerce/products','form.shipping.wide','Wide','2022-03-22 19:25:34','2022-03-22 19:26:07'),(2768,0,'en','plugins/ecommerce/products','form.stock.allow_order_when_out','Allow customer checkout when this product out of stock','2022-03-22 19:25:34','2022-03-22 19:26:07'),(2769,0,'en','plugins/ecommerce/products','form.stock.in_stock','In stock','2022-03-22 19:25:34','2022-03-22 19:26:07'),(2770,0,'en','plugins/ecommerce/products','form.stock.out_stock','Out stock','2022-03-22 19:25:34','2022-03-22 19:26:07'),(2771,0,'en','plugins/ecommerce/products','form.stock.title','Stock status','2022-03-22 19:25:34','2022-03-22 19:26:07'),(2772,0,'en','plugins/ecommerce/products','form.storehouse.no_storehouse','No storehouse management','2022-03-22 19:25:34','2022-03-22 19:26:07'),(2773,0,'en','plugins/ecommerce/products','form.storehouse.storehouse','With storehouse management','2022-03-22 19:25:34','2022-03-22 19:26:07'),(2774,0,'en','plugins/ecommerce/products','form.storehouse.title','Storehouse','2022-03-22 19:25:34','2022-03-22 19:26:07'),(2775,0,'en','plugins/ecommerce/products','form.storehouse.quantity','Quantity','2022-03-22 19:25:34','2022-03-22 19:26:07'),(2776,0,'en','plugins/ecommerce/products','form.tax','Tax','2022-03-22 19:25:34','2022-03-22 19:26:07'),(2777,0,'en','plugins/ecommerce/products','form.is_default','Is default','2022-03-22 19:25:34','2022-03-22 19:26:07'),(2778,0,'en','plugins/ecommerce/products','form.action','Action','2022-03-22 19:25:34','2022-03-22 19:26:07'),(2779,0,'en','plugins/ecommerce/products','form.restock_quantity','Restock quantity','2022-03-22 19:25:34','2022-03-22 19:26:07'),(2780,0,'en','plugins/ecommerce/products','form.remain','Remain','2022-03-22 19:25:34','2022-03-22 19:26:07'),(2781,0,'en','plugins/ecommerce/products','form.choose_discount_period','Choose Discount Period','2022-03-22 19:25:34','2022-03-22 19:26:07'),(2782,0,'en','plugins/ecommerce/products','form.cancel','Cancel','2022-03-22 19:25:34','2022-03-22 19:26:07'),(2783,0,'en','plugins/ecommerce/products','form.no_results','No results!','2022-03-22 19:25:34','2022-03-22 19:26:07'),(2784,0,'en','plugins/ecommerce/products','form.value','Value','2022-03-22 19:25:34','2022-03-22 19:26:07'),(2785,0,'en','plugins/ecommerce/products','form.attribute_name','Attribute name','2022-03-22 19:25:34','2022-03-22 19:26:07'),(2786,0,'en','plugins/ecommerce/products','form.add_more_attribute','Add more attribute','2022-03-22 19:25:34','2022-03-22 19:26:07'),(2787,0,'en','plugins/ecommerce/products','form.continue','Continue','2022-03-22 19:25:34','2022-03-22 19:26:07'),(2788,0,'en','plugins/ecommerce/products','form.add_new_attributes','Add new attributes','2022-03-22 19:25:34','2022-03-22 19:26:07'),(2789,0,'en','plugins/ecommerce/products','form.add_new_attributes_description','Adding new attributes helps the product to have many options, such as size or color.','2022-03-22 19:25:34','2022-03-22 19:26:07'),(2790,0,'en','plugins/ecommerce/products','form.create_product_variations',':link to create product variations!','2022-03-22 19:25:34','2022-03-22 19:26:07'),(2791,0,'en','plugins/ecommerce/products','form.tags','Tags','2022-03-22 19:25:34','2022-03-22 19:26:07'),(2792,0,'en','plugins/ecommerce/products','form.write_some_tags','Write some tags','2022-03-22 19:25:34','2022-03-22 19:26:07'),(2793,0,'en','plugins/ecommerce/products','form.variation_existed','This variation is existed.','2022-03-22 19:25:34','2022-03-22 19:26:07'),(2794,0,'en','plugins/ecommerce/products','form.no_attributes_selected','No attributes selected!','2022-03-22 19:25:34','2022-03-22 19:26:07'),(2795,0,'en','plugins/ecommerce/products','form.added_variation_success','Added variation successfully!','2022-03-22 19:25:34','2022-03-22 19:26:07'),(2796,0,'en','plugins/ecommerce/products','form.updated_variation_success','Updated variation successfully!','2022-03-22 19:25:34','2022-03-22 19:26:07'),(2797,0,'en','plugins/ecommerce/products','form.created_all_variation_success','Created all variations successfully!','2022-03-22 19:25:34','2022-03-22 19:26:07'),(2798,0,'en','plugins/ecommerce/products','form.updated_product_attributes_success','Updated product attributes successfully!','2022-03-22 19:25:34','2022-03-22 19:26:07'),(2799,0,'en','plugins/ecommerce/products','form.stock_status','Stock status','2022-03-22 19:25:34','2022-03-22 19:26:07'),(2800,0,'en','plugins/ecommerce/products','form.auto_generate_sku','Auto generate SKU?','2022-03-22 19:25:34','2022-03-22 19:26:07'),(2801,0,'en','plugins/ecommerce/products','form.featured_image','Featured image (optional)','2022-03-22 19:25:34','2022-03-22 19:26:07'),(2802,0,'en','plugins/ecommerce/products','price','Price','2022-03-22 19:25:34','2022-03-22 19:26:07'),(2803,0,'en','plugins/ecommerce/products','quantity','Quantity','2022-03-22 19:25:34','2022-03-22 19:26:07'),(2804,0,'en','plugins/ecommerce/products','type','Type','2022-03-22 19:25:34','2022-03-22 19:26:07'),(2805,0,'en','plugins/ecommerce/products','image','Thumbnail','2022-03-22 19:25:34','2022-03-22 19:26:07'),(2806,0,'en','plugins/ecommerce/products','sku','SKU','2022-03-22 19:25:34','2022-03-22 19:26:07'),(2807,0,'en','plugins/ecommerce/products','brand','Brand','2022-03-22 19:25:35','2022-03-22 19:26:07'),(2808,0,'en','plugins/ecommerce/products','cannot_delete','Product could not be deleted','2022-03-22 19:25:35','2022-03-22 19:26:07'),(2809,0,'en','plugins/ecommerce/products','product_deleted','Product deleted','2022-03-22 19:25:35','2022-03-22 19:26:07'),(2810,0,'en','plugins/ecommerce/products','product_collections','Product collections','2022-03-22 19:25:35','2022-03-22 19:26:07'),(2811,0,'en','plugins/ecommerce/products','products','Products','2022-03-22 19:25:35','2022-03-22 19:26:07'),(2812,0,'en','plugins/ecommerce/products','menu','Products','2022-03-22 19:25:35','2022-03-22 19:26:07'),(2813,0,'en','plugins/ecommerce/products','control.button_add_image','Add image','2022-03-22 19:25:35','2022-03-22 19:26:07'),(2814,0,'en','plugins/ecommerce/products','price_sale','Sale price','2022-03-22 19:25:35','2022-03-22 19:26:07'),(2815,0,'en','plugins/ecommerce/products','price_group_title','Manager product price','2022-03-22 19:25:35','2022-03-22 19:26:07'),(2816,0,'en','plugins/ecommerce/products','store_house_group_title','Manager store house','2022-03-22 19:25:35','2022-03-22 19:26:07'),(2817,0,'en','plugins/ecommerce/products','shipping_group_title','Manager shipping','2022-03-22 19:25:35','2022-03-22 19:26:07'),(2818,0,'en','plugins/ecommerce/products','overview','Overview','2022-03-22 19:25:35','2022-03-22 19:26:07'),(2819,0,'en','plugins/ecommerce/products','attributes','Attributes','2022-03-22 19:25:35','2022-03-22 19:26:07'),(2820,0,'en','plugins/ecommerce/products','product_has_variations','Product has variations','2022-03-22 19:25:35','2022-03-22 19:26:07'),(2821,0,'en','plugins/ecommerce/products','manage_products','Manage products','2022-03-22 19:25:35','2022-03-22 19:26:07'),(2822,0,'en','plugins/ecommerce/products','add_new_product','Add a new product','2022-03-22 19:25:35','2022-03-22 19:26:07'),(2823,0,'en','plugins/ecommerce/products','start_by_adding_new_product','Start by adding new products.','2022-03-22 19:25:35','2022-03-22 19:26:07'),(2824,0,'en','plugins/ecommerce/products','edit_this_product','Edit this product','2022-03-22 19:25:35','2022-03-22 19:26:07'),(2825,0,'en','plugins/ecommerce/products','delete','Delete','2022-03-22 19:25:35','2022-03-22 19:26:07'),(2826,0,'en','plugins/ecommerce/products','related_products','Related products','2022-03-22 19:25:35','2022-03-22 19:26:07'),(2827,0,'en','plugins/ecommerce/products','cross_selling_products','Cross-selling products','2022-03-22 19:25:35','2022-03-22 19:26:07'),(2828,0,'en','plugins/ecommerce/products','up_selling_products','Up-selling products','2022-03-22 19:25:35','2022-03-22 19:26:07'),(2829,0,'en','plugins/ecommerce/products','grouped_products','Grouped products','2022-03-22 19:25:35','2022-03-22 19:26:07'),(2830,0,'en','plugins/ecommerce/products','search_products','Search products','2022-03-22 19:25:35','2022-03-22 19:26:07'),(2831,0,'en','plugins/ecommerce/products','selected_products','Selected products','2022-03-22 19:25:35','2022-03-22 19:26:07'),(2832,0,'en','plugins/ecommerce/products','edit_variation_item','Edit','2022-03-22 19:25:35','2022-03-22 19:26:07'),(2833,0,'en','plugins/ecommerce/products','variations_box_description','Click on \"Edit attribute\" to add/remove attributes of variation or click on \"Add new variation\" to add variation.','2022-03-22 19:25:35','2022-03-22 19:26:07'),(2834,0,'en','plugins/ecommerce/products','save_changes','Save changes','2022-03-22 19:25:35','2022-03-22 19:26:07'),(2835,0,'en','plugins/ecommerce/products','continue','Continue','2022-03-22 19:25:35','2022-03-22 19:26:07'),(2836,0,'en','plugins/ecommerce/products','edit_attribute','Edit attribute','2022-03-22 19:25:35','2022-03-22 19:26:07'),(2837,0,'en','plugins/ecommerce/products','select_attribute','Select attribute','2022-03-22 19:25:35','2022-03-22 19:26:07'),(2838,0,'en','plugins/ecommerce/products','add_new_variation','Add new variation','2022-03-22 19:25:35','2022-03-22 19:26:07'),(2839,0,'en','plugins/ecommerce/products','edit_variation','Edit variation','2022-03-22 19:25:35','2022-03-22 19:26:07'),(2840,0,'en','plugins/ecommerce/products','generate_all_variations','Generate all variations','2022-03-22 19:25:35','2022-03-22 19:26:07'),(2841,0,'en','plugins/ecommerce/products','generate_all_variations_confirmation','Are you sure you want to generate all variations for this product?','2022-03-22 19:25:35','2022-03-22 19:26:07'),(2842,0,'en','plugins/ecommerce/products','delete_variation','Delete variation?','2022-03-22 19:25:35','2022-03-22 19:26:07'),(2843,0,'en','plugins/ecommerce/products','delete_variation_confirmation','Are you sure you want to delete this variation? This action cannot be undo.','2022-03-22 19:25:35','2022-03-22 19:26:07'),(2844,0,'en','plugins/ecommerce/products','delete_variations_confirmation','Are you sure you want to delete those variations? This action cannot be undo.','2022-03-22 19:25:35','2022-03-22 19:26:07'),(2845,0,'en','plugins/ecommerce/products','product_create_validate_name_required','Please enter product\'s name','2022-03-22 19:25:35','2022-03-22 19:26:07'),(2846,0,'en','plugins/ecommerce/products','product_create_validate_sale_price_max','The discount must be less than the original price','2022-03-22 19:25:35','2022-03-22 19:26:07'),(2847,0,'en','plugins/ecommerce/products','product_create_validate_sale_price_required_if','Must enter a discount when you want to schedule a promotion','2022-03-22 19:25:35','2022-03-22 19:26:07'),(2848,0,'en','plugins/ecommerce/products','product_create_validate_end_date_after','End date must be after start date','2022-03-22 19:25:35','2022-03-22 19:26:07'),(2849,0,'en','plugins/ecommerce/products','product_create_validate_start_date_required_if','Discount start date cannot be left blank when scheduling is selected','2022-03-22 19:25:35','2022-03-22 19:26:07'),(2850,0,'en','plugins/ecommerce/products','product_create_validate_sale_price','Discounts cannot be left blank when scheduling is selected','2022-03-22 19:25:35','2022-03-22 19:26:07'),(2851,0,'en','plugins/ecommerce/products','stock_statuses.in_stock','In stock','2022-03-22 19:25:35','2022-03-22 19:26:07'),(2852,0,'en','plugins/ecommerce/products','stock_statuses.out_of_stock','Out of stock','2022-03-22 19:25:35','2022-03-22 19:26:07'),(2853,0,'en','plugins/ecommerce/products','stock_statuses.on_backorder','On backorder','2022-03-22 19:25:35','2022-03-22 19:26:07'),(2854,0,'en','plugins/ecommerce/products','stock_status','Stock status','2022-03-22 19:25:35','2022-03-22 19:26:07'),(2855,0,'en','plugins/ecommerce/products','processing','Processing...','2022-03-22 19:25:35','2022-03-22 19:26:07'),(2856,0,'en','plugins/ecommerce/products','delete_selected_variations','Delete selected variations','2022-03-22 19:25:35','2022-03-22 19:26:07'),(2857,0,'en','plugins/ecommerce/products','delete_variations','Delete variations','2022-03-22 19:25:35','2022-03-22 19:26:07'),(2858,0,'en','plugins/ecommerce/products','category','Category','2022-03-22 19:25:35','2022-03-22 19:26:07'),(2859,0,'en','plugins/ecommerce/products','product_price_flash_sale_warning','This product is in flash sale <strong>:name</strong> so its price is <strong>:price</strong>.','2022-03-22 19:25:35','2022-03-22 19:26:07'),(2860,0,'en','plugins/ecommerce/products','product_price_discount_warning','This product is in discount <strong>:name</strong> so its price is <strong>:price</strong>.','2022-03-22 19:25:35','2022-03-22 19:26:07'),(2861,0,'en','plugins/ecommerce/reports','name','Report','2022-03-22 19:25:35','2022-03-22 19:26:07'),(2862,0,'en','plugins/ecommerce/reports','widget.order.title','Orders','2022-03-22 19:25:35','2022-03-22 19:26:07'),(2863,0,'en','plugins/ecommerce/reports','count.revenue','Today revenue','2022-03-22 19:25:35','2022-03-22 19:26:07'),(2864,0,'en','plugins/ecommerce/reports','count.orders','Today orders','2022-03-22 19:25:35','2022-03-22 19:26:07'),(2865,0,'en','plugins/ecommerce/reports','count.products','Total products','2022-03-22 19:25:35','2022-03-22 19:26:07'),(2866,0,'en','plugins/ecommerce/reports','count.customers','Total customers','2022-03-22 19:25:35','2022-03-22 19:26:07'),(2867,0,'en','plugins/ecommerce/reports','product_name','Product name','2022-03-22 19:25:35','2022-03-22 19:26:07'),(2868,0,'en','plugins/ecommerce/reports','quantity','Quantity','2022-03-22 19:25:35','2022-03-22 19:26:07'),(2869,0,'en','plugins/ecommerce/reports','revenue_statistics','Revenue statistics','2022-03-22 19:25:35','2022-03-22 19:26:07'),(2870,0,'en','plugins/ecommerce/reports','top_selling_products','Top Selling Products','2022-03-22 19:25:35','2022-03-22 19:26:07'),(2871,0,'en','plugins/ecommerce/reports','ranges.today','Today','2022-03-22 19:25:35','2022-03-22 19:26:07'),(2872,0,'en','plugins/ecommerce/reports','ranges.this_week','This week','2022-03-22 19:25:35','2022-03-22 19:26:07'),(2873,0,'en','plugins/ecommerce/reports','ranges.last_7_days','Last 7 days','2022-03-22 19:25:35','2022-03-22 19:26:07'),(2874,0,'en','plugins/ecommerce/reports','ranges.last_30_days','Last 30 days','2022-03-22 19:25:35','2022-03-22 19:26:07'),(2875,0,'en','plugins/ecommerce/reports','ranges.this_month','This month','2022-03-22 19:25:35','2022-03-22 19:26:07'),(2876,0,'en','plugins/ecommerce/reports','ranges.this_year','This year','2022-03-22 19:25:35','2022-03-22 19:26:07'),(2877,0,'en','plugins/ecommerce/reports','revenue_this_month','Revenue this month','2022-03-22 19:25:35','2022-03-22 19:26:07'),(2878,0,'en','plugins/ecommerce/reports','order_processing_this_month','order(s) processing in this month','2022-03-22 19:25:35','2022-03-22 19:26:07'),(2879,0,'en','plugins/ecommerce/reports','order_completed_this_month','order(s) completed in this month','2022-03-22 19:25:35','2022-03-22 19:26:07'),(2880,0,'en','plugins/ecommerce/reports','product_will_be_out_of_stock','product(s) will be out of stock soon','2022-03-22 19:25:35','2022-03-22 19:26:07'),(2881,0,'en','plugins/ecommerce/reports','product_out_of_stock','product(s) out of stock','2022-03-22 19:25:35','2022-03-22 19:26:07'),(2882,0,'en','plugins/ecommerce/reports','sales_reports','Sales Reports','2022-03-22 19:25:35','2022-03-22 19:26:07'),(2883,0,'en','plugins/ecommerce/reports','total_earnings','Total Earnings','2022-03-22 19:25:35','2022-03-22 19:26:07'),(2884,0,'en','plugins/ecommerce/reports','recent_orders','Recent Orders','2022-03-22 19:25:35','2022-03-22 19:26:07'),(2885,0,'en','plugins/ecommerce/reports','statistics','Statistics','2022-03-22 19:25:35','2022-03-22 19:26:07'),(2886,0,'en','plugins/ecommerce/reports','items_earning_sales','Items Earning Sales: :value','2022-03-22 19:25:35','2022-03-22 19:26:07'),(2887,0,'en','plugins/ecommerce/reports','revenue','Revenue','2022-03-22 19:25:35','2022-03-22 19:26:07'),(2888,0,'en','plugins/ecommerce/reports','orders','Orders','2022-03-22 19:25:35','2022-03-22 19:26:07'),(2889,0,'en','plugins/ecommerce/reports','products','Products','2022-03-22 19:25:35','2022-03-22 19:26:07'),(2890,0,'en','plugins/ecommerce/reports','customers','Customers','2022-03-22 19:25:35','2022-03-22 19:26:07'),(2891,0,'en','plugins/ecommerce/reports','earnings','Earnings','2022-03-22 19:25:35','2022-03-22 19:26:07'),(2892,0,'en','plugins/ecommerce/reports','date_range_format_value','From :from to :to','2022-03-22 19:25:35','2022-03-22 19:26:07'),(2893,0,'en','plugins/ecommerce/reports','select_range','Select Range','2022-03-22 19:25:35','2022-03-22 19:26:07'),(2894,0,'en','plugins/ecommerce/review','name','Reviews','2022-03-22 19:25:35','2022-03-22 19:26:07'),(2895,0,'en','plugins/ecommerce/review','add_review','Add review','2022-03-22 19:25:35','2022-03-22 19:26:07'),(2896,0,'en','plugins/ecommerce/review','delete_review','Delete review','2022-03-22 19:25:35','2022-03-22 19:26:07'),(2897,0,'en','plugins/ecommerce/review','create_review','Create Review','2022-03-22 19:25:35','2022-03-22 19:26:07'),(2898,0,'en','plugins/ecommerce/review','please_select_rating','Please select rating','2022-03-22 19:25:35','2022-03-22 19:26:07'),(2899,0,'en','plugins/ecommerce/review','comment','Comment','2022-03-22 19:25:35','2022-03-22 19:26:07'),(2900,0,'en','plugins/ecommerce/review','approve','Approve','2022-03-22 19:25:35','2022-03-22 19:26:07'),(2901,0,'en','plugins/ecommerce/review','approved','Approved','2022-03-22 19:25:35','2022-03-22 19:26:07'),(2902,0,'en','plugins/ecommerce/review','disapprove','Disapprove','2022-03-22 19:25:35','2022-03-22 19:26:07'),(2903,0,'en','plugins/ecommerce/review','disapproved','Disapproved','2022-03-22 19:25:35','2022-03-22 19:26:07'),(2904,0,'en','plugins/ecommerce/review','product','Product','2022-03-22 19:25:35','2022-03-22 19:26:07'),(2905,0,'en','plugins/ecommerce/review','user','User','2022-03-22 19:25:35','2022-03-22 19:26:07'),(2906,0,'en','plugins/ecommerce/review','star','Star','2022-03-22 19:25:35','2022-03-22 19:26:07'),(2907,0,'en','plugins/ecommerce/review','status','Status','2022-03-22 19:25:35','2022-03-22 19:26:07'),(2908,0,'en','plugins/ecommerce/review','list_review','Customer reviews','2022-03-22 19:25:35','2022-03-22 19:26:07'),(2909,0,'en','plugins/ecommerce/review','intro.title','Manage customer reviews','2022-03-22 19:25:35','2022-03-22 19:26:07'),(2910,0,'en','plugins/ecommerce/review','intro.description','Customer reviews will be shown here and you can manage it to show/hide in product detail page.','2022-03-22 19:25:35','2022-03-22 19:26:07'),(2911,0,'en','plugins/ecommerce/review','images','Images','2022-03-22 19:25:35','2022-03-22 19:26:07'),(2912,0,'en','plugins/ecommerce/shipping','name','Shipping Rules','2022-03-22 19:25:35','2022-03-22 19:26:07'),(2913,0,'en','plugins/ecommerce/shipping','shipping','Shipping','2022-03-22 19:25:35','2022-03-22 19:26:07'),(2914,0,'en','plugins/ecommerce/shipping','title','Title','2022-03-22 19:25:35','2022-03-22 19:26:07'),(2915,0,'en','plugins/ecommerce/shipping','amount','Amount','2022-03-22 19:25:35','2022-03-22 19:26:07'),(2916,0,'en','plugins/ecommerce/shipping','enable','Enable','2022-03-22 19:25:35','2022-03-22 19:26:07'),(2917,0,'en','plugins/ecommerce/shipping','enabled','Enabled','2022-03-22 19:25:35','2022-03-22 19:26:07'),(2918,0,'en','plugins/ecommerce/shipping','disable','Disable','2022-03-22 19:25:35','2022-03-22 19:26:07'),(2919,0,'en','plugins/ecommerce/shipping','disabled','Disabled','2022-03-22 19:25:35','2022-03-22 19:26:07'),(2920,0,'en','plugins/ecommerce/shipping','create_shipping','Create a shipping','2022-03-22 19:25:35','2022-03-22 19:26:07'),(2921,0,'en','plugins/ecommerce/shipping','edit_shipping','Edit shipping :code','2022-03-22 19:25:35','2022-03-22 19:26:07'),(2922,0,'en','plugins/ecommerce/shipping','status','Status','2022-03-22 19:25:35','2022-03-22 19:26:07'),(2923,0,'en','plugins/ecommerce/shipping','shipping_methods','Shipping methods','2022-03-22 19:25:35','2022-03-22 19:26:07'),(2924,0,'en','plugins/ecommerce/shipping','create_shipping_method','Create shipping method','2022-03-22 19:25:35','2022-03-22 19:26:07'),(2925,0,'en','plugins/ecommerce/shipping','edit_shipping_method','Edit shipping method','2022-03-22 19:25:35','2022-03-22 19:26:07'),(2926,0,'en','plugins/ecommerce/shipping','add_shipping_region','Add shipping region','2022-03-22 19:25:35','2022-03-22 19:26:07'),(2927,0,'en','plugins/ecommerce/shipping','country','Country','2022-03-22 19:25:35','2022-03-22 19:26:07'),(2928,0,'en','plugins/ecommerce/shipping','state','State','2022-03-22 19:25:35','2022-03-22 19:26:07'),(2929,0,'en','plugins/ecommerce/shipping','city','City','2022-03-22 19:25:35','2022-03-22 19:26:07'),(2930,0,'en','plugins/ecommerce/shipping','address','Address','2022-03-22 19:25:35','2022-03-22 19:26:07'),(2931,0,'en','plugins/ecommerce/shipping','phone','Phone','2022-03-22 19:25:35','2022-03-22 19:26:07'),(2932,0,'en','plugins/ecommerce/shipping','email','Email','2022-03-22 19:25:35','2022-03-22 19:26:07'),(2933,0,'en','plugins/ecommerce/shipping','zip_code','Zip code','2022-03-22 19:25:35','2022-03-22 19:26:07'),(2934,0,'en','plugins/ecommerce/shipping','methods.default','Default','2022-03-22 19:25:35','2022-03-22 19:26:07'),(2935,0,'en','plugins/ecommerce/shipping','statuses.not_approved','Not approved','2022-03-22 19:25:35','2022-03-22 19:26:07'),(2936,0,'en','plugins/ecommerce/shipping','statuses.approved','Approved','2022-03-22 19:25:35','2022-03-22 19:26:07'),(2937,0,'en','plugins/ecommerce/shipping','statuses.pending','Pending','2022-03-22 19:25:35','2022-03-22 19:26:07'),(2938,0,'en','plugins/ecommerce/shipping','statuses.arrange_shipment','Arrange shipment','2022-03-22 19:25:35','2022-03-22 19:26:07'),(2939,0,'en','plugins/ecommerce/shipping','statuses.ready_to_be_shipped_out','Ready to be shipped out','2022-03-22 19:25:35','2022-03-22 19:26:07'),(2940,0,'en','plugins/ecommerce/shipping','statuses.picking','Picking','2022-03-22 19:25:35','2022-03-22 19:26:07'),(2941,0,'en','plugins/ecommerce/shipping','statuses.delay_picking','Delay picking','2022-03-22 19:25:35','2022-03-22 19:26:07'),(2942,0,'en','plugins/ecommerce/shipping','statuses.picked','Picked','2022-03-22 19:25:35','2022-03-22 19:26:07'),(2943,0,'en','plugins/ecommerce/shipping','statuses.not_picked','Not picked','2022-03-22 19:25:35','2022-03-22 19:26:07'),(2944,0,'en','plugins/ecommerce/shipping','statuses.delivering','Delivering','2022-03-22 19:25:35','2022-03-22 19:26:07'),(2945,0,'en','plugins/ecommerce/shipping','statuses.delivered','Delivered','2022-03-22 19:25:35','2022-03-22 19:26:07'),(2946,0,'en','plugins/ecommerce/shipping','statuses.not_delivered','Not delivered','2022-03-22 19:25:35','2022-03-22 19:26:07'),(2947,0,'en','plugins/ecommerce/shipping','statuses.audited','Audited','2022-03-22 19:25:35','2022-03-22 19:26:07'),(2948,0,'en','plugins/ecommerce/shipping','statuses.canceled','Canceled','2022-03-22 19:25:35','2022-03-22 19:26:07'),(2949,0,'en','plugins/ecommerce/shipping','cod_statuses.pending','Pending','2022-03-22 19:25:35','2022-03-22 19:26:07'),(2950,0,'en','plugins/ecommerce/shipping','cod_statuses.completed','Completed','2022-03-22 19:25:35','2022-03-22 19:26:07'),(2951,0,'en','plugins/ecommerce/shipping','delete','Delete','2022-03-22 19:25:35','2022-03-22 19:26:07'),(2952,0,'en','plugins/ecommerce/shipping','shipping_rules','Shipping Rules','2022-03-22 19:25:35','2022-03-22 19:26:07'),(2953,0,'en','plugins/ecommerce/shipping','shipping_rules_description','Rules to calculate shipping fee.','2022-03-22 19:25:35','2022-03-22 19:26:07'),(2954,0,'en','plugins/ecommerce/shipping','select_country','Select country','2022-03-22 19:25:35','2022-03-22 19:26:07'),(2955,0,'en','plugins/ecommerce/shipping','add_shipping_rule','Add shipping rule','2022-03-22 19:25:35','2022-03-22 19:26:07'),(2956,0,'en','plugins/ecommerce/shipping','delete_shipping_rate','Delete shipping rate for area','2022-03-22 19:25:35','2022-03-22 19:26:07'),(2957,0,'en','plugins/ecommerce/shipping','delete_shipping_rate_confirmation','Are you sure you want to delete <strong class=\"region-price-item-label\"></strong> from this shipping area?','2022-03-22 19:25:35','2022-03-22 19:26:07'),(2958,0,'en','plugins/ecommerce/shipping','delete_shipping_area','Delete shipping area','2022-03-22 19:25:35','2022-03-22 19:26:07'),(2959,0,'en','plugins/ecommerce/shipping','delete_shipping_area_confirmation','Are you sure you want to delete shipping area <strong class=\"region-item-label\"></strong>?','2022-03-22 19:25:35','2022-03-22 19:26:07'),(2960,0,'en','plugins/ecommerce/shipping','add_shipping_fee_for_area','Add shipping fee for area','2022-03-22 19:25:35','2022-03-22 19:26:07'),(2961,0,'en','plugins/ecommerce/shipping','confirm','Confirm','2022-03-22 19:25:35','2022-03-22 19:26:07'),(2962,0,'en','plugins/ecommerce/shipping','save','Save','2022-03-22 19:25:35','2022-03-22 19:26:07'),(2963,0,'en','plugins/ecommerce/shipping','greater_than','Greater than','2022-03-22 19:25:35','2022-03-22 19:26:07'),(2964,0,'en','plugins/ecommerce/shipping','type','Type','2022-03-22 19:25:35','2022-03-22 19:26:07'),(2965,0,'en','plugins/ecommerce/shipping','shipping_rule_name','Name of shipping rule','2022-03-22 19:25:35','2022-03-22 19:26:07'),(2966,0,'en','plugins/ecommerce/shipping','shipping_fee','Shipping fee','2022-03-22 19:25:35','2022-03-22 19:26:07'),(2967,0,'en','plugins/ecommerce/shipping','cancel','Cancel','2022-03-22 19:25:35','2022-03-22 19:26:07'),(2968,0,'en','plugins/ecommerce/shipping','base_on_weight','Based on product\'s weight (:unit)','2022-03-22 19:25:35','2022-03-22 19:26:07'),(2969,0,'en','plugins/ecommerce/shipping','base_on_price','Based on product\'s price','2022-03-22 19:25:35','2022-03-22 19:26:07'),(2970,0,'en','plugins/ecommerce/shipping','shipment_canceled','Shipment was canceled','2022-03-22 19:25:35','2022-03-22 19:26:07'),(2971,0,'en','plugins/ecommerce/shipping','at','At','2022-03-22 19:25:35','2022-03-22 19:26:07'),(2972,0,'en','plugins/ecommerce/shipping','cash_on_delivery','Cash on delivery (COD)','2022-03-22 19:25:35','2022-03-22 19:26:07'),(2973,0,'en','plugins/ecommerce/shipping','update_shipping_status','Update shipping status','2022-03-22 19:25:35','2022-03-22 19:26:07'),(2974,0,'en','plugins/ecommerce/shipping','update_cod_status','Update COD status','2022-03-22 19:25:35','2022-03-22 19:26:07'),(2975,0,'en','plugins/ecommerce/shipping','history','History','2022-03-22 19:25:36','2022-03-22 19:26:07'),(2976,0,'en','plugins/ecommerce/shipping','shipment_information','Shipment information','2022-03-22 19:25:36','2022-03-22 19:26:07'),(2977,0,'en','plugins/ecommerce/shipping','order_number','Order number','2022-03-22 19:25:36','2022-03-22 19:26:07'),(2978,0,'en','plugins/ecommerce/shipping','shipping_method','Shipping method','2022-03-22 19:25:36','2022-03-22 19:26:07'),(2979,0,'en','plugins/ecommerce/shipping','select_shipping_method','Select shipping method','2022-03-22 19:25:36','2022-03-22 19:26:07'),(2980,0,'en','plugins/ecommerce/shipping','cod_status','COD status','2022-03-22 19:25:36','2022-03-22 19:26:07'),(2981,0,'en','plugins/ecommerce/shipping','shipping_status','Shipping status','2022-03-22 19:25:36','2022-03-22 19:26:07'),(2982,0,'en','plugins/ecommerce/shipping','customer_information','Customer information','2022-03-22 19:25:36','2022-03-22 19:26:07'),(2983,0,'en','plugins/ecommerce/shipping','sku','SKU','2022-03-22 19:25:36','2022-03-22 19:26:07'),(2984,0,'en','plugins/ecommerce/shipping','change_status_confirm_title','Confirm <span class=\"shipment-status-label\"></span> ?','2022-03-22 19:25:36','2022-03-22 19:26:07'),(2985,0,'en','plugins/ecommerce/shipping','change_status_confirm_description','Are you sure you want to confirm <span class=\"shipment-status-label\"></span> for this shipment?','2022-03-22 19:25:36','2022-03-22 19:26:07'),(2986,0,'en','plugins/ecommerce/shipping','accept','Accept','2022-03-22 19:25:36','2022-03-22 19:26:07'),(2987,0,'en','plugins/ecommerce/shipping','weight_unit','Weight (:unit)','2022-03-22 19:25:36','2022-03-22 19:26:07'),(2988,0,'en','plugins/ecommerce/shipping','updated_at','Last Update','2022-03-22 19:25:36','2022-03-22 19:26:07'),(2989,0,'en','plugins/ecommerce/shipping','cod_amount','Cash on delivery amount (COD)','2022-03-22 19:25:36','2022-03-22 19:26:07'),(2990,0,'en','plugins/ecommerce/shipping','cancel_shipping','Cancel shipping','2022-03-22 19:25:36','2022-03-22 19:26:07'),(2991,0,'en','plugins/ecommerce/shipping','shipping_address','Shipping address','2022-03-22 19:25:36','2022-03-22 19:26:07'),(2992,0,'en','plugins/ecommerce/shipping','packages','Packages','2022-03-22 19:25:36','2022-03-22 19:26:07'),(2993,0,'en','plugins/ecommerce/shipping','edit','Edit','2022-03-22 19:25:36','2022-03-22 19:26:07'),(2994,0,'en','plugins/ecommerce/shipping','fee','Fee','2022-03-22 19:25:36','2022-03-22 19:26:07'),(2995,0,'en','plugins/ecommerce/shipping','note','Note','2022-03-22 19:25:36','2022-03-22 19:26:07'),(2996,0,'en','plugins/ecommerce/shipping','finish','Finish','2022-03-22 19:25:36','2022-03-22 19:26:07'),(2997,0,'en','plugins/ecommerce/shipping','shipping_fee_cod','Shipping fee/COD','2022-03-22 19:25:36','2022-03-22 19:26:07'),(2998,0,'en','plugins/ecommerce/shipping','send_confirmation_email_to_customer','Send confirmation email to customer','2022-03-22 19:25:36','2022-03-22 19:26:07'),(2999,0,'en','plugins/ecommerce/shipping','form_name','Name','2022-03-22 19:25:36','2022-03-22 19:26:07'),(3000,0,'en','plugins/ecommerce/shipping','changed_shipping_status','Changed status of shipping to : :status . Updated by: %user_name%','2022-03-22 19:25:36','2022-03-22 19:26:07'),(3001,0,'en','plugins/ecommerce/shipping','order_confirmed_by','Order confirmed by %user_name%','2022-03-22 19:25:36','2022-03-22 19:26:07'),(3002,0,'en','plugins/ecommerce/shipping','shipping_canceled_by','Shipping is cancelled by %user_name%','2022-03-22 19:25:36','2022-03-22 19:26:07'),(3003,0,'en','plugins/ecommerce/shipping','update_shipping_status_success','Update shipping status successfully!','2022-03-22 19:25:36','2022-03-22 19:26:07'),(3004,0,'en','plugins/ecommerce/shipping','update_cod_status_success','Updated COD status of shipping successfully!','2022-03-22 19:25:36','2022-03-22 19:26:07'),(3005,0,'en','plugins/ecommerce/shipping','updated_cod_status_by','Updated COD status to :status . Updated by: %user_name%','2022-03-22 19:25:36','2022-03-22 19:26:07'),(3006,0,'en','plugins/ecommerce/shipping','all','All','2022-03-22 19:25:36','2022-03-22 19:26:07'),(3007,0,'en','plugins/ecommerce/shipping','error_when_adding_new_region','There is an error when adding new region!','2022-03-22 19:25:36','2022-03-22 19:26:07'),(3008,0,'en','plugins/ecommerce/shipping','delivery','Delivery','2022-03-22 19:25:36','2022-03-22 19:26:07'),(3009,0,'en','plugins/ecommerce/shipping','adjustment_price_of','Adjustment price of :key','2022-03-22 19:25:36','2022-03-22 19:26:07'),(3010,0,'en','plugins/ecommerce/shipping','warehouse','Warehouse','2022-03-22 19:25:36','2022-03-22 19:26:07'),(3011,0,'en','plugins/ecommerce/shipping','delivery_note','Delivery note','2022-03-22 19:25:36','2022-03-22 19:26:07'),(3012,0,'en','plugins/ecommerce/shipping','shipments','Shipments','2022-03-22 19:25:36','2022-03-22 19:26:07'),(3013,0,'en','plugins/ecommerce/shipping','order_id','Order ID','2022-03-22 19:25:36','2022-03-22 19:26:07'),(3014,0,'en','plugins/ecommerce/shipping','not_available','Not available','2022-03-22 19:25:36','2022-03-22 19:26:07'),(3015,0,'en','plugins/ecommerce/shipping','shipping_amount','Shipping Amount','2022-03-22 19:25:36','2022-03-22 19:26:07'),(3016,0,'en','plugins/ecommerce/shipping','additional_shipment_information','Additional shipment information','2022-03-22 19:25:36','2022-03-22 19:26:07'),(3017,0,'en','plugins/ecommerce/shipping','shipping_company_name','Shipping Company Name','2022-03-22 19:25:36','2022-03-22 19:26:07'),(3018,0,'en','plugins/ecommerce/shipping','tracking_id','Tracking ID','2022-03-22 19:25:36','2022-03-22 19:26:07'),(3019,0,'en','plugins/ecommerce/shipping','tracking_link','Tracking Link','2022-03-22 19:25:36','2022-03-22 19:26:07'),(3020,0,'en','plugins/ecommerce/shipping','estimate_date_shipped','Estimate Date Shipped','2022-03-22 19:25:36','2022-03-22 19:26:07'),(3021,0,'en','plugins/ecommerce/shipping','date_shipped','Date Shipped','2022-03-22 19:25:36','2022-03-22 19:26:07'),(3022,0,'en','plugins/ecommerce/shipping','add_note','Add note...','2022-03-22 19:25:36','2022-03-22 19:26:07'),(3023,0,'en','plugins/ecommerce/shipping','view_order','View Order :order_id','2022-03-22 19:25:36','2022-03-22 19:26:07'),(3024,0,'en','plugins/ecommerce/store-locator','name','Store locators','2022-03-22 19:25:36','2022-03-22 19:26:07'),(3025,0,'en','plugins/ecommerce/store-locator','description','This address will appear on your invoice and will be used to calculate your shipping price.','2022-03-22 19:25:36','2022-03-22 19:26:07'),(3026,0,'en','plugins/ecommerce/store-locator','shop_name','Shop name','2022-03-22 19:25:36','2022-03-22 19:26:07'),(3027,0,'en','plugins/ecommerce/store-locator','phone','Phone','2022-03-22 19:25:36','2022-03-22 19:26:07'),(3028,0,'en','plugins/ecommerce/store-locator','email','Email','2022-03-22 19:25:36','2022-03-22 19:26:07'),(3029,0,'en','plugins/ecommerce/store-locator','state','State','2022-03-22 19:25:36','2022-03-22 19:26:07'),(3030,0,'en','plugins/ecommerce/store-locator','city','City','2022-03-22 19:25:36','2022-03-22 19:26:07'),(3031,0,'en','plugins/ecommerce/store-locator','country','Country','2022-03-22 19:25:36','2022-03-22 19:26:07'),(3032,0,'en','plugins/ecommerce/store-locator','address','Address','2022-03-22 19:25:36','2022-03-22 19:26:07'),(3033,0,'en','plugins/ecommerce/store-locator','primary_store_is','Primary store is','2022-03-22 19:25:36','2022-03-22 19:26:07'),(3034,0,'en','plugins/ecommerce/store-locator','store_name','Store name','2022-03-22 19:25:36','2022-03-22 19:26:07'),(3035,0,'en','plugins/ecommerce/store-locator','select_country','Select country...','2022-03-22 19:25:36','2022-03-22 19:26:07'),(3036,0,'en','plugins/ecommerce/store-locator','default_shipping_location','Default shipping location','2022-03-22 19:25:36','2022-03-22 19:26:07'),(3037,0,'en','plugins/ecommerce/store-locator','default_store','Default store','2022-03-22 19:25:36','2022-03-22 19:26:07'),(3038,0,'en','plugins/ecommerce/tax','name','Taxes','2022-03-22 19:25:36','2022-03-22 19:26:07'),(3039,0,'en','plugins/ecommerce/tax','create','Create a tax','2022-03-22 19:25:36','2022-03-22 19:26:07'),(3040,0,'en','plugins/ecommerce/tax','edit','Edit tax :title','2022-03-22 19:25:36','2022-03-22 19:26:07'),(3041,0,'en','plugins/ecommerce/tax','title','Title','2022-03-22 19:25:36','2022-03-22 19:26:07'),(3042,0,'en','plugins/ecommerce/tax','percentage','Percentage %','2022-03-22 19:25:36','2022-03-22 19:26:07'),(3043,0,'en','plugins/ecommerce/tax','priority','Priority','2022-03-22 19:25:36','2022-03-22 19:26:07'),(3044,0,'en','plugins/ecommerce/tax','select_tax','-- select --','2022-03-22 19:25:36','2022-03-22 19:26:07'),(3045,0,'vi','plugins/ecommerce/brands','name','Thương hiệu','2022-03-22 19:25:36','2022-03-22 19:26:06'),(3046,0,'vi','plugins/ecommerce/brands','create','Thêm thương hiệu mới','2022-03-22 19:25:36','2022-03-22 19:26:06'),(3047,0,'vi','plugins/ecommerce/brands','edit','Sửa thương hiệu','2022-03-22 19:25:36','2022-03-22 19:26:06'),(3048,0,'vi','plugins/ecommerce/brands','form.name','Tên','2022-03-22 19:25:36','2022-03-22 19:26:06'),(3049,0,'vi','plugins/ecommerce/brands','form.name_placeholder','Tên thương hiệu (tối đa 255 kí tự)','2022-03-22 19:25:36','2022-03-22 19:26:06'),(3050,0,'vi','plugins/ecommerce/brands','form.description','Mô tả','2022-03-22 19:25:36','2022-03-22 19:26:06'),(3051,0,'vi','plugins/ecommerce/brands','form.description_placeholder','Mô tả ngắn cho thương hiệu này (tối đa 400 kí tự)','2022-03-22 19:25:36','2022-03-22 19:26:06'),(3052,0,'vi','plugins/ecommerce/brands','form.website','Website','2022-03-22 19:25:36','2022-03-22 19:26:06'),(3053,0,'vi','plugins/ecommerce/brands','form.logo','Logo','2022-03-22 19:25:36','2022-03-22 19:26:06'),(3054,0,'vi','plugins/ecommerce/brands','form.is_featured','Nổi bật?','2022-03-22 19:25:36','2022-03-22 19:26:06'),(3055,0,'vi','plugins/ecommerce/brands','logo','Logo','2022-03-22 19:25:36','2022-03-22 19:26:06'),(3056,0,'vi','plugins/ecommerce/brands','website','Website','2022-03-22 19:25:36','2022-03-22 19:26:06'),(3057,0,'vi','plugins/ecommerce/brands','notices.no_select','Không có bản ghi nào được chọn!','2022-03-22 19:25:36','2022-03-22 19:26:06'),(3058,0,'vi','plugins/ecommerce/brands','notices.update_success_message','Cập nhật thành công','2022-03-22 19:25:36','2022-03-22 19:26:06'),(3059,0,'vi','plugins/ecommerce/brands','cannot_delete','Xoá không thành công','2022-03-22 19:25:36','2022-03-22 19:26:06'),(3060,0,'vi','plugins/ecommerce/brands','brand_deleted','Xoá thương hiệu thành công','2022-03-22 19:25:36','2022-03-22 19:26:06'),(3061,0,'vi','plugins/ecommerce/brands','menu','Thương hiệu','2022-03-22 19:25:36','2022-03-22 19:26:06'),(3062,0,'vi','plugins/ecommerce/brands','intro.title','Quản lý danh sách thương hiệu','2022-03-22 19:25:36','2022-03-22 19:26:06'),(3063,0,'vi','plugins/ecommerce/brands','intro.description','Các thương hiệu của sản phẩm như Nike, Adidas, Bitis ...','2022-03-22 19:25:36','2022-03-22 19:26:06'),(3064,0,'vi','plugins/ecommerce/brands','intro.button_text','Tạo thương hiệu','2022-03-22 19:25:36','2022-03-22 19:26:06'),(3065,0,'vi','plugins/ecommerce/brands','no_brand','Không có thương hiệu','2022-03-22 19:25:36','2022-03-22 19:26:06'),(3087,0,'vi','plugins/ecommerce/currency','currencies','Tiền tệ','2022-03-22 19:25:36','2022-03-22 19:26:06'),(3088,0,'vi','plugins/ecommerce/currency','setting_description','Các loại tiền tệ được sử dụng trên website.','2022-03-22 19:25:36','2022-03-22 19:26:06'),(3089,0,'vi','plugins/ecommerce/currency','name','Tên','2022-03-22 19:25:36','2022-03-22 19:26:06'),(3090,0,'vi','plugins/ecommerce/currency','symbol','Ký hiệu','2022-03-22 19:25:36','2022-03-22 19:26:06'),(3091,0,'vi','plugins/ecommerce/currency','number_of_decimals','Số thập phân','2022-03-22 19:25:36','2022-03-22 19:26:06'),(3092,0,'vi','plugins/ecommerce/currency','exchange_rate','Tỷ giá','2022-03-22 19:25:36','2022-03-22 19:26:06'),(3093,0,'vi','plugins/ecommerce/currency','is_prefix_symbol','Vị trí ký hiệu','2022-03-22 19:25:36','2022-03-22 19:26:06'),(3094,0,'vi','plugins/ecommerce/currency','is_default','Mặc định?','2022-03-22 19:25:36','2022-03-22 19:26:06'),(3095,0,'vi','plugins/ecommerce/currency','remove','Xoá','2022-03-22 19:25:36','2022-03-22 19:26:06'),(3096,0,'vi','plugins/ecommerce/currency','new_currency','Thêm tiền tệ mới','2022-03-22 19:25:36','2022-03-22 19:26:06'),(3097,0,'vi','plugins/ecommerce/currency','save_settings','Lưu cài đặt','2022-03-22 19:25:36','2022-03-22 19:26:06'),(3098,0,'vi','plugins/ecommerce/currency','before_number','Trước số','2022-03-22 19:25:36','2022-03-22 19:26:06'),(3099,0,'vi','plugins/ecommerce/currency','after_number','Sau số','2022-03-22 19:25:36','2022-03-22 19:26:06'),(3100,0,'vi','plugins/ecommerce/customer','name','Khách hàng','2022-03-22 19:25:36','2022-03-22 19:26:06'),(3101,0,'vi','plugins/ecommerce/customer','create','Create a customer','2022-03-22 19:25:36','2022-03-22 19:26:06'),(3102,0,'vi','plugins/ecommerce/customer','edit','Edit customer \":name\"','2022-03-22 19:25:36','2022-03-22 19:26:06'),(3103,0,'vi','plugins/ecommerce/customer','email','Email','2022-03-22 19:25:36','2022-03-22 19:26:06'),(3104,0,'vi','plugins/ecommerce/customer','email_placeholder','Ex: example@gmail.com','2022-03-22 19:25:36','2022-03-22 19:26:06'),(3105,0,'vi','plugins/ecommerce/customer','password','Password','2022-03-22 19:25:36','2022-03-22 19:26:06'),(3106,0,'vi','plugins/ecommerce/customer','change_password','Change password?','2022-03-22 19:25:36','2022-03-22 19:26:06'),(3107,0,'vi','plugins/ecommerce/customer','password_confirmation','Password confirmation','2022-03-22 19:25:36','2022-03-22 19:26:06'),(3108,0,'vi','plugins/ecommerce/customer','intro.title','Quản lý danh sách khách hàng','2022-03-22 19:25:36','2022-03-22 19:26:06'),(3109,0,'vi','plugins/ecommerce/customer','intro.description','Khi khách hàng đặt hàng, bạn sẽ biết được thông tin và lịch sử mua hàng của khách hàng.','2022-03-22 19:25:36','2022-03-22 19:26:06'),(3110,0,'vi','plugins/ecommerce/customer','intro.button_text','Tạo khách hàng','2022-03-22 19:25:36','2022-03-22 19:26:06'),(3111,0,'vi','plugins/ecommerce/discount','name','Khuyến mãi','2022-03-22 19:25:36','2022-03-22 19:26:06'),(3112,0,'vi','plugins/ecommerce/discount','invalid_coupon','Mã khuyến mãi không hợp lệ hoặc đã hết hạn!','2022-03-22 19:25:36','2022-03-22 19:26:06'),(3113,0,'vi','plugins/ecommerce/discount','cannot_use_same_time_with_other_discount_program','Mã khuyến mãi này không thể sử dụng chung với chương trình khuyến mãi!','2022-03-22 19:25:36','2022-03-22 19:26:06'),(3114,0,'vi','plugins/ecommerce/discount','not_used','Chưa sử dụng mã giảm giá này','2022-03-22 19:25:36','2022-03-22 19:26:06'),(3115,0,'vi','plugins/ecommerce/discount','detail','Detail','2022-03-22 19:25:36','2022-03-22 19:26:06'),(3116,0,'vi','plugins/ecommerce/discount','used','Used','2022-03-22 19:25:36','2022-03-22 19:26:06'),(3117,0,'vi','plugins/ecommerce/discount','start_date','Start date','2022-03-22 19:25:36','2022-03-22 19:26:06'),(3118,0,'vi','plugins/ecommerce/discount','end_date','End date','2022-03-22 19:25:36','2022-03-22 19:26:06'),(3119,0,'vi','plugins/ecommerce/discount','intro.title','Chương trình khuyến mãi','2022-03-22 19:25:36','2022-03-22 19:26:06'),(3120,0,'vi','plugins/ecommerce/discount','intro.description','Tạo ra các mã coupon, cài đặt một sản phẩm, hoặc một nhóm sản phẩm khuyến mãi dành cho các khách hàng thân thiết của bạn.','2022-03-22 19:25:36','2022-03-22 19:26:06'),(3121,0,'vi','plugins/ecommerce/discount','intro.button_text','Tạo khuyến mãi','2022-03-22 19:25:36','2022-03-22 19:26:06'),(3122,0,'vi','plugins/ecommerce/discount','create','Create discount','2022-03-22 19:25:36','2022-03-22 19:26:06'),(3123,0,'vi','plugins/ecommerce/discount','expired','Expired','2022-03-22 19:25:36','2022-03-22 19:26:06'),(3124,0,'vi','plugins/ecommerce/discount','discount_promotion','Discount promotion','2022-03-22 19:25:36','2022-03-22 19:26:06'),(3125,0,'vi','plugins/ecommerce/discount','can','can','2022-03-22 19:25:36','2022-03-22 19:26:06'),(3126,0,'vi','plugins/ecommerce/discount','cannot','cannot','2022-03-22 19:25:36','2022-03-22 19:26:06'),(3127,0,'vi','plugins/ecommerce/discount','use_with_promotion','be used with promotion','2022-03-22 19:25:36','2022-03-22 19:26:06'),(3128,0,'vi','plugins/ecommerce/discount','create_discount_validate_title_required_if','Please enter the name of the promotion','2022-03-22 19:25:36','2022-03-22 19:26:06'),(3129,0,'vi','plugins/ecommerce/discount','create_discount_validate_code_required_if','Please enter the promotion code','2022-03-22 19:25:36','2022-03-22 19:26:06'),(3130,0,'vi','plugins/ecommerce/discount','create_discount_validate_value_required','Amount must be greater than 0','2022-03-22 19:25:36','2022-03-22 19:26:06'),(3131,0,'vi','plugins/ecommerce/discount','create_discount_validate_target_required','No object selected for promotion','2022-03-22 19:25:36','2022-03-22 19:26:06'),(3132,0,'vi','plugins/ecommerce/discount','enums.type-options.amount','Amount - Fixed','2022-03-22 19:25:36','2022-03-22 19:26:06'),(3133,0,'vi','plugins/ecommerce/discount','enums.type-options.percentage','Discount %','2022-03-22 19:25:36','2022-03-22 19:26:06'),(3134,0,'vi','plugins/ecommerce/discount','enums.type-options.shipping','Free shipping','2022-03-22 19:25:36','2022-03-22 19:26:06'),(3135,0,'vi','plugins/ecommerce/discount','enums.type-options.same-price','Same price','2022-03-22 19:25:36','2022-03-22 19:26:06'),(3136,0,'vi','plugins/ecommerce/discount','discount','Discount','2022-03-22 19:25:36','2022-03-22 19:26:06'),(3137,0,'vi','plugins/ecommerce/discount','create_coupon_code','Tạo mã khuyến mãi','2022-03-22 19:25:36','2022-03-22 19:26:06'),(3138,0,'vi','plugins/ecommerce/discount','create_discount_promotion','Create discount promotion','2022-03-22 19:25:36','2022-03-22 19:26:06'),(3139,0,'vi','plugins/ecommerce/discount','generate_coupon_code','Generate coupon code','2022-03-22 19:25:36','2022-03-22 19:26:06'),(3140,0,'vi','plugins/ecommerce/discount','customers_will_enter_this_coupon_code_when_they_checkout','Customers will enter this coupon code when they checkout','2022-03-22 19:25:36','2022-03-22 19:26:06'),(3141,0,'vi','plugins/ecommerce/discount','select_type_of_discount','Select type of discount','2022-03-22 19:25:37','2022-03-22 19:26:06'),(3142,0,'vi','plugins/ecommerce/discount','coupon_code','Coupon code','2022-03-22 19:25:37','2022-03-22 19:26:06'),(3143,0,'vi','plugins/ecommerce/discount','promotion','Promotion','2022-03-22 19:25:37','2022-03-22 19:26:06'),(3144,0,'vi','plugins/ecommerce/discount','can_be_used_with_promotion','Can be used with promotion','2022-03-22 19:25:37','2022-03-22 19:26:06'),(3145,0,'vi','plugins/ecommerce/discount','unlimited_coupon','Unlimited coupon','2022-03-22 19:25:37','2022-03-22 19:26:06'),(3146,0,'vi','plugins/ecommerce/discount','enter_number','Enter number','2022-03-22 19:25:37','2022-03-22 19:26:06'),(3147,0,'vi','plugins/ecommerce/discount','coupon_type','Coupon type','2022-03-22 19:25:37','2022-03-22 19:26:06'),(3148,0,'vi','plugins/ecommerce/discount','percentage_discount','Percentage discount (%)','2022-03-22 19:25:37','2022-03-22 19:26:06'),(3149,0,'vi','plugins/ecommerce/discount','free_shipping','Free shipping','2022-03-22 19:25:37','2022-03-22 19:26:06'),(3150,0,'vi','plugins/ecommerce/discount','same_price','Same price','2022-03-22 19:25:37','2022-03-22 19:26:06'),(3151,0,'vi','plugins/ecommerce/discount','apply_for','apply for','2022-03-22 19:25:37','2022-03-22 19:26:06'),(3152,0,'vi','plugins/ecommerce/discount','all_orders','All orders','2022-03-22 19:25:37','2022-03-22 19:26:06'),(3153,0,'vi','plugins/ecommerce/discount','order_amount_from','Order amount from','2022-03-22 19:25:37','2022-03-22 19:26:06'),(3154,0,'vi','plugins/ecommerce/discount','product_collection','Product collection','2022-03-22 19:25:37','2022-03-22 19:26:06'),(3155,0,'vi','plugins/ecommerce/discount','product','Product','2022-03-22 19:25:37','2022-03-22 19:26:06'),(3156,0,'vi','plugins/ecommerce/discount','customer','Customer','2022-03-22 19:25:37','2022-03-22 19:26:06'),(3157,0,'vi','plugins/ecommerce/discount','variant','Variant','2022-03-22 19:25:37','2022-03-22 19:26:06'),(3158,0,'vi','plugins/ecommerce/discount','search_product','Search product','2022-03-22 19:25:37','2022-03-22 19:26:06'),(3159,0,'vi','plugins/ecommerce/discount','no_products_found','No products found!','2022-03-22 19:25:37','2022-03-22 19:26:06'),(3160,0,'vi','plugins/ecommerce/discount','search_customer','Search customer','2022-03-22 19:25:37','2022-03-22 19:26:06'),(3161,0,'vi','plugins/ecommerce/discount','no_customer_found','No customer found!','2022-03-22 19:25:37','2022-03-22 19:26:06'),(3162,0,'vi','plugins/ecommerce/discount','one_time_per_order','One time per order','2022-03-22 19:25:37','2022-03-22 19:26:06'),(3163,0,'vi','plugins/ecommerce/discount','one_time_per_product_in_cart','One time per product in cart','2022-03-22 19:25:37','2022-03-22 19:26:06'),(3164,0,'vi','plugins/ecommerce/discount','number_of_products','Number of products required to apply','2022-03-22 19:25:37','2022-03-22 19:26:06'),(3165,0,'vi','plugins/ecommerce/discount','selected_products','Selected products','2022-03-22 19:25:37','2022-03-22 19:26:06'),(3166,0,'vi','plugins/ecommerce/discount','selected_customers','Selected customers','2022-03-22 19:25:37','2022-03-22 19:26:06'),(3167,0,'vi','plugins/ecommerce/discount','time','Time','2022-03-22 19:25:37','2022-03-22 19:26:06'),(3168,0,'vi','plugins/ecommerce/discount','never_expired','Never expired','2022-03-22 19:25:37','2022-03-22 19:26:06'),(3169,0,'vi','plugins/ecommerce/discount','save','Save','2022-03-22 19:25:37','2022-03-22 19:26:06'),(3170,0,'vi','plugins/ecommerce/discount','enter_promotion_name','Enter promotion name','2022-03-22 19:25:37','2022-03-22 19:26:06'),(3171,0,'vi','plugins/ecommerce/discount','enter_coupon_name','Enter coupon name','2022-03-22 19:25:37','2022-03-22 19:26:06'),(3172,0,'vi','plugins/ecommerce/discount','cancel','Cancel','2022-03-22 19:25:37','2022-03-22 19:26:06'),(3173,0,'vi','plugins/ecommerce/discount','is','Is','2022-03-22 19:25:37','2022-03-22 19:26:06'),(3174,0,'vi','plugins/ecommerce/discount','when_shipping_fee_less_than','when shipping fee less than','2022-03-22 19:25:37','2022-03-22 19:26:06'),(3175,0,'vi','plugins/ecommerce/ecommerce','settings','Cài đặt','2022-03-22 19:25:37','2022-03-22 19:26:06'),(3176,0,'vi','plugins/ecommerce/ecommerce','name','Thương mại điện tử','2022-03-22 19:25:37','2022-03-22 19:26:06'),(3177,0,'vi','plugins/ecommerce/ecommerce','setting.email.title','E-commerce','2022-03-22 19:25:37','2022-03-22 19:26:06'),(3178,0,'vi','plugins/ecommerce/ecommerce','setting.email.description','Ecommerce email config','2022-03-22 19:25:37','2022-03-22 19:26:06'),(3179,0,'vi','plugins/ecommerce/ecommerce','setting.email.order_confirm_subject','Subject of order confirmation email','2022-03-22 19:25:37','2022-03-22 19:26:06'),(3180,0,'vi','plugins/ecommerce/ecommerce','setting.email.order_confirm_subject_placeholder','The subject of email confirmation send to the customer','2022-03-22 19:25:37','2022-03-22 19:26:06'),(3181,0,'vi','plugins/ecommerce/ecommerce','setting.email.order_confirm_content','Content of order confirmation email','2022-03-22 19:25:37','2022-03-22 19:26:06'),(3182,0,'vi','plugins/ecommerce/ecommerce','setting.email.order_status_change_subject','Subject of email when changing order\'s status','2022-03-22 19:25:37','2022-03-22 19:26:06'),(3183,0,'vi','plugins/ecommerce/ecommerce','setting.email.order_status_change_subject_placeholder','Subject of email when changing order\'s status send to customer','2022-03-22 19:25:37','2022-03-22 19:26:06'),(3184,0,'vi','plugins/ecommerce/ecommerce','setting.email.order_status_change_content','Content of email when changing order\'s status','2022-03-22 19:25:37','2022-03-22 19:26:06'),(3185,0,'vi','plugins/ecommerce/ecommerce','setting.email.from_email','Email from','2022-03-22 19:25:37','2022-03-22 19:26:06'),(3186,0,'vi','plugins/ecommerce/ecommerce','setting.email.from_email_placeholder','Email from address to display in mail. Ex: example@gmail.com','2022-03-22 19:25:37','2022-03-22 19:26:06'),(3187,0,'vi','plugins/ecommerce/ecommerce','store_address','Địa chỉ cửa hàng','2022-03-22 19:25:37','2022-03-22 19:26:06'),(3188,0,'vi','plugins/ecommerce/ecommerce','store_phone','Số điện thoại cửa hàng','2022-03-22 19:25:37','2022-03-22 19:26:06'),(3189,0,'vi','plugins/ecommerce/ecommerce','order_id','Mã đơn hàng','2022-03-22 19:25:37','2022-03-22 19:26:06'),(3190,0,'vi','plugins/ecommerce/ecommerce','order_token','Chuỗi mã hoá đơn hàng','2022-03-22 19:25:37','2022-03-22 19:26:06'),(3191,0,'vi','plugins/ecommerce/ecommerce','customer_name','Tên khách hàng','2022-03-22 19:25:37','2022-03-22 19:26:06'),(3192,0,'vi','plugins/ecommerce/ecommerce','customer_email','Email khách hàng','2022-03-22 19:25:37','2022-03-22 19:26:06'),(3193,0,'vi','plugins/ecommerce/ecommerce','customer_phone','Số điện thoại khách hàng','2022-03-22 19:25:37','2022-03-22 19:26:06'),(3194,0,'vi','plugins/ecommerce/ecommerce','customer_address','Địa chỉ khách hàng','2022-03-22 19:25:37','2022-03-22 19:26:06'),(3195,0,'vi','plugins/ecommerce/ecommerce','product_list','Danh sách sản phẩm trong đơn hàng','2022-03-22 19:25:37','2022-03-22 19:26:06'),(3196,0,'vi','plugins/ecommerce/ecommerce','payment_detail','Chi tiết thanh toán','2022-03-22 19:25:37','2022-03-22 19:26:06'),(3197,0,'vi','plugins/ecommerce/ecommerce','shipping_method','Phương thức vận chuyển','2022-03-22 19:25:37','2022-03-22 19:26:06'),(3198,0,'vi','plugins/ecommerce/ecommerce','payment_method','Phương thức thanh toán','2022-03-22 19:25:37','2022-03-22 19:26:06'),(3199,0,'vi','plugins/ecommerce/ecommerce','standard_and_format','Tiêu chuẩn & Định dạng','2022-03-22 19:25:37','2022-03-22 19:26:06'),(3200,0,'vi','plugins/ecommerce/ecommerce','standard_and_format_description','Các tiêu chuẩn và các định dạng được sử dụng để tính toán những thứ như giá cả sản phẩm, trọng lượng vận chuyển và thời gian đơn hàng được đặt.','2022-03-22 19:25:37','2022-03-22 19:26:06'),(3201,0,'vi','plugins/ecommerce/ecommerce','change_order_format','Chỉnh sửa định dạng mã đơn hàng (tùy chọn)','2022-03-22 19:25:37','2022-03-22 19:26:06'),(3202,0,'vi','plugins/ecommerce/ecommerce','change_order_format_description','Mã đơn hàng mặc định bắt đầu từ :number. Bạn có thể thay đổi chuỗi bắt đầu hoặc kết thúc để tạo mã đơn hàng theo ý bạn, ví dụ \"DH-:number\" hoặc \":number-A\"','2022-03-22 19:25:37','2022-03-22 19:26:06'),(3203,0,'vi','plugins/ecommerce/ecommerce','start_with','Bắt đầu bằng','2022-03-22 19:25:37','2022-03-22 19:26:06'),(3204,0,'vi','plugins/ecommerce/ecommerce','end_with','Kết thúc bằng','2022-03-22 19:25:37','2022-03-22 19:26:06'),(3205,0,'vi','plugins/ecommerce/ecommerce','order_will_be_shown','Mã đơn hàng của bạn sẽ hiển thị theo mẫu','2022-03-22 19:25:37','2022-03-22 19:26:06'),(3206,0,'vi','plugins/ecommerce/ecommerce','weight_unit','Đơn vị cân nặng','2022-03-22 19:25:37','2022-03-22 19:26:06'),(3207,0,'vi','plugins/ecommerce/ecommerce','height_unit','Đơn vị chiều dài/chiều cao','2022-03-22 19:25:37','2022-03-22 19:26:06'),(3208,0,'vi','plugins/ecommerce/email','customer_new_order_title','Xác nhận đơn hàng','2022-03-22 19:25:37','2022-03-22 19:26:06'),(3209,0,'vi','plugins/ecommerce/email','customer_new_order_description','Được gửi khi khách hàng tạo đơn hàng','2022-03-22 19:25:37','2022-03-22 19:26:06'),(3210,0,'vi','plugins/ecommerce/email','order_cancellation_title','Hủy đơn hàng','2022-03-22 19:25:37','2022-03-22 19:26:06'),(3211,0,'vi','plugins/ecommerce/email','order_cancellation_description','Được gửi khi khách hàng hủy đơn hàng','2022-03-22 19:25:37','2022-03-22 19:26:06'),(3212,0,'vi','plugins/ecommerce/email','delivery_confirmation_title','Xác nhận giao hàng','2022-03-22 19:25:37','2022-03-22 19:26:06'),(3213,0,'vi','plugins/ecommerce/email','delivery_confirmation_description','Được gửi đến khách hàng khi bắt đầu giao hàng','2022-03-22 19:25:37','2022-03-22 19:26:06'),(3214,0,'vi','plugins/ecommerce/email','admin_new_order_title','Thông báo có đơn hàng mới','2022-03-22 19:25:37','2022-03-22 19:26:06'),(3215,0,'vi','plugins/ecommerce/email','admin_new_order_description','Được gửi cho quản trị viên khi có khách mua hàng','2022-03-22 19:25:37','2022-03-22 19:26:06'),(3216,0,'vi','plugins/ecommerce/email','order_confirmation_title','Xác nhận đơn hàng','2022-03-22 19:25:37','2022-03-22 19:26:06'),(3217,0,'vi','plugins/ecommerce/email','order_confirmation_description','Email được gửi đến khách hàng khi đơn hàng xác nhận','2022-03-22 19:25:37','2022-03-22 19:26:06'),(3218,0,'vi','plugins/ecommerce/email','payment_confirmation_title','Xác nhận thanh toán','2022-03-22 19:25:37','2022-03-22 19:26:06'),(3219,0,'vi','plugins/ecommerce/email','payment_confirmation_description','Email được gửi đến khách hàng khi đơn hàng xác nhận thanh toán','2022-03-22 19:25:37','2022-03-22 19:26:06'),(3220,0,'vi','plugins/ecommerce/email','order_recover_title','Đơn hàng đang chờ hoàn tất','2022-03-22 19:25:37','2022-03-22 19:26:06'),(3221,0,'vi','plugins/ecommerce/email','order_recover_description','Email nhắc nhở khách hàng hoàn tất đơn hàng','2022-03-22 19:25:37','2022-03-22 19:26:06'),(3222,0,'vi','plugins/ecommerce/email','link_go_to_our_shop','hoặc <a href=\":link\">Truy cập website</a>','2022-03-22 19:25:37','2022-03-22 19:26:06'),(3223,0,'vi','plugins/ecommerce/email','order_information','Thông tin đơn hàng','2022-03-22 19:25:37','2022-03-22 19:26:06'),(3224,0,'vi','plugins/ecommerce/email','order_number','Mã đơn hàng: <strong>:order_id</strong>','2022-03-22 19:25:37','2022-03-22 19:26:06'),(3225,0,'vi','plugins/ecommerce/email','view_order','Xem đơn hàng','2022-03-22 19:25:37','2022-03-22 19:26:06'),(3226,0,'vi','plugins/ecommerce/order','statuses.pending','Chưa xử lý','2022-03-22 19:25:37','2022-03-22 19:26:06'),(3227,0,'vi','plugins/ecommerce/order','statuses.processing','Đang xử lý','2022-03-22 19:25:37','2022-03-22 19:26:06'),(3228,0,'vi','plugins/ecommerce/order','statuses.completed','Hoàn thành','2022-03-22 19:25:37','2022-03-22 19:26:06'),(3229,0,'vi','plugins/ecommerce/order','statuses.canceled','Bị huỷ','2022-03-22 19:25:37','2022-03-22 19:26:06'),(3230,0,'vi','plugins/ecommerce/order','name','Đơn hàng','2022-03-22 19:25:37','2022-03-22 19:26:06'),(3231,0,'vi','plugins/ecommerce/order','incomplete_order','Đơn hàng chưa hoàn tất','2022-03-22 19:25:37','2022-03-22 19:26:06'),(3232,0,'vi','plugins/ecommerce/order','order_id','Mã đơn hàng','2022-03-22 19:25:37','2022-03-22 19:26:06'),(3233,0,'vi','plugins/ecommerce/order','customer_label','Khách hàng','2022-03-22 19:25:37','2022-03-22 19:26:06'),(3234,0,'vi','plugins/ecommerce/order','amount','Tổng cộng','2022-03-22 19:25:37','2022-03-22 19:26:06'),(3235,0,'vi','plugins/ecommerce/order','shipping_amount','Phí vận chuyển','2022-03-22 19:25:37','2022-03-22 19:26:06'),(3236,0,'vi','plugins/ecommerce/order','payment_method','Phương thức thanh toán','2022-03-22 19:25:37','2022-03-22 19:26:06'),(3237,0,'vi','plugins/ecommerce/order','payment_status_label','Trạng thái thanh toán','2022-03-22 19:25:37','2022-03-22 19:26:06'),(3238,0,'vi','plugins/ecommerce/order','manage_orders','Quản lý đơn hàng','2022-03-22 19:25:37','2022-03-22 19:26:06'),(3239,0,'vi','plugins/ecommerce/order','order_intro_description','Một khi cửa hàng của bạn có đơn đặt hàng, đây sẽ là nơi bạn xử lý và theo dõi những đơn đặt hàng đó.','2022-03-22 19:25:37','2022-03-22 19:26:06'),(3240,0,'vi','plugins/ecommerce/order','create_new_order','Tạo đơn hàng','2022-03-22 19:25:37','2022-03-22 19:26:06'),(3241,0,'vi','plugins/ecommerce/order','manage_incomplete_orders','Quản lý đơn hàng chưa hoàn tất','2022-03-22 19:25:37','2022-03-22 19:26:06'),(3242,0,'vi','plugins/ecommerce/order','incomplete_orders_intro_description','Đơn hàng chưa hoàn tất là đơn hàng được tạo khi khách hàng thêm sản phẩm vào giỏ hàng, tiến hành điền thông tin mua hàng nhưng không hoàn tất quá trình thanh toán.','2022-03-22 19:25:37','2022-03-22 19:26:06'),(3243,0,'vi','plugins/ecommerce/order','cannot_send_order_recover_to_mail','Không tìm thấy email nên không thể gửi email khôi phục cho khách hàng.','2022-03-22 19:25:37','2022-03-22 19:26:06'),(3244,0,'vi','plugins/ecommerce/order','menu','Đơn hàng','2022-03-22 19:25:37','2022-03-22 19:26:06'),(3245,0,'vi','plugins/ecommerce/order','order_information','Thông tin đơn hàng','2022-03-22 19:25:37','2022-03-22 19:26:06'),(3246,0,'vi','plugins/ecommerce/order','create','Create an order','2022-03-22 19:25:37','2022-03-22 19:26:06'),(3247,0,'vi','plugins/ecommerce/order','cancel_error','The order is delivering or completed','2022-03-22 19:25:37','2022-03-22 19:26:06'),(3248,0,'vi','plugins/ecommerce/order','cancel_success','You do cancel the order successful','2022-03-22 19:25:37','2022-03-22 19:26:06'),(3249,0,'vi','plugins/ecommerce/order','product_id','Product ID','2022-03-22 19:25:37','2022-03-22 19:26:06'),(3250,0,'vi','plugins/ecommerce/order','tax_amount','Tax Amount','2022-03-22 19:25:37','2022-03-22 19:26:06'),(3251,0,'vi','plugins/ecommerce/order','invoice_for_order','Invoice for order','2022-03-22 19:25:37','2022-03-22 19:26:06'),(3252,0,'vi','plugins/ecommerce/order','created','Created','2022-03-22 19:25:37','2022-03-22 19:26:06'),(3253,0,'vi','plugins/ecommerce/order','invoice','Invoice','2022-03-22 19:25:37','2022-03-22 19:26:06'),(3254,0,'vi','plugins/ecommerce/order','return','Return','2022-03-22 19:25:37','2022-03-22 19:26:06'),(3255,0,'vi','plugins/ecommerce/order','total_refund_amount','Total refund amount','2022-03-22 19:25:37','2022-03-22 19:26:06'),(3256,0,'vi','plugins/ecommerce/order','total_amount_can_be_refunded','Total amount can be refunded','2022-03-22 19:25:37','2022-03-22 19:26:06'),(3257,0,'vi','plugins/ecommerce/order','refund_reason','Refund reason (optional)','2022-03-22 19:25:37','2022-03-22 19:26:06'),(3258,0,'vi','plugins/ecommerce/order','products','product(s)','2022-03-22 19:25:37','2022-03-22 19:26:06'),(3259,0,'vi','plugins/ecommerce/order','default','Default','2022-03-22 19:25:37','2022-03-22 19:26:06'),(3260,0,'vi','plugins/ecommerce/order','system','System','2022-03-22 19:25:37','2022-03-22 19:26:06'),(3261,0,'vi','plugins/ecommerce/order','new_order_from','New order :order_id from :customer','2022-03-22 19:25:37','2022-03-22 19:26:06'),(3262,0,'vi','plugins/ecommerce/order','confirmation_email_was_sent_to_customer','The email confirmation was sent to customer','2022-03-22 19:25:37','2022-03-22 19:26:06'),(3263,0,'vi','plugins/ecommerce/order','address_name_required','The name field is required.','2022-03-22 19:25:37','2022-03-22 19:26:06'),(3264,0,'vi','plugins/ecommerce/order','address_phone_required','The phone field is required.','2022-03-22 19:25:37','2022-03-22 19:26:06'),(3265,0,'vi','plugins/ecommerce/order','address_email_required','The email field is required.','2022-03-22 19:25:37','2022-03-22 19:26:06'),(3266,0,'vi','plugins/ecommerce/order','address_email_unique','The customer with that email is existed, please choose other email or login with this email!','2022-03-22 19:25:37','2022-03-22 19:26:06'),(3267,0,'vi','plugins/ecommerce/order','address_state_required','The state field is required.','2022-03-22 19:25:37','2022-03-22 19:26:06'),(3268,0,'vi','plugins/ecommerce/order','address_city_required','The city field is required.','2022-03-22 19:25:37','2022-03-22 19:26:06'),(3269,0,'vi','plugins/ecommerce/order','address_country_required','The country field is required.','2022-03-22 19:25:37','2022-03-22 19:26:06'),(3270,0,'vi','plugins/ecommerce/order','address_address_required','The address field is required.','2022-03-22 19:25:37','2022-03-22 19:26:06'),(3271,0,'vi','plugins/ecommerce/order','create_order_from_payment_page','Order was created from checkout page','2022-03-22 19:25:37','2022-03-22 19:26:06'),(3272,0,'vi','plugins/ecommerce/order','order_was_verified_by','Order was verified by %user_name%','2022-03-22 19:25:37','2022-03-22 19:26:06'),(3273,0,'vi','plugins/ecommerce/order','new_order','New order :order_id','2022-03-22 19:25:37','2022-03-22 19:26:06'),(3274,0,'vi','plugins/ecommerce/order','payment_was_confirmed_by','Payment was confirmed (amount :money) by %user_name%','2022-03-22 19:25:37','2022-03-22 19:26:06'),(3275,0,'vi','plugins/ecommerce/order','edit_order','Edit order :code','2022-03-22 19:25:37','2022-03-22 19:26:06'),(3276,0,'vi','plugins/ecommerce/order','confirm_order_success','Confirm order successfully!','2022-03-22 19:25:37','2022-03-22 19:26:06'),(3277,0,'vi','plugins/ecommerce/order','error_when_sending_email','There is an error when sending email','2022-03-22 19:25:37','2022-03-22 19:26:06'),(3278,0,'vi','plugins/ecommerce/order','sent_confirmation_email_success','Sent confirmation email successfully!','2022-03-22 19:25:37','2022-03-22 19:26:06'),(3279,0,'vi','plugins/ecommerce/order','order_was_sent_to_shipping_team','Order was sent to shipping team','2022-03-22 19:25:37','2022-03-22 19:26:06'),(3280,0,'vi','plugins/ecommerce/order','by_username','by %user_name%','2022-03-22 19:25:37','2022-03-22 19:26:06'),(3281,0,'vi','plugins/ecommerce/order','shipping_was_created_from','Shipping was created from order %order_id%','2022-03-22 19:25:37','2022-03-22 19:26:06'),(3282,0,'vi','plugins/ecommerce/order','shipping_was_canceled_success','Shipping was cancelled successfully!','2022-03-22 19:25:37','2022-03-22 19:26:06'),(3283,0,'vi','plugins/ecommerce/order','shipping_was_canceled_by','Shipping was cancelled by %user_name%','2022-03-22 19:25:37','2022-03-22 19:26:06'),(3284,0,'vi','plugins/ecommerce/order','update_shipping_address_success','Update shipping address successfully!','2022-03-22 19:25:37','2022-03-22 19:26:06'),(3285,0,'vi','plugins/ecommerce/order','order_was_canceled_by','Order was cancelled by %user_name%','2022-03-22 19:25:37','2022-03-22 19:26:06'),(3286,0,'vi','plugins/ecommerce/order','confirm_payment_success','Confirm payment successfully!','2022-03-22 19:25:37','2022-03-22 19:26:06'),(3287,0,'vi','plugins/ecommerce/order','refund_amount_invalid','Refund amount must be lower or equal :price','2022-03-22 19:25:37','2022-03-22 19:26:06'),(3288,0,'vi','plugins/ecommerce/order','number_of_products_invalid','Number of products refund is not valid!','2022-03-22 19:25:37','2022-03-22 19:26:06'),(3289,0,'vi','plugins/ecommerce/order','cannot_found_payment_for_this_order','Cannot found payment for this order!','2022-03-22 19:25:37','2022-03-22 19:26:06'),(3290,0,'vi','plugins/ecommerce/order','refund_success_with_price','Refund success :price','2022-03-22 19:25:37','2022-03-22 19:26:06'),(3291,0,'vi','plugins/ecommerce/order','refund_success','Refund successfully!','2022-03-22 19:25:37','2022-03-22 19:26:06'),(3292,0,'vi','plugins/ecommerce/order','order_is_not_existed','Order is not existed!','2022-03-22 19:25:37','2022-03-22 19:26:06'),(3293,0,'vi','plugins/ecommerce/order','reorder','Reorder','2022-03-22 19:25:37','2022-03-22 19:26:06'),(3294,0,'vi','plugins/ecommerce/order','sent_email_incomplete_order_success','Sent email to remind about incomplete order successfully!','2022-03-22 19:25:37','2022-03-22 19:26:06'),(3295,0,'vi','plugins/ecommerce/order','applied_coupon_success','Applied coupon \":code\" successfully!','2022-03-22 19:25:37','2022-03-22 19:26:06'),(3296,0,'vi','plugins/ecommerce/order','new_order_notice','You have <span class=\"bold\">:count</span> New Order(s)','2022-03-22 19:25:37','2022-03-22 19:26:06'),(3297,0,'vi','plugins/ecommerce/order','view_all','View all','2022-03-22 19:25:37','2022-03-22 19:26:06'),(3298,0,'vi','plugins/ecommerce/order','cancel_order','Cancel order','2022-03-22 19:25:37','2022-03-22 19:26:06'),(3299,0,'vi','plugins/ecommerce/order','order_canceled','Order canceled','2022-03-22 19:25:37','2022-03-22 19:26:06'),(3300,0,'vi','plugins/ecommerce/order','order_was_canceled_at','Order was canceled at','2022-03-22 19:25:37','2022-03-22 19:26:06'),(3301,0,'vi','plugins/ecommerce/order','completed','Completed','2022-03-22 19:25:37','2022-03-22 19:26:06'),(3302,0,'vi','plugins/ecommerce/order','uncompleted','Uncompleted','2022-03-22 19:25:37','2022-03-22 19:26:06'),(3303,0,'vi','plugins/ecommerce/order','sku','SKU','2022-03-22 19:25:37','2022-03-22 19:26:06'),(3304,0,'vi','plugins/ecommerce/order','warehouse','Warehouse','2022-03-22 19:25:37','2022-03-22 19:26:06'),(3305,0,'vi','plugins/ecommerce/order','sub_amount','Sub amount','2022-03-22 19:25:37','2022-03-22 19:26:06'),(3306,0,'vi','plugins/ecommerce/order','coupon_code','Coupon code: \":code\"','2022-03-22 19:25:37','2022-03-22 19:26:06'),(3307,0,'vi','plugins/ecommerce/order','shipping_fee','Shipping fee','2022-03-22 19:25:37','2022-03-22 19:26:06'),(3308,0,'vi','plugins/ecommerce/order','tax','Tax','2022-03-22 19:25:37','2022-03-22 19:26:06'),(3309,0,'vi','plugins/ecommerce/order','refunded_amount','Refunded amount','2022-03-22 19:25:37','2022-03-22 19:26:06'),(3310,0,'vi','plugins/ecommerce/order','amount_received','The amount actually received','2022-03-22 19:25:37','2022-03-22 19:26:06'),(3311,0,'vi','plugins/ecommerce/order','download_invoice','Download invoice','2022-03-22 19:25:37','2022-03-22 19:26:06'),(3312,0,'vi','plugins/ecommerce/order','add_note','Add note...','2022-03-22 19:25:37','2022-03-22 19:26:06'),(3313,0,'vi','plugins/ecommerce/order','order_was_confirmed','Order was confirmed','2022-03-22 19:25:37','2022-03-22 19:26:06'),(3314,0,'vi','plugins/ecommerce/order','confirm_order','Confirm order','2022-03-22 19:25:37','2022-03-22 19:26:06'),(3315,0,'vi','plugins/ecommerce/order','confirm','Confirm','2022-03-22 19:25:37','2022-03-22 19:26:06'),(3316,0,'vi','plugins/ecommerce/order','order_was_canceled','Order was canceled','2022-03-22 19:25:37','2022-03-22 19:26:06'),(3317,0,'vi','plugins/ecommerce/order','pending_payment','Pending payment','2022-03-22 19:25:37','2022-03-22 19:26:06'),(3318,0,'vi','plugins/ecommerce/order','payment_was_accepted','Payment :money was accepted','2022-03-22 19:25:37','2022-03-22 19:26:06'),(3319,0,'vi','plugins/ecommerce/order','payment_was_refunded','Payment was refunded','2022-03-22 19:25:37','2022-03-22 19:26:06'),(3320,0,'vi','plugins/ecommerce/order','confirm_payment','Confirm payment','2022-03-22 19:25:37','2022-03-22 19:26:06'),(3321,0,'vi','plugins/ecommerce/order','refund','Refund','2022-03-22 19:25:37','2022-03-22 19:26:06'),(3322,0,'vi','plugins/ecommerce/order','all_products_are_not_delivered','All products are not delivered','2022-03-22 19:25:37','2022-03-22 19:26:06'),(3323,0,'vi','plugins/ecommerce/order','delivery','Delivery','2022-03-22 19:25:37','2022-03-22 19:26:06'),(3324,0,'vi','plugins/ecommerce/order','history','History','2022-03-22 19:25:37','2022-03-22 19:26:06'),(3325,0,'vi','plugins/ecommerce/order','order_number','Order number','2022-03-22 19:25:37','2022-03-22 19:26:06'),(3326,0,'vi','plugins/ecommerce/order','from','from','2022-03-22 19:25:37','2022-03-22 19:26:06'),(3327,0,'vi','plugins/ecommerce/order','status','Status','2022-03-22 19:25:37','2022-03-22 19:26:06'),(3328,0,'vi','plugins/ecommerce/order','successfully','Successfully','2022-03-22 19:25:37','2022-03-22 19:26:06'),(3329,0,'vi','plugins/ecommerce/order','transaction_type','Transaction\'s type','2022-03-22 19:25:37','2022-03-22 19:26:06'),(3330,0,'vi','plugins/ecommerce/order','staff','Staff','2022-03-22 19:25:37','2022-03-22 19:26:06'),(3331,0,'vi','plugins/ecommerce/order','refund_date','Refund date','2022-03-22 19:25:37','2022-03-22 19:26:06'),(3332,0,'vi','plugins/ecommerce/order','n_a','N\\A','2022-03-22 19:25:37','2022-03-22 19:26:06'),(3333,0,'vi','plugins/ecommerce/order','payment_date','Payment date','2022-03-22 19:25:38','2022-03-22 19:26:06'),(3334,0,'vi','plugins/ecommerce/order','payment_gateway','Payment gateway','2022-03-22 19:25:38','2022-03-22 19:26:06'),(3335,0,'vi','plugins/ecommerce/order','transaction_amount','Transaction amount','2022-03-22 19:25:38','2022-03-22 19:26:06'),(3336,0,'vi','plugins/ecommerce/order','resend','Resend','2022-03-22 19:25:38','2022-03-22 19:26:06'),(3337,0,'vi','plugins/ecommerce/order','default_store','Default store','2022-03-22 19:25:38','2022-03-22 19:26:06'),(3338,0,'vi','plugins/ecommerce/order','update_address','Update address','2022-03-22 19:25:38','2022-03-22 19:26:06'),(3339,0,'vi','plugins/ecommerce/order','have_an_account_already','Have an account already','2022-03-22 19:25:38','2022-03-22 19:26:06'),(3340,0,'vi','plugins/ecommerce/order','dont_have_an_account_yet','Don\'t have an account yet','2022-03-22 19:25:38','2022-03-22 19:26:06'),(3341,0,'vi','plugins/ecommerce/order','mark_payment_as_confirmed','Mark <span>:method</span> as confirmed','2022-03-22 19:25:38','2022-03-22 19:26:06'),(3342,0,'vi','plugins/ecommerce/order','resend_order_confirmation','Resend order confirmation','2022-03-22 19:25:38','2022-03-22 19:26:06'),(3343,0,'vi','plugins/ecommerce/order','resend_order_confirmation_description','Confirmation email will be sent to <strong>:email</strong>?','2022-03-22 19:25:38','2022-03-22 19:26:06'),(3344,0,'vi','plugins/ecommerce/order','send','Send','2022-03-22 19:25:38','2022-03-22 19:26:06'),(3345,0,'vi','plugins/ecommerce/order','update','Update','2022-03-22 19:25:38','2022-03-22 19:26:06'),(3346,0,'vi','plugins/ecommerce/order','cancel_shipping_confirmation','Cancel shipping confirmation?','2022-03-22 19:25:38','2022-03-22 19:26:06'),(3347,0,'vi','plugins/ecommerce/order','cancel_shipping_confirmation_description','Cancel shipping confirmation?','2022-03-22 19:25:38','2022-03-22 19:26:06'),(3348,0,'vi','plugins/ecommerce/order','cancel_order_confirmation','Cancel order confirmation?','2022-03-22 19:25:38','2022-03-22 19:26:06'),(3349,0,'vi','plugins/ecommerce/order','cancel_order_confirmation_description','Are you sure you want to cancel this order? This action cannot rollback','2022-03-22 19:25:38','2022-03-22 19:26:06'),(3350,0,'vi','plugins/ecommerce/order','confirm_payment_confirmation_description','Processed by <strong>:method</strong>. Did you receive payment outside the system? This payment won\'t be saved into system and cannot be refunded','2022-03-22 19:25:38','2022-03-22 19:26:06'),(3351,0,'vi','plugins/ecommerce/order','save_note','Save note','2022-03-22 19:25:38','2022-03-22 19:26:06'),(3352,0,'vi','plugins/ecommerce/order','order_note','Order note','2022-03-22 19:25:38','2022-03-22 19:26:06'),(3353,0,'vi','plugins/ecommerce/order','order_note_placeholder','Note about order, ex: time or shipping instruction.','2022-03-22 19:25:38','2022-03-22 19:26:06'),(3354,0,'vi','plugins/ecommerce/order','order_amount','Order amount','2022-03-22 19:25:38','2022-03-22 19:26:06'),(3355,0,'vi','plugins/ecommerce/order','additional_information','Additional information','2022-03-22 19:25:38','2022-03-22 19:26:06'),(3356,0,'vi','plugins/ecommerce/order','notice_about_incomplete_order','Notice about incomplete order','2022-03-22 19:25:38','2022-03-22 19:26:06'),(3357,0,'vi','plugins/ecommerce/order','notice_about_incomplete_order_description','Remind email about uncompleted order will be send to <strong>:email</strong>?','2022-03-22 19:25:38','2022-03-22 19:26:06'),(3358,0,'vi','plugins/ecommerce/order','incomplete_order_description_1','An incomplete order is when a potential customer places items in their shopping cart, and goes all the way through to the payment page, but then doesn\'t complete the transaction.','2022-03-22 19:25:38','2022-03-22 19:26:06'),(3359,0,'vi','plugins/ecommerce/order','incomplete_order_description_2','If you have contacted customers and they want to continue buying, you can help them complete their order by following the link:','2022-03-22 19:25:38','2022-03-22 19:26:06'),(3360,0,'vi','plugins/ecommerce/order','send_an_email_to_recover_this_order','Send an email to customer to recover this order','2022-03-22 19:25:38','2022-03-22 19:26:06'),(3361,0,'vi','plugins/ecommerce/order','see_maps','See maps','2022-03-22 19:25:38','2022-03-22 19:26:06'),(3362,0,'vi','plugins/ecommerce/order','one_or_more_products_dont_have_enough_quantity','One or more products don\'t have enough quantity!','2022-03-22 19:25:38','2022-03-22 19:26:06'),(3363,0,'vi','plugins/ecommerce/order','payment_info','Payment Info','2022-03-22 19:25:38','2022-03-22 19:26:06'),(3364,0,'vi','plugins/ecommerce/order','payment_method_refund_automatic','Your customer will be refunded using :method automatically.','2022-03-22 19:25:38','2022-03-22 19:26:06'),(3365,0,'vi','plugins/ecommerce/order','order','Order','2022-03-22 19:25:38','2022-03-22 19:26:06'),(3366,0,'vi','plugins/ecommerce/order','create_a_new_product','Create a new product','2022-03-22 19:25:38','2022-03-22 19:26:06'),(3367,0,'vi','plugins/ecommerce/order','out_of_stock','Out of stock','2022-03-22 19:25:38','2022-03-22 19:26:06'),(3368,0,'vi','plugins/ecommerce/order','products_available','product(s) available','2022-03-22 19:25:38','2022-03-22 19:26:06'),(3369,0,'vi','plugins/ecommerce/order','no_products_found','No products found!','2022-03-22 19:25:38','2022-03-22 19:26:06'),(3370,0,'vi','plugins/ecommerce/order','note','Note','2022-03-22 19:25:38','2022-03-22 19:26:06'),(3371,0,'vi','plugins/ecommerce/order','note_for_order','Note for order...','2022-03-22 19:25:38','2022-03-22 19:26:06'),(3372,0,'vi','plugins/ecommerce/order','add_discount','Add discount','2022-03-22 19:25:38','2022-03-22 19:26:06'),(3373,0,'vi','plugins/ecommerce/order','discount','Discount','2022-03-22 19:25:38','2022-03-22 19:26:06'),(3374,0,'vi','plugins/ecommerce/order','add_shipping_fee','Add shipping fee','2022-03-22 19:25:38','2022-03-22 19:26:06'),(3375,0,'vi','plugins/ecommerce/order','shipping','Shipping','2022-03-22 19:25:38','2022-03-22 19:26:06'),(3376,0,'vi','plugins/ecommerce/order','total_amount','Total amount','2022-03-22 19:25:38','2022-03-22 19:26:06'),(3377,0,'vi','plugins/ecommerce/order','confirm_payment_and_create_order','Confirm payment and create order','2022-03-22 19:25:38','2022-03-22 19:26:06'),(3378,0,'vi','plugins/ecommerce/order','paid','Paid','2022-03-22 19:25:38','2022-03-22 19:26:06'),(3379,0,'vi','plugins/ecommerce/order','pay_later','Pay later','2022-03-22 19:25:38','2022-03-22 19:26:06'),(3380,0,'vi','plugins/ecommerce/order','customer_information','Customer information','2022-03-22 19:25:38','2022-03-22 19:26:06'),(3381,0,'vi','plugins/ecommerce/order','create_new_customer','Create new customer','2022-03-22 19:25:38','2022-03-22 19:26:06'),(3382,0,'vi','plugins/ecommerce/order','no_customer_found','No customer found!','2022-03-22 19:25:38','2022-03-22 19:26:06'),(3383,0,'vi','plugins/ecommerce/order','customer','Customer','2022-03-22 19:25:38','2022-03-22 19:26:06'),(3384,0,'vi','plugins/ecommerce/order','orders','order(s)','2022-03-22 19:25:38','2022-03-22 19:26:06'),(3385,0,'vi','plugins/ecommerce/order','shipping_address','Shipping Address','2022-03-22 19:25:38','2022-03-22 19:26:06'),(3386,0,'vi','plugins/ecommerce/order','see_on_maps','See on maps','2022-03-22 19:25:38','2022-03-22 19:26:06'),(3387,0,'vi','plugins/ecommerce/order','price','Price','2022-03-22 19:25:38','2022-03-22 19:26:06'),(3388,0,'vi','plugins/ecommerce/order','sku_optional','SKU (optional)','2022-03-22 19:25:38','2022-03-22 19:26:06'),(3389,0,'vi','plugins/ecommerce/order','with_storehouse_management','With storehouse management?','2022-03-22 19:25:38','2022-03-22 19:26:06'),(3390,0,'vi','plugins/ecommerce/order','quantity','Quantity','2022-03-22 19:25:38','2022-03-22 19:26:06'),(3391,0,'vi','plugins/ecommerce/order','allow_customer_checkout_when_this_product_out_of_stock','Allow customer checkout when this product out of stock?','2022-03-22 19:25:38','2022-03-22 19:26:06'),(3392,0,'vi','plugins/ecommerce/order','address','Address','2022-03-22 19:25:38','2022-03-22 19:26:06'),(3393,0,'vi','plugins/ecommerce/order','phone','Phone','2022-03-22 19:25:38','2022-03-22 19:26:06'),(3394,0,'vi','plugins/ecommerce/order','country','Country','2022-03-22 19:25:38','2022-03-22 19:26:06'),(3395,0,'vi','plugins/ecommerce/order','state','State','2022-03-22 19:25:38','2022-03-22 19:26:06'),(3396,0,'vi','plugins/ecommerce/order','city','City','2022-03-22 19:25:38','2022-03-22 19:26:06'),(3397,0,'vi','plugins/ecommerce/order','zip_code','Zip code','2022-03-22 19:25:38','2022-03-22 19:26:06'),(3398,0,'vi','plugins/ecommerce/order','discount_based_on','Discount based on','2022-03-22 19:25:38','2022-03-22 19:26:06'),(3399,0,'vi','plugins/ecommerce/order','or_coupon_code','Or coupon code','2022-03-22 19:25:38','2022-03-22 19:26:06'),(3400,0,'vi','plugins/ecommerce/order','description','Description','2022-03-22 19:25:38','2022-03-22 19:26:06'),(3401,0,'vi','plugins/ecommerce/order','how_to_select_configured_shipping','How to select configured shipping?','2022-03-22 19:25:38','2022-03-22 19:26:06'),(3402,0,'vi','plugins/ecommerce/order','please_add_customer_information_with_the_complete_shipping_address_to_see_the_configured_shipping_rates','Please add customer information with the complete shipping address to see the configured shipping rates','2022-03-22 19:25:38','2022-03-22 19:26:06'),(3403,0,'vi','plugins/ecommerce/order','free_shipping','Free shipping','2022-03-22 19:25:38','2022-03-22 19:26:06'),(3404,0,'vi','plugins/ecommerce/order','custom','Custom','2022-03-22 19:25:38','2022-03-22 19:26:06'),(3405,0,'vi','plugins/ecommerce/order','email','Email','2022-03-22 19:25:38','2022-03-22 19:26:06'),(3406,0,'vi','plugins/ecommerce/order','create_order','Create order','2022-03-22 19:25:38','2022-03-22 19:26:06'),(3407,0,'vi','plugins/ecommerce/order','close','Close','2022-03-22 19:25:38','2022-03-22 19:26:06'),(3408,0,'vi','plugins/ecommerce/order','confirm_payment_is_paid_for_this_order','Confirm payment is paid for this order','2022-03-22 19:25:38','2022-03-22 19:26:06'),(3409,0,'vi','plugins/ecommerce/order','payment_status_of_the_order_is_paid_once_the_order_has_been_created_you_cannot_change_the_payment_method_or_status','Payment status of the order is Paid. Once the order has been created, you cannot change the payment method or status','2022-03-22 19:25:38','2022-03-22 19:26:06'),(3410,0,'vi','plugins/ecommerce/order','select_payment_method','Select payment method','2022-03-22 19:25:38','2022-03-22 19:26:06'),(3411,0,'vi','plugins/ecommerce/order','cash_on_delivery_cod','Cash on delivery (COD)','2022-03-22 19:25:38','2022-03-22 19:26:06'),(3412,0,'vi','plugins/ecommerce/order','bank_transfer','Bank transfer','2022-03-22 19:25:38','2022-03-22 19:26:06'),(3413,0,'vi','plugins/ecommerce/order','paid_amount','Paid amount','2022-03-22 19:25:38','2022-03-22 19:26:06'),(3414,0,'vi','plugins/ecommerce/order','confirm_that_payment_for_this_order_will_be_paid_later','Confirm that payment for this order will be paid later','2022-03-22 19:25:38','2022-03-22 19:26:06'),(3415,0,'vi','plugins/ecommerce/order','payment_status_of_the_order_is_pending_once_the_order_has_been_created_you_cannot_change_the_payment_method_or_status','Payment status of the order is Pending. Once the order has been created, you cannot change the payment method or status','2022-03-22 19:25:38','2022-03-22 19:26:06'),(3416,0,'vi','plugins/ecommerce/order','pending_amount','Pending amount','2022-03-22 19:25:38','2022-03-22 19:26:06'),(3417,0,'vi','plugins/ecommerce/order','update_email','Update email','2022-03-22 19:25:38','2022-03-22 19:26:06'),(3418,0,'vi','plugins/ecommerce/order','save','Save','2022-03-22 19:25:38','2022-03-22 19:26:06'),(3419,0,'vi','plugins/ecommerce/order','cancel','Cancel','2022-03-22 19:25:38','2022-03-22 19:26:06'),(3420,0,'vi','plugins/ecommerce/order','create_a_new_order','Create a new order','2022-03-22 19:25:38','2022-03-22 19:26:06'),(3421,0,'vi','plugins/ecommerce/order','search_or_create_new_product','Search or create a new product','2022-03-22 19:25:38','2022-03-22 19:26:06'),(3422,0,'vi','plugins/ecommerce/order','search_or_create_new_customer','Search or create a new customer','2022-03-22 19:25:38','2022-03-22 19:26:06'),(3423,0,'vi','plugins/ecommerce/order','discount_description','Discount description','2022-03-22 19:25:38','2022-03-22 19:26:06'),(3424,0,'vi','plugins/ecommerce/order','cant_select_out_of_stock_product','Cannot select out of stock product!','2022-03-22 19:25:38','2022-03-22 19:26:06'),(3425,0,'vi','plugins/ecommerce/payment','name','Thanh toán','2022-03-22 19:25:38','2022-03-22 19:26:07'),(3426,0,'vi','plugins/ecommerce/payment','payment_method','Phương thức thanh toán','2022-03-22 19:25:38','2022-03-22 19:26:07'),(3427,0,'vi','plugins/ecommerce/payment','view_payment','Xem thanh toán #','2022-03-22 19:25:38','2022-03-22 19:26:07'),(3428,0,'vi','plugins/ecommerce/payment','charge_id','Mã giao dịch','2022-03-22 19:25:38','2022-03-22 19:26:07'),(3429,0,'vi','plugins/ecommerce/payment','amount','Số tiền','2022-03-22 19:25:38','2022-03-22 19:26:07'),(3430,0,'vi','plugins/ecommerce/payment','currency','Đơn vị tiền tệ','2022-03-22 19:25:38','2022-03-22 19:26:07'),(3431,0,'vi','plugins/ecommerce/payment','user','Người dùng','2022-03-22 19:25:38','2022-03-22 19:26:07'),(3432,0,'vi','plugins/ecommerce/payment','paypal_name_required','Tên của phương thức PayPal là bắt buộc!','2022-03-22 19:25:38','2022-03-22 19:26:07'),(3433,0,'vi','plugins/ecommerce/payment','paypal_name_max','Tên của phương thức PayPal quá dài!','2022-03-22 19:25:38','2022-03-22 19:26:07'),(3434,0,'vi','plugins/ecommerce/payment','stripe_name_required','Tên của phương thức Stripe là bắt buộc!','2022-03-22 19:25:38','2022-03-22 19:26:07'),(3435,0,'vi','plugins/ecommerce/payment','stripe_name_max','Tên của phương thức Stripe quá dài!','2022-03-22 19:25:38','2022-03-22 19:26:07'),(3436,0,'vi','plugins/ecommerce/payment','status','Trạng thái','2022-03-22 19:25:38','2022-03-22 19:26:07'),(3437,0,'vi','plugins/ecommerce/payment','enabled','Bật','2022-03-22 19:25:38','2022-03-22 19:26:07'),(3438,0,'vi','plugins/ecommerce/payment','disabled','Tắt','2022-03-22 19:25:38','2022-03-22 19:26:07'),(3439,0,'vi','plugins/ecommerce/payment','client_id','Client ID','2022-03-22 19:25:38','2022-03-22 19:26:07'),(3440,0,'vi','plugins/ecommerce/payment','client_secret','Client Secret','2022-03-22 19:25:38','2022-03-22 19:26:07'),(3441,0,'vi','plugins/ecommerce/payment','mode','Chế độ','2022-03-22 19:25:38','2022-03-22 19:26:07'),(3442,0,'vi','plugins/ecommerce/payment','sandbox','Sandbox','2022-03-22 19:25:38','2022-03-22 19:26:07'),(3443,0,'vi','plugins/ecommerce/payment','live','Live','2022-03-22 19:25:38','2022-03-22 19:26:07'),(3444,0,'vi','plugins/ecommerce/payment','enable_payment_log','Bật lưu nhật ký thanh toán','2022-03-22 19:25:38','2022-03-22 19:26:07'),(3445,0,'vi','plugins/ecommerce/payment','yes','Có','2022-03-22 19:25:38','2022-03-22 19:26:07'),(3446,0,'vi','plugins/ecommerce/payment','no','Không','2022-03-22 19:25:38','2022-03-22 19:26:07'),(3447,0,'vi','plugins/ecommerce/payment','client_key','Client Key','2022-03-22 19:25:38','2022-03-22 19:26:07'),(3448,0,'vi','plugins/ecommerce/payment','stripe','Stripe','2022-03-22 19:25:38','2022-03-22 19:26:07'),(3449,0,'vi','plugins/ecommerce/payment','paypal','PayPal','2022-03-22 19:25:38','2022-03-22 19:26:07'),(3450,0,'vi','plugins/ecommerce/payment','action','Hành động','2022-03-22 19:25:38','2022-03-22 19:26:07'),(3451,0,'vi','plugins/ecommerce/payment','go_back','Quay lại','2022-03-22 19:25:38','2022-03-22 19:26:07'),(3452,0,'vi','plugins/ecommerce/payment','view','Xem','2022-03-22 19:25:38','2022-03-22 19:26:07'),(3453,0,'vi','plugins/ecommerce/payment','cash_on_delivery','Thanh toán khi nhận hàng (COD)','2022-03-22 19:25:38','2022-03-22 19:26:07'),(3454,0,'vi','plugins/ecommerce/payment','via_bank_transfer','Thông qua chuyển khoản ngân hàng','2022-03-22 19:25:38','2022-03-22 19:26:07'),(3455,0,'vi','plugins/ecommerce/payment','payment_via_cart','Thanh toán bằng thẻ','2022-03-22 19:25:38','2022-03-22 19:26:07'),(3456,0,'vi','plugins/ecommerce/payment','card_number','Số thẻ','2022-03-22 19:25:38','2022-03-22 19:26:07'),(3457,0,'vi','plugins/ecommerce/payment','full_name','Tên trên thẻ','2022-03-22 19:25:38','2022-03-22 19:26:07'),(3458,0,'vi','plugins/ecommerce/payment','payment_via_paypal','Thanh toán thông qua PayPal','2022-03-22 19:25:38','2022-03-22 19:26:07'),(3459,0,'vi','plugins/ecommerce/payment','mm_yy','MM/YY','2022-03-22 19:25:38','2022-03-22 19:26:07'),(3460,0,'vi','plugins/ecommerce/payment','cvc','CVC','2022-03-22 19:25:38','2022-03-22 19:26:07'),(3461,0,'vi','plugins/ecommerce/payment','details','Chi tiết','2022-03-22 19:25:38','2022-03-22 19:26:07'),(3462,0,'vi','plugins/ecommerce/payment','payer_name','Người thanh toán','2022-03-22 19:25:38','2022-03-22 19:26:07'),(3463,0,'vi','plugins/ecommerce/payment','email','Địa chỉ email','2022-03-22 19:25:38','2022-03-22 19:26:07'),(3464,0,'vi','plugins/ecommerce/payment','phone','Điện thoại','2022-03-22 19:25:38','2022-03-22 19:26:07'),(3465,0,'vi','plugins/ecommerce/payment','country','Quốc gia','2022-03-22 19:25:38','2022-03-22 19:26:07'),(3466,0,'vi','plugins/ecommerce/payment','shipping_address','Địa chỉ giao hàng','2022-03-22 19:25:38','2022-03-22 19:26:07'),(3467,0,'vi','plugins/ecommerce/payment','payment_details','Chi tiết giao dịch','2022-03-22 19:25:38','2022-03-22 19:26:07'),(3468,0,'vi','plugins/ecommerce/payment','card','Thẻ','2022-03-22 19:25:38','2022-03-22 19:26:07'),(3469,0,'vi','plugins/ecommerce/payment','address','Địa chỉ','2022-03-22 19:25:38','2022-03-22 19:26:07'),(3470,0,'vi','plugins/ecommerce/payment','could_not_get_stripe_token','Không thể lấy mã Stripe để thanh toán','2022-03-22 19:25:38','2022-03-22 19:26:07'),(3471,0,'vi','plugins/ecommerce/payment','new_payment','Thanh toán cho đơn hàng :id','2022-03-22 19:25:38','2022-03-22 19:26:07'),(3472,0,'vi','plugins/ecommerce/payment','payment_id','Mã thanh toán','2022-03-22 19:25:38','2022-03-22 19:26:07'),(3473,0,'vi','plugins/ecommerce/prices','name','Price','2022-03-22 19:25:38','2022-03-22 19:26:07'),(3474,0,'vi','plugins/ecommerce/prices','create','New price','2022-03-22 19:25:38','2022-03-22 19:26:07'),(3475,0,'vi','plugins/ecommerce/prices','edit','Edit price','2022-03-22 19:25:38','2022-03-22 19:26:07'),(3476,0,'vi','plugins/ecommerce/prices','list','List price','2022-03-22 19:25:38','2022-03-22 19:26:07'),(3477,0,'vi','plugins/ecommerce/product-attribute-sets','name','Product attribute sets','2022-03-22 19:25:38','2022-03-22 19:26:07'),(3478,0,'vi','plugins/ecommerce/product-attribute-sets','create','New product attribute set','2022-03-22 19:25:38','2022-03-22 19:26:07'),(3479,0,'vi','plugins/ecommerce/product-attribute-sets','edit','Edit product attribute set','2022-03-22 19:25:38','2022-03-22 19:26:07'),(3480,0,'vi','plugins/ecommerce/product-attribute-sets','visible_in_categories','Visible in categories','2022-03-22 19:25:38','2022-03-22 19:26:07'),(3481,0,'vi','plugins/ecommerce/product-attribute-sets','product_with_more_version','Product with more version','2022-03-22 19:25:38','2022-03-22 19:26:07'),(3482,0,'vi','plugins/ecommerce/product-attribute-sets','create_a_version','Create a version','2022-03-22 19:25:38','2022-03-22 19:26:07'),(3483,0,'vi','plugins/ecommerce/product-attribute-sets','enabled','Enabled','2022-03-22 19:25:38','2022-03-22 19:26:07'),(3484,0,'vi','plugins/ecommerce/product-attribute-sets','attributes','Attributes','2022-03-22 19:25:38','2022-03-22 19:26:07'),(3485,0,'vi','plugins/ecommerce/product-attribute-sets','price','Price','2022-03-22 19:25:38','2022-03-22 19:26:07'),(3486,0,'vi','plugins/ecommerce/product-attribute-sets','edit_btn','Edit','2022-03-22 19:25:38','2022-03-22 19:26:07'),(3487,0,'vi','plugins/ecommerce/product-attribute-sets','remove_btn','Remove','2022-03-22 19:25:38','2022-03-22 19:26:07'),(3488,0,'vi','plugins/ecommerce/product-attribute-sets','product','Product','2022-03-22 19:25:38','2022-03-22 19:26:07'),(3489,0,'vi','plugins/ecommerce/product-attribute-sets','back_to_product','Back to product','2022-03-22 19:25:38','2022-03-22 19:26:07'),(3490,0,'vi','plugins/ecommerce/product-attribute-sets','save','Save','2022-03-22 19:25:38','2022-03-22 19:26:07'),(3491,0,'vi','plugins/ecommerce/product-attribute-sets','other_existing_versions','Other existing versions','2022-03-22 19:25:38','2022-03-22 19:26:07'),(3492,0,'vi','plugins/ecommerce/product-attribute-sets','version_information','Version information','2022-03-22 19:25:38','2022-03-22 19:26:07'),(3493,0,'vi','plugins/ecommerce/product-attribute-sets','add_rule','Add rule','2022-03-22 19:25:38','2022-03-22 19:26:07'),(3494,0,'vi','plugins/ecommerce/product-attribute-sets','rules','Rules','2022-03-22 19:25:38','2022-03-22 19:26:07'),(3495,0,'vi','plugins/ecommerce/product-attribute-sets','pricing','Pricing','2022-03-22 19:25:38','2022-03-22 19:26:07'),(3496,0,'vi','plugins/ecommerce/product-attribute-sets','sale_price','Sale price','2022-03-22 19:25:38','2022-03-22 19:26:07'),(3497,0,'vi','plugins/ecommerce/product-attribute-sets','sale_type','Sale type','2022-03-22 19:25:38','2022-03-22 19:26:07'),(3498,0,'vi','plugins/ecommerce/product-attribute-sets','no_sale_price','No sale price','2022-03-22 19:25:38','2022-03-22 19:26:07'),(3499,0,'vi','plugins/ecommerce/product-attribute-sets','always_on_sale','Always on sale','2022-03-22 19:25:38','2022-03-22 19:26:07'),(3500,0,'vi','plugins/ecommerce/product-attribute-sets','limited_time','Limited time','2022-03-22 19:25:38','2022-03-22 19:26:07'),(3501,0,'vi','plugins/ecommerce/product-attribute-sets','from','From','2022-03-22 19:25:38','2022-03-22 19:26:07'),(3502,0,'vi','plugins/ecommerce/product-attribute-sets','to','To','2022-03-22 19:25:38','2022-03-22 19:26:07'),(3503,0,'vi','plugins/ecommerce/product-attribute-sets','storehouse','Storehouse','2022-03-22 19:25:38','2022-03-22 19:26:07'),(3504,0,'vi','plugins/ecommerce/product-attribute-sets','no_storehouse_management','No storehouse management','2022-03-22 19:25:38','2022-03-22 19:26:07'),(3505,0,'vi','plugins/ecommerce/product-attribute-sets','with_storehouse_management','With storehouse management','2022-03-22 19:25:38','2022-03-22 19:26:07'),(3506,0,'vi','plugins/ecommerce/product-attribute-sets','quantity','Quantity','2022-03-22 19:25:38','2022-03-22 19:26:07'),(3507,0,'vi','plugins/ecommerce/product-attribute-sets','allow_customer_checkout_out_of_stock','Allow customer checkout when this product out of stock','2022-03-22 19:25:38','2022-03-22 19:26:07'),(3508,0,'vi','plugins/ecommerce/product-attribute-sets','shipping','Shipping','2022-03-22 19:25:38','2022-03-22 19:26:07'),(3509,0,'vi','plugins/ecommerce/product-attribute-sets','length','Length','2022-03-22 19:25:38','2022-03-22 19:26:07'),(3510,0,'vi','plugins/ecommerce/product-attribute-sets','wide','Wide','2022-03-22 19:25:38','2022-03-22 19:26:07'),(3511,0,'vi','plugins/ecommerce/product-attribute-sets','height','Height','2022-03-22 19:25:38','2022-03-22 19:26:07'),(3512,0,'vi','plugins/ecommerce/product-attribute-sets','weight','Weight','2022-03-22 19:25:38','2022-03-22 19:26:07'),(3513,0,'vi','plugins/ecommerce/product-attribute-sets','version_images','Version images','2022-03-22 19:25:38','2022-03-22 19:26:07'),(3514,0,'vi','plugins/ecommerce/product-attribute-sets','add_new_image','Add new image','2022-03-22 19:25:38','2022-03-22 19:26:07'),(3515,0,'vi','plugins/ecommerce/product-attribute-sets','attribute_set','Attribute set','2022-03-22 19:25:38','2022-03-22 19:26:07'),(3516,0,'vi','plugins/ecommerce/product-attribute-sets','value','Value','2022-03-22 19:25:38','2022-03-22 19:26:07'),(3517,0,'vi','plugins/ecommerce/product-attribute-sets','dropdown_swatch','Dropdown Swatch','2022-03-22 19:25:38','2022-03-22 19:26:07'),(3518,0,'vi','plugins/ecommerce/product-attribute-sets','visual_swatch','Visual Swatch','2022-03-22 19:25:38','2022-03-22 19:26:07'),(3519,0,'vi','plugins/ecommerce/product-attribute-sets','text_swatch','Text Swatch','2022-03-22 19:25:38','2022-03-22 19:26:07'),(3520,0,'vi','plugins/ecommerce/product-attributes','name','Thuộc tính sản phẩm','2022-03-22 19:25:38','2022-03-22 19:26:07'),(3521,0,'vi','plugins/ecommerce/product-attributes','create','Tạo','2022-03-22 19:25:38','2022-03-22 19:26:07'),(3522,0,'vi','plugins/ecommerce/product-attributes','edit','Sửa','2022-03-22 19:25:38','2022-03-22 19:26:07'),(3523,0,'vi','plugins/ecommerce/product-attributes','intro.title','Quản lý danh sách thuộc tính sản phẩm','2022-03-22 19:25:38','2022-03-22 19:26:07'),(3524,0,'vi','plugins/ecommerce/product-attributes','intro.description','Các thuộc tính của sản phẩm như màu sắc, kích thước ...','2022-03-22 19:25:38','2022-03-22 19:26:07'),(3525,0,'vi','plugins/ecommerce/product-attributes','intro.button_text','Tạo thuộc tính sản phẩm','2022-03-22 19:25:38','2022-03-22 19:26:07'),(3526,0,'vi','plugins/ecommerce/product-categories','create','Create new product category','2022-03-22 19:25:38','2022-03-22 19:26:07'),(3527,0,'vi','plugins/ecommerce/product-categories','edit','Edit product category','2022-03-22 19:25:39','2022-03-22 19:26:07'),(3528,0,'vi','plugins/ecommerce/product-categories','name','Danh mục sản phẩm','2022-03-22 19:25:39','2022-03-22 19:26:07'),(3529,0,'vi','plugins/ecommerce/product-categories','none','Không có','2022-03-22 19:25:39','2022-03-22 19:26:07'),(3530,0,'vi','plugins/ecommerce/product-categories','menu','Danh mục sản phẩm','2022-03-22 19:25:39','2022-03-22 19:26:07'),(3531,0,'vi','plugins/ecommerce/product-categories','intro.title','Quản lý danh sách danh mục sản phẩm','2022-03-22 19:25:39','2022-03-22 19:26:07'),(3532,0,'vi','plugins/ecommerce/product-categories','intro.description','Danh mục sản phẩm như quần áo, giày dép, linh kiện điện tử ...','2022-03-22 19:25:39','2022-03-22 19:26:07'),(3533,0,'vi','plugins/ecommerce/product-categories','intro.button_text','Tạo danh mục sản phẩm','2022-03-22 19:25:39','2022-03-22 19:26:07'),(3534,0,'vi','plugins/ecommerce/product-categories','total_products','Tổng sản phẩm: :total','2022-03-22 19:25:39','2022-03-22 19:26:07'),(3535,0,'vi','plugins/ecommerce/product-collections','name','Nhóm sản phẩm','2022-03-22 19:25:39','2022-03-22 19:26:07'),(3536,0,'vi','plugins/ecommerce/product-collections','create','Thêm nhóm sản phẩm','2022-03-22 19:25:39','2022-03-22 19:26:07'),(3537,0,'vi','plugins/ecommerce/product-collections','edit','Sửa nhóm sản phẩm','2022-03-22 19:25:39','2022-03-22 19:26:07'),(3538,0,'vi','plugins/ecommerce/product-collections','slug_help_block','Label key: <code>:slug</code>. We will use this key for filter.','2022-03-22 19:25:39','2022-03-22 19:26:07'),(3539,0,'vi','plugins/ecommerce/product-collections','intro.title','Quản lý nhóm sản phẩm','2022-03-22 19:25:39','2022-03-22 19:26:07'),(3540,0,'vi','plugins/ecommerce/product-collections','intro.description','Nhóm sản phẩm giúp quản lý sản phẩm và khách hàng tìm kiếm sản phẩm một cách dễ dàng.','2022-03-22 19:25:39','2022-03-22 19:26:07'),(3541,0,'vi','plugins/ecommerce/product-collections','intro.button_text','Tạo nhóm sản phẩm','2022-03-22 19:25:39','2022-03-22 19:26:07'),(3542,0,'vi','plugins/ecommerce/products','name','Sản phẩm','2022-03-22 19:25:39','2022-03-22 19:26:07'),(3543,0,'vi','plugins/ecommerce/products','create','Thêm sản phẩm mới','2022-03-22 19:25:39','2022-03-22 19:26:07'),(3544,0,'vi','plugins/ecommerce/products','edit','Sửa sản phẩm - :name','2022-03-22 19:25:39','2022-03-22 19:26:07'),(3545,0,'vi','plugins/ecommerce/products','form.name','Tên sản phẩm','2022-03-22 19:25:39','2022-03-22 19:26:07'),(3546,0,'vi','plugins/ecommerce/products','form.name_placeholder','Tên sản phẩm (Tối đa 120 chữ cái)','2022-03-22 19:25:39','2022-03-22 19:26:07'),(3547,0,'vi','plugins/ecommerce/products','form.description','Mô tả ngắn','2022-03-22 19:25:39','2022-03-22 19:26:07'),(3548,0,'vi','plugins/ecommerce/products','form.description_placeholder','Mô tả ngắn gọn cho sản phẩm (Tối đa 400 chữ cái)','2022-03-22 19:25:39','2022-03-22 19:26:07'),(3549,0,'vi','plugins/ecommerce/products','form.categories','Danh mục','2022-03-22 19:25:39','2022-03-22 19:26:07'),(3550,0,'vi','plugins/ecommerce/products','form.content','Chi tiết sản phẩm','2022-03-22 19:25:39','2022-03-22 19:26:07'),(3551,0,'vi','plugins/ecommerce/products','form.price','Giá cơ bản','2022-03-22 19:25:39','2022-03-22 19:26:07'),(3552,0,'vi','plugins/ecommerce/products','form.price_sale','Giá giảm','2022-03-22 19:25:39','2022-03-22 19:26:07'),(3553,0,'vi','plugins/ecommerce/products','form.quantity','Số lượng','2022-03-22 19:25:39','2022-03-22 19:26:07'),(3554,0,'vi','plugins/ecommerce/products','form.brand','Thương hiệu','2022-03-22 19:25:39','2022-03-22 19:26:07'),(3555,0,'vi','plugins/ecommerce/products','form.width','Rộng','2022-03-22 19:25:39','2022-03-22 19:26:07'),(3556,0,'vi','plugins/ecommerce/products','form.height','Cao','2022-03-22 19:25:39','2022-03-22 19:26:07'),(3557,0,'vi','plugins/ecommerce/products','form.weight','Cân nặng','2022-03-22 19:25:39','2022-03-22 19:26:07'),(3558,0,'vi','plugins/ecommerce/products','form.image','Hình ảnh','2022-03-22 19:25:39','2022-03-22 19:26:07'),(3559,0,'vi','plugins/ecommerce/products','form.product_type.title','Loại sản phẩm','2022-03-22 19:25:39','2022-03-22 19:26:07'),(3560,0,'vi','plugins/ecommerce/products','form.stock.title','Tình trạng kho','2022-03-22 19:25:39','2022-03-22 19:26:07'),(3561,0,'vi','plugins/ecommerce/products','form.stock.in_stock','Còn hàng','2022-03-22 19:25:39','2022-03-22 19:26:07'),(3562,0,'vi','plugins/ecommerce/products','form.stock.out_stock','Hết hàng','2022-03-22 19:25:39','2022-03-22 19:26:07'),(3563,0,'vi','plugins/ecommerce/products','form.stock.allow_order_when_out','Cho phép đặt hàng khi hết','2022-03-22 19:25:39','2022-03-22 19:26:07'),(3564,0,'vi','plugins/ecommerce/products','form.storehouse.title','Quản lý kho','2022-03-22 19:25:39','2022-03-22 19:26:07'),(3565,0,'vi','plugins/ecommerce/products','form.storehouse.no_storehouse','Không quản lý kho','2022-03-22 19:25:39','2022-03-22 19:26:07'),(3566,0,'vi','plugins/ecommerce/products','form.storehouse.storehouse','Quản lý kho','2022-03-22 19:25:39','2022-03-22 19:26:07'),(3567,0,'vi','plugins/ecommerce/products','form.storehouse.quantity','Số lượng','2022-03-22 19:25:39','2022-03-22 19:26:07'),(3568,0,'vi','plugins/ecommerce/products','form.shipping.title','Giao hàng','2022-03-22 19:25:39','2022-03-22 19:26:07'),(3569,0,'vi','plugins/ecommerce/products','form.shipping.length','Chiều dài','2022-03-22 19:25:39','2022-03-22 19:26:07'),(3570,0,'vi','plugins/ecommerce/products','form.shipping.wide','Chiều rộng','2022-03-22 19:25:39','2022-03-22 19:26:07'),(3571,0,'vi','plugins/ecommerce/products','form.shipping.height','Chiều cao','2022-03-22 19:25:39','2022-03-22 19:26:07'),(3572,0,'vi','plugins/ecommerce/products','form.shipping.weight','Cân nặng','2022-03-22 19:25:39','2022-03-22 19:26:07'),(3573,0,'vi','plugins/ecommerce/products','form.date.start','Ngày bắt đầu','2022-03-22 19:25:39','2022-03-22 19:26:07'),(3574,0,'vi','plugins/ecommerce/products','form.date.end','Ngày kết thúc','2022-03-22 19:25:39','2022-03-22 19:26:07'),(3575,0,'vi','plugins/ecommerce/products','form.tags','Nhãn','2022-03-22 19:25:39','2022-03-22 19:26:07'),(3576,0,'vi','plugins/ecommerce/products','form.tax','Thuế','2022-03-22 19:25:39','2022-03-22 19:26:07'),(3577,0,'vi','plugins/ecommerce/products','price','Giá cơ bản','2022-03-22 19:25:39','2022-03-22 19:26:07'),(3578,0,'vi','plugins/ecommerce/products','price_sale','Giá giảm','2022-03-22 19:25:39','2022-03-22 19:26:07'),(3579,0,'vi','plugins/ecommerce/products','quantity','Số lượng','2022-03-22 19:25:39','2022-03-22 19:26:07'),(3580,0,'vi','plugins/ecommerce/products','type','Loại sản phẩm','2022-03-22 19:25:39','2022-03-22 19:26:07'),(3581,0,'vi','plugins/ecommerce/products','image','Ảnh','2022-03-22 19:25:39','2022-03-22 19:26:07'),(3582,0,'vi','plugins/ecommerce/products','sku','Mã sản phẩm','2022-03-22 19:25:39','2022-03-22 19:26:07'),(3583,0,'vi','plugins/ecommerce/products','brand','Thương hiệu','2022-03-22 19:25:39','2022-03-22 19:26:07'),(3584,0,'vi','plugins/ecommerce/products','cannot_delete','Product could not be deleted','2022-03-22 19:25:39','2022-03-22 19:26:07'),(3585,0,'vi','plugins/ecommerce/products','product_deleted','Product deleted','2022-03-22 19:25:39','2022-03-22 19:26:07'),(3586,0,'vi','plugins/ecommerce/products','products','Sản phẩm','2022-03-22 19:25:39','2022-03-22 19:26:07'),(3587,0,'vi','plugins/ecommerce/products','menu','Sản phẩm','2022-03-22 19:25:39','2022-03-22 19:26:07'),(3588,0,'vi','plugins/ecommerce/products','control.button_add_image','Thêm hình ảnh','2022-03-22 19:25:39','2022-03-22 19:26:07'),(3589,0,'vi','plugins/ecommerce/products','overview','Tổng quan','2022-03-22 19:25:39','2022-03-22 19:26:07'),(3590,0,'vi','plugins/ecommerce/products','attributes','Thuộc tính','2022-03-22 19:25:39','2022-03-22 19:26:07'),(3591,0,'vi','plugins/ecommerce/products','product_has_variations','Sản phẩm có nhiều phiên bản','2022-03-22 19:25:39','2022-03-22 19:26:07'),(3592,0,'vi','plugins/ecommerce/products','manage_products','Quản lý danh sách sản phẩm','2022-03-22 19:25:39','2022-03-22 19:26:07'),(3593,0,'vi','plugins/ecommerce/products','add_new_product','Tạo sản phẩm','2022-03-22 19:25:39','2022-03-22 19:26:07'),(3594,0,'vi','plugins/ecommerce/products','start_by_adding_new_product','Bắt đầu bán hàng bằng việc thêm sản phẩm.','2022-03-22 19:25:39','2022-03-22 19:26:07'),(3595,0,'vi','plugins/ecommerce/reports','name','Báo cáo','2022-03-22 19:25:39','2022-03-22 19:26:07'),(3596,0,'vi','plugins/ecommerce/reports','widget.order.title','Đơn hàng','2022-03-22 19:25:39','2022-03-22 19:26:07'),(3597,0,'vi','plugins/ecommerce/reports','count.revenue','Doanh thu hôm nay','2022-03-22 19:25:39','2022-03-22 19:26:07'),(3598,0,'vi','plugins/ecommerce/reports','count.orders','Đơn hàng hôm nay','2022-03-22 19:25:39','2022-03-22 19:26:07'),(3599,0,'vi','plugins/ecommerce/reports','count.products','Sản phẩm','2022-03-22 19:25:39','2022-03-22 19:26:07'),(3600,0,'vi','plugins/ecommerce/reports','count.customers','Khách hàng','2022-03-22 19:25:39','2022-03-22 19:26:07'),(3601,0,'vi','plugins/ecommerce/reports','product_name','Tên sản phẩm','2022-03-22 19:25:39','2022-03-22 19:26:07'),(3602,0,'vi','plugins/ecommerce/reports','quantity','Số lượng','2022-03-22 19:25:39','2022-03-22 19:26:07'),(3603,0,'vi','plugins/ecommerce/reports','revenue_statistics','Thống kê doanh thu','2022-03-22 19:25:39','2022-03-22 19:26:07'),(3604,0,'vi','plugins/ecommerce/reports','top_selling_products','Sản phẩm bán chạy trong tháng','2022-03-22 19:25:39','2022-03-22 19:26:07'),(3605,0,'vi','plugins/ecommerce/review','name','Đánh giá','2022-03-22 19:25:39','2022-03-22 19:26:07'),(3606,0,'vi','plugins/ecommerce/review','list_review','Khách hàng đánh giá','2022-03-22 19:25:39','2022-03-22 19:26:07'),(3607,0,'vi','plugins/ecommerce/review','add_review','Thêm đánh giá','2022-03-22 19:25:39','2022-03-22 19:26:07'),(3608,0,'vi','plugins/ecommerce/review','delete_review','Xóa đánh giá','2022-03-22 19:25:39','2022-03-22 19:26:07'),(3609,0,'vi','plugins/ecommerce/review','create_review','Tạo đánh giá','2022-03-22 19:25:39','2022-03-22 19:26:07'),(3610,0,'vi','plugins/ecommerce/review','please_select_rating','Chọn đánh giá','2022-03-22 19:25:39','2022-03-22 19:26:07'),(3611,0,'vi','plugins/ecommerce/review','comment','Bình luận','2022-03-22 19:25:39','2022-03-22 19:26:07'),(3612,0,'vi','plugins/ecommerce/review','approve','Chấp thuận','2022-03-22 19:25:39','2022-03-22 19:26:07'),(3613,0,'vi','plugins/ecommerce/review','approved','Đã chấp thuận','2022-03-22 19:25:39','2022-03-22 19:26:07'),(3614,0,'vi','plugins/ecommerce/review','disapprove','Không chấp thuận','2022-03-22 19:25:39','2022-03-22 19:26:07'),(3615,0,'vi','plugins/ecommerce/review','disapproved','Đã không chấp thuận','2022-03-22 19:25:39','2022-03-22 19:26:07'),(3616,0,'vi','plugins/ecommerce/review','product','Sản phẩm','2022-03-22 19:25:39','2022-03-22 19:26:07'),(3617,0,'vi','plugins/ecommerce/review','user','Người dùng','2022-03-22 19:25:39','2022-03-22 19:26:07'),(3618,0,'vi','plugins/ecommerce/review','star','Sao','2022-03-22 19:25:39','2022-03-22 19:26:07'),(3619,0,'vi','plugins/ecommerce/review','status','Trạng thái','2022-03-22 19:25:39','2022-03-22 19:26:07'),(3620,0,'vi','plugins/ecommerce/review','intro.title','Quản lý danh sách nhận xét của khách hàng','2022-03-22 19:25:39','2022-03-22 19:26:07'),(3621,0,'vi','plugins/ecommerce/review','intro.description','Lưu trữ các nhận xét, đánh giá của khách hàng','2022-03-22 19:25:39','2022-03-22 19:26:07'),(3622,0,'vi','plugins/ecommerce/shipping','name','Phí vận chuyển','2022-03-22 19:25:39','2022-03-22 19:26:07'),(3623,0,'vi','plugins/ecommerce/shipping','shipping','Vận chuyển','2022-03-22 19:25:39','2022-03-22 19:26:07'),(3624,0,'vi','plugins/ecommerce/shipping','title','Title','2022-03-22 19:25:39','2022-03-22 19:26:07'),(3625,0,'vi','plugins/ecommerce/shipping','country','Quốc gia','2022-03-22 19:25:39','2022-03-22 19:26:07'),(3626,0,'vi','plugins/ecommerce/shipping','state','State','2022-03-22 19:25:39','2022-03-22 19:26:07'),(3627,0,'vi','plugins/ecommerce/shipping','city','City','2022-03-22 19:25:39','2022-03-22 19:26:07'),(3628,0,'vi','plugins/ecommerce/shipping','amount','Amount','2022-03-22 19:25:39','2022-03-22 19:26:07'),(3629,0,'vi','plugins/ecommerce/shipping','enable','Enable','2022-03-22 19:25:39','2022-03-22 19:26:07'),(3630,0,'vi','plugins/ecommerce/shipping','enabled','Enabled','2022-03-22 19:25:39','2022-03-22 19:26:07'),(3631,0,'vi','plugins/ecommerce/shipping','disable','Disable','2022-03-22 19:25:39','2022-03-22 19:26:07'),(3632,0,'vi','plugins/ecommerce/shipping','disabled','Disabled','2022-03-22 19:25:39','2022-03-22 19:26:07'),(3633,0,'vi','plugins/ecommerce/shipping','create_shipping','Create a shipping','2022-03-22 19:25:39','2022-03-22 19:26:07'),(3634,0,'vi','plugins/ecommerce/shipping','edit_shipping','Edit shipping #','2022-03-22 19:25:39','2022-03-22 19:26:07'),(3635,0,'vi','plugins/ecommerce/shipping','status','Status','2022-03-22 19:25:39','2022-03-22 19:26:07'),(3636,0,'vi','plugins/ecommerce/shipping','shipping_methods','Phương thức vận chuyển','2022-03-22 19:25:39','2022-03-22 19:26:07'),(3637,0,'vi','plugins/ecommerce/shipping','create_shipping_method','Tạo phương thức vận chuyển','2022-03-22 19:25:39','2022-03-22 19:26:07'),(3638,0,'vi','plugins/ecommerce/shipping','edit_shipping_method','Sửa phương thức vận chuyển','2022-03-22 19:25:39','2022-03-22 19:26:07'),(3639,0,'vi','plugins/ecommerce/shipping','add_shipping_region','Thêm khu vực vận chuyển','2022-03-22 19:25:39','2022-03-22 19:26:07'),(3640,0,'vi','plugins/ecommerce/shipping','methods.default','Default','2022-03-22 19:25:39','2022-03-22 19:26:07'),(3641,0,'vi','plugins/ecommerce/shipping','statuses.not_approved','Not approved','2022-03-22 19:25:39','2022-03-22 19:26:07'),(3642,0,'vi','plugins/ecommerce/shipping','statuses.approved','Approved','2022-03-22 19:25:39','2022-03-22 19:26:07'),(3643,0,'vi','plugins/ecommerce/shipping','statuses.picking','Picking','2022-03-22 19:25:39','2022-03-22 19:26:07'),(3644,0,'vi','plugins/ecommerce/shipping','statuses.delay_picking','Delay picking','2022-03-22 19:25:39','2022-03-22 19:26:07'),(3645,0,'vi','plugins/ecommerce/shipping','statuses.picked','Picked','2022-03-22 19:25:39','2022-03-22 19:26:07'),(3646,0,'vi','plugins/ecommerce/shipping','statuses.not_picked','Not picked','2022-03-22 19:25:39','2022-03-22 19:26:07'),(3647,0,'vi','plugins/ecommerce/shipping','statuses.delivering','Delivering','2022-03-22 19:25:39','2022-03-22 19:26:07'),(3648,0,'vi','plugins/ecommerce/shipping','statuses.delivered','Delivered','2022-03-22 19:25:39','2022-03-22 19:26:07'),(3649,0,'vi','plugins/ecommerce/shipping','statuses.not_delivered','Not delivered','2022-03-22 19:25:39','2022-03-22 19:26:07'),(3650,0,'vi','plugins/ecommerce/shipping','statuses.audited','Audited','2022-03-22 19:25:39','2022-03-22 19:26:07'),(3651,0,'vi','plugins/ecommerce/shipping','statuses.canceled','Canceled','2022-03-22 19:25:39','2022-03-22 19:26:07'),(3652,0,'vi','plugins/ecommerce/shipping','cod_statuses.pending','Pending','2022-03-22 19:25:39','2022-03-22 19:26:07'),(3653,0,'vi','plugins/ecommerce/shipping','cod_statuses.completed','Completed','2022-03-22 19:25:39','2022-03-22 19:26:07'),(3654,0,'vi','plugins/ecommerce/store-locator','name','Địa chỉ cửa hàng','2022-03-22 19:25:39','2022-03-22 19:26:07'),(3655,0,'vi','plugins/ecommerce/store-locator','description','Địa chỉ này sẽ xuất hiện trên hoá đơn của bạn và sẽ được sử dụng để tính toán mức giá vận chuyển của bạn.','2022-03-22 19:25:39','2022-03-22 19:26:07'),(3656,0,'vi','plugins/ecommerce/store-locator','shop_name','Tên cửa hàng','2022-03-22 19:25:39','2022-03-22 19:26:07'),(3657,0,'vi','plugins/ecommerce/store-locator','phone','Điện thoại','2022-03-22 19:25:39','2022-03-22 19:26:07'),(3658,0,'vi','plugins/ecommerce/store-locator','address','Địa chỉ','2022-03-22 19:25:39','2022-03-22 19:26:07'),(3659,0,'vi','plugins/ecommerce/tax','name','Thuế','2022-03-22 19:25:39','2022-03-22 19:26:07'),(3660,0,'vi','plugins/ecommerce/tax','create','Tạo thuế','2022-03-22 19:25:40','2022-03-22 19:26:07'),(3661,0,'vi','plugins/ecommerce/tax','edit','Chỉnh sửa thuế :title','2022-03-22 19:25:40','2022-03-22 19:26:07'),(3662,0,'vi','plugins/ecommerce/tax','title','Tiêu đề','2022-03-22 19:25:40','2022-03-22 19:26:07'),(3663,0,'vi','plugins/ecommerce/tax','percentage','Tỉ lệ phần trăm %','2022-03-22 19:25:40','2022-03-22 19:26:07'),(3664,0,'vi','plugins/ecommerce/tax','priority','Thứ tự ưu tiên','2022-03-22 19:25:40','2022-03-22 19:26:07'),(3665,0,'vi','plugins/ecommerce/tax','select_tax','-- lựa chọn --','2022-03-22 19:25:40','2022-03-22 19:26:07'),(3666,0,'en','plugins/faq/faq-category','name','Categories','2022-03-22 19:25:40','2022-03-22 19:26:07'),(3667,0,'en','plugins/faq/faq-category','create','New category','2022-03-22 19:25:40','2022-03-22 19:26:07'),(3668,0,'en','plugins/faq/faq-category','edit','Edit category','2022-03-22 19:25:40','2022-03-22 19:26:07'),(3669,0,'en','plugins/faq/faq','name','FAQ','2022-03-22 19:25:40','2022-03-22 19:26:07'),(3670,0,'en','plugins/faq/faq','create','New faq','2022-03-22 19:25:40','2022-03-22 19:26:07'),(3671,0,'en','plugins/faq/faq','edit','Edit faq','2022-03-22 19:25:40','2022-03-22 19:26:07'),(3672,0,'en','plugins/faq/faq','question','Question','2022-03-22 19:25:40','2022-03-22 19:26:07'),(3673,0,'en','plugins/faq/faq','answer','Answer','2022-03-22 19:25:40','2022-03-22 19:26:07'),(3674,0,'en','plugins/faq/faq','category','Category','2022-03-22 19:25:40','2022-03-22 19:26:07'),(3675,0,'en','plugins/faq/faq','all','All','2022-03-22 19:25:40','2022-03-22 19:26:07'),(3676,0,'en','plugins/faq/faq','faq_schema_config','FAQ schema configuration (:link)','2022-03-22 19:25:40','2022-03-22 19:26:07'),(3677,0,'en','plugins/faq/faq','learn_more','Learn more','2022-03-22 19:25:40','2022-03-22 19:26:07'),(3678,0,'en','plugins/faq/faq','settings.title','FAQ','2022-03-22 19:25:40','2022-03-22 19:26:07'),(3679,0,'en','plugins/faq/faq','settings.description','Settings for FAQ','2022-03-22 19:25:40','2022-03-22 19:26:07'),(3680,0,'en','plugins/faq/faq','settings.enable_faq_schema','Enable FAQ Schema?','2022-03-22 19:25:40','2022-03-22 19:26:07'),(3681,0,'en','plugins/faq/faq','settings.enable_faq_schema_description','Learn more: https://developers.google.com/search/docs/data-types/faqpage','2022-03-22 19:25:40','2022-03-22 19:26:07'),(3682,0,'en','plugins/faq/faq','select_category','Select a category','2022-03-22 19:25:40','2022-03-22 19:26:07'),(3683,0,'en','plugins/faq/faq','add_item','Add item','2022-03-22 19:25:40','2022-03-22 19:26:07'),(3684,0,'vi','plugins/faq/faq','name','Câu hỏi thường gặp','2022-03-22 19:25:40','2022-03-22 19:26:07'),(3685,0,'vi','plugins/faq/faq','create','Thêm câu hỏi','2022-03-22 19:25:40','2022-03-22 19:26:07'),(3686,0,'vi','plugins/faq/faq','edit','Sửa câu hỏi','2022-03-22 19:25:40','2022-03-22 19:26:07'),(3687,0,'vi','plugins/faq/faq','question','Câu hỏi','2022-03-22 19:25:40','2022-03-22 19:26:07'),(3688,0,'vi','plugins/faq/faq','answer','Trả lời','2022-03-22 19:25:40','2022-03-22 19:26:07'),(3689,0,'en','plugins/language/language','name','Languages','2022-03-22 19:25:40','2022-03-22 19:26:07'),(3690,0,'en','plugins/language/language','choose_language','Choose a language','2022-03-22 19:25:40','2022-03-22 19:26:07'),(3691,0,'en','plugins/language/language','select_language','Select language','2022-03-22 19:25:40','2022-03-22 19:26:07'),(3692,0,'en','plugins/language/language','choose_language_helper','You can choose a language in the list or directly edit it below.','2022-03-22 19:25:40','2022-03-22 19:26:07'),(3693,0,'en','plugins/language/language','language_name','Language name','2022-03-22 19:25:40','2022-03-22 19:26:07'),(3694,0,'en','plugins/language/language','language_name_helper','The name is how it is displayed on your site (for example: English).','2022-03-22 19:25:40','2022-03-22 19:26:07'),(3695,0,'en','plugins/language/language','locale','Locale','2022-03-22 19:25:40','2022-03-22 19:26:07'),(3696,0,'en','plugins/language/language','locale_helper','Laravel Locale for the language (for example: <code>en</code>).','2022-03-22 19:25:40','2022-03-22 19:26:07'),(3697,0,'en','plugins/language/language','language_code','Language code','2022-03-22 19:25:40','2022-03-22 19:26:07'),(3698,0,'en','plugins/language/language','language_code_helper','Language code - preferably 2-letters ISO 639-1 (for example: en)','2022-03-22 19:25:40','2022-03-22 19:26:07'),(3699,0,'en','plugins/language/language','text_direction','Text direction','2022-03-22 19:25:40','2022-03-22 19:26:07'),(3700,0,'en','plugins/language/language','text_direction_helper','Choose the text direction for the language','2022-03-22 19:25:40','2022-03-22 19:26:07'),(3701,0,'en','plugins/language/language','left_to_right','Left to right','2022-03-22 19:25:40','2022-03-22 19:26:07'),(3702,0,'en','plugins/language/language','right_to_left','Right to left','2022-03-22 19:25:40','2022-03-22 19:26:07'),(3703,0,'en','plugins/language/language','flag','Flag','2022-03-22 19:25:40','2022-03-22 19:26:07'),(3704,0,'en','plugins/language/language','flag_helper','Choose a flag for the language.','2022-03-22 19:25:40','2022-03-22 19:26:07'),(3705,0,'en','plugins/language/language','order','Order','2022-03-22 19:25:40','2022-03-22 19:26:07'),(3706,0,'en','plugins/language/language','order_helper','Position of the language in the language switcher','2022-03-22 19:25:40','2022-03-22 19:26:07'),(3707,0,'en','plugins/language/language','add_new_language','Add new language','2022-03-22 19:25:40','2022-03-22 19:26:07'),(3708,0,'en','plugins/language/language','code','Code','2022-03-22 19:25:40','2022-03-22 19:26:07'),(3709,0,'en','plugins/language/language','default_language','Is default?','2022-03-22 19:25:40','2022-03-22 19:26:07'),(3710,0,'en','plugins/language/language','actions','Actions','2022-03-22 19:25:40','2022-03-22 19:26:07'),(3711,0,'en','plugins/language/language','translations','Translations','2022-03-22 19:25:40','2022-03-22 19:26:07'),(3712,0,'en','plugins/language/language','edit','Edit','2022-03-22 19:25:40','2022-03-22 19:26:07'),(3713,0,'en','plugins/language/language','edit_tooltip','Edit this language','2022-03-22 19:25:40','2022-03-22 19:26:07'),(3714,0,'en','plugins/language/language','delete','Delete','2022-03-22 19:25:40','2022-03-22 19:26:07'),(3715,0,'en','plugins/language/language','delete_tooltip','Delete this language and all its associated data','2022-03-22 19:25:40','2022-03-22 19:26:07'),(3716,0,'en','plugins/language/language','choose_default_language','Choose :language as default language','2022-03-22 19:25:40','2022-03-22 19:26:07'),(3717,0,'en','plugins/language/language','current_language','Current record\'s language','2022-03-22 19:25:40','2022-03-22 19:26:07'),(3718,0,'en','plugins/language/language','edit_related','Edit related language for this record','2022-03-22 19:25:40','2022-03-22 19:26:07'),(3719,0,'en','plugins/language/language','add_language_for_item','Add other language version for this record','2022-03-22 19:25:40','2022-03-22 19:26:07'),(3720,0,'en','plugins/language/language','settings','Settings','2022-03-22 19:25:40','2022-03-22 19:26:07'),(3721,0,'en','plugins/language/language','language_hide_default','Hide default language from URL?','2022-03-22 19:25:40','2022-03-22 19:26:07'),(3722,0,'en','plugins/language/language','language_display_flag_only','Flag only','2022-03-22 19:25:40','2022-03-22 19:26:07'),(3723,0,'en','plugins/language/language','language_display_name_only','Name only','2022-03-22 19:25:40','2022-03-22 19:26:07'),(3724,0,'en','plugins/language/language','language_display_all','Display all flag and name','2022-03-22 19:25:40','2022-03-22 19:26:07'),(3725,0,'en','plugins/language/language','language_display','Language display','2022-03-22 19:25:40','2022-03-22 19:26:07'),(3726,0,'en','plugins/language/language','switcher_display','Switcher language display','2022-03-22 19:25:40','2022-03-22 19:26:07'),(3727,0,'en','plugins/language/language','language_switcher_display_dropdown','Dropdown','2022-03-22 19:25:40','2022-03-22 19:26:07'),(3728,0,'en','plugins/language/language','language_switcher_display_list','List','2022-03-22 19:25:40','2022-03-22 19:26:07'),(3729,0,'en','plugins/language/language','current_language_edit_notification','You are editing \"<strong class=\"current_language_text\">:language</strong>\" version','2022-03-22 19:25:40','2022-03-22 19:26:07'),(3730,0,'en','plugins/language/language','confirm-change-language','Confirm change language','2022-03-22 19:25:40','2022-03-22 19:26:07'),(3731,0,'en','plugins/language/language','confirm-change-language-message','Do you really want to change language to \"<strong class=\"change_to_language_text\"></strong>\" ? This action will be override \"<strong class=\"change_to_language_text\"></strong>\" version if it\'s existed!','2022-03-22 19:25:40','2022-03-22 19:26:07'),(3732,0,'en','plugins/language/language','confirm-change-language-btn','Confirm change','2022-03-22 19:25:40','2022-03-22 19:26:07'),(3733,0,'en','plugins/language/language','hide_languages','Hide languages','2022-03-22 19:25:40','2022-03-22 19:26:07'),(3734,0,'en','plugins/language/language','hide_languages_description','You can completely hide content in specific languages from visitors and search engines, but still view it yourself. This allows reviewing translations that are in progress.','2022-03-22 19:25:41','2022-03-22 19:26:07'),(3735,0,'en','plugins/language/language','hide_languages_helper_display_hidden','{0} All languages are currently displayed.|{1} :language is currently hidden to visitors.|[2, Inf] :language are currently hidden to visitors.','2022-03-22 19:25:41','2022-03-22 19:26:07'),(3736,0,'en','plugins/language/language','show_all','Show all','2022-03-22 19:25:41','2022-03-22 19:26:07'),(3737,0,'en','plugins/language/language','change_language','Language','2022-03-22 19:25:41','2022-03-22 19:26:07'),(3738,0,'en','plugins/language/language','language_show_default_item_if_current_version_not_existed','Show item in default language if it is not existed in current language','2022-03-22 19:25:41','2022-03-22 19:26:07'),(3739,0,'en','plugins/language/language','select_flag','Select a flag...','2022-03-22 19:25:41','2022-03-22 19:26:07'),(3740,0,'en','plugins/language/language','delete_confirmation_message','Do you really want to delete this language? It also deletes all items in this language and cannot rollback!','2022-03-22 19:25:41','2022-03-22 19:26:07'),(3741,0,'en','plugins/language/language','added_already','This language was added already!','2022-03-22 19:25:41','2022-03-22 19:26:07'),(3742,0,'en','plugins/language/language','language_auto_detect_user_language','Auto detect user language?','2022-03-22 19:25:41','2022-03-22 19:26:07'),(3743,0,'en','plugins/location/bulk-import','name','Bulk Import','2022-03-22 19:25:41','2022-03-22 19:26:07'),(3744,0,'en','plugins/location/bulk-import','loading_text','Importing','2022-03-22 19:25:41','2022-03-22 19:26:07'),(3745,0,'en','plugins/location/bulk-import','imported_successfully','Imported successfully.','2022-03-22 19:25:41','2022-03-22 19:26:07'),(3746,0,'en','plugins/location/bulk-import','please_choose_the_file_mime','Please choose the file mime :types','2022-03-22 19:25:41','2022-03-22 19:26:07'),(3747,0,'en','plugins/location/bulk-import','please_choose_the_file','Please choose the file','2022-03-22 19:25:41','2022-03-22 19:26:07'),(3748,0,'en','plugins/location/bulk-import','start_import','Start Import','2022-03-22 19:25:41','2022-03-22 19:26:07'),(3749,0,'en','plugins/location/bulk-import','note','Note!','2022-03-22 19:25:41','2022-03-22 19:26:07'),(3750,0,'en','plugins/location/bulk-import','warning_before_importing','If this is your first time using this feature, please read the documentation or contact the Administrator for access to the correct functionality!','2022-03-22 19:25:41','2022-03-22 19:26:07'),(3751,0,'en','plugins/location/bulk-import','results','Result: :success successes, :failed failures','2022-03-22 19:25:41','2022-03-22 19:26:07'),(3752,0,'en','plugins/location/bulk-import','failures','Failures','2022-03-22 19:25:41','2022-03-22 19:26:07'),(3753,0,'en','plugins/location/bulk-import','tables.import','Import','2022-03-22 19:25:41','2022-03-22 19:26:07'),(3754,0,'en','plugins/location/bulk-import','template','Template','2022-03-22 19:25:41','2022-03-22 19:26:07'),(3755,0,'en','plugins/location/bulk-import','rules','Rules','2022-03-22 19:25:41','2022-03-22 19:26:07'),(3756,0,'en','plugins/location/bulk-import','choose_file_with_mime','Choose file with mime: (:types)','2022-03-22 19:25:41','2022-03-22 19:26:07'),(3757,0,'en','plugins/location/bulk-import','choose_file','Choose file','2022-03-22 19:25:41','2022-03-22 19:26:07'),(3758,0,'en','plugins/location/bulk-import','menu','Import locations','2022-03-22 19:25:41','2022-03-22 19:26:07'),(3759,0,'en','plugins/location/bulk-import','download-csv-file','Download CSV template','2022-03-22 19:25:41','2022-03-22 19:26:07'),(3760,0,'en','plugins/location/bulk-import','download-excel-file','Download Excel template','2022-03-22 19:25:41','2022-03-22 19:26:07'),(3761,0,'en','plugins/location/bulk-import','downloading','Downloading...','2022-03-22 19:25:41','2022-03-22 19:26:07'),(3762,0,'en','plugins/location/bulk-import','export.template.input_error','Input error','2022-03-22 19:25:41','2022-03-22 19:26:07'),(3763,0,'en','plugins/location/bulk-import','export.template.number_not_allowed','Number is not allowed!','2022-03-22 19:25:41','2022-03-22 19:26:07'),(3764,0,'en','plugins/location/bulk-import','export.template.allowed_input','Allowed input','2022-03-22 19:25:41','2022-03-22 19:26:07'),(3765,0,'en','plugins/location/bulk-import','export.template.prompt_decimal','Only numbers or decimals are accepted and greater than or equal to :min.','2022-03-22 19:25:41','2022-03-22 19:26:07'),(3766,0,'en','plugins/location/bulk-import','export.template.prompt_whole_number','Only numbers are accepted and greater than or equal to :min.','2022-03-22 19:25:41','2022-03-22 19:26:07'),(3767,0,'en','plugins/location/bulk-import','export.template.prompt_list','Please pick a value from the drop-down list.','2022-03-22 19:25:41','2022-03-22 19:26:07'),(3768,0,'en','plugins/location/bulk-import','export.template.pick_from_list','Pick from list','2022-03-22 19:25:41','2022-03-22 19:26:07'),(3769,0,'en','plugins/location/bulk-import','export.template.value_not_in_list','Value is not in list.','2022-03-22 19:25:41','2022-03-22 19:26:07'),(3770,0,'en','plugins/location/bulk-import','export.template.max_text_length','Max text length','2022-03-22 19:25:41','2022-03-22 19:26:07'),(3771,0,'en','plugins/location/bulk-import','export.template.prompt_max_text_length','Only accept text with length less than or equal to :max.','2022-03-22 19:25:41','2022-03-22 19:26:07'),(3772,0,'en','plugins/location/bulk-import','import_failed_description','Import failed, please check the errors below!','2022-03-22 19:25:41','2022-03-22 19:26:07'),(3773,0,'en','plugins/location/bulk-import','available_enable_multi_language','Only available when you enable \"Is Multi Language?\"','2022-03-22 19:25:41','2022-03-22 19:26:07'),(3774,0,'en','plugins/location/bulk-import','import_type_required_if','The :attribute field is required when \"Import Type\" is :value.','2022-03-22 19:25:41','2022-03-22 19:26:07'),(3775,0,'en','plugins/location/bulk-import','import_available_data','Import available data','2022-03-22 19:25:41','2022-03-22 19:26:07'),(3776,0,'en','plugins/location/bulk-import','import','Import','2022-03-22 19:25:41','2022-03-22 19:26:07'),(3777,0,'en','plugins/location/bulk-import','import_available_data_confirmation','Import available data confirmation','2022-03-22 19:25:41','2022-03-22 19:26:07'),(3778,0,'en','plugins/location/bulk-import','import_available_data_confirmation_content','Do you really want to import states/cities for this country?','2022-03-22 19:25:41','2022-03-22 19:26:07'),(3779,0,'en','plugins/location/city','name','Cities','2022-03-22 19:25:41','2022-03-22 19:26:07'),(3780,0,'en','plugins/location/city','create','New city','2022-03-22 19:25:41','2022-03-22 19:26:07'),(3781,0,'en','plugins/location/city','edit','Edit city','2022-03-22 19:25:41','2022-03-22 19:26:07'),(3782,0,'en','plugins/location/city','state','State','2022-03-22 19:25:41','2022-03-22 19:26:07'),(3783,0,'en','plugins/location/city','select_state','Select state...','2022-03-22 19:25:41','2022-03-22 19:26:07'),(3784,0,'en','plugins/location/city','select_city','Select city...','2022-03-22 19:25:41','2022-03-22 19:26:07'),(3785,0,'en','plugins/location/city','country','Country','2022-03-22 19:25:41','2022-03-22 19:26:07'),(3786,0,'en','plugins/location/city','select_country','Select country...','2022-03-22 19:25:41','2022-03-22 19:26:07'),(3787,0,'en','plugins/location/city','city','City','2022-03-22 19:25:41','2022-03-22 19:26:07'),(3788,0,'en','plugins/location/country','name','Countries','2022-03-22 19:25:41','2022-03-22 19:26:07'),(3789,0,'en','plugins/location/country','create','New country','2022-03-22 19:25:41','2022-03-22 19:26:07'),(3790,0,'en','plugins/location/country','edit','Edit country','2022-03-22 19:25:41','2022-03-22 19:26:07'),(3791,0,'en','plugins/location/country','nationality','Nationality','2022-03-22 19:25:41','2022-03-22 19:26:07'),(3792,0,'en','plugins/location/country','code','Country ISO code','2022-03-22 19:25:41','2022-03-22 19:26:07'),(3793,0,'en','plugins/location/country','code_placeholder','ISO country code, uppercase. Ex: US.','2022-03-22 19:25:41','2022-03-22 19:26:07'),(3794,0,'en','plugins/location/country','code_helper','Find country ISO code from here: https://en.wikipedia.org/wiki/List_of_ISO_3166_country_codes','2022-03-22 19:25:41','2022-03-22 19:26:07'),(3795,0,'en','plugins/location/location','name','Locations','2022-03-22 19:25:41','2022-03-22 19:26:07'),(3796,0,'en','plugins/location/location','create','New location','2022-03-22 19:25:41','2022-03-22 19:26:07'),(3797,0,'en','plugins/location/location','edit','Edit location','2022-03-22 19:25:41','2022-03-22 19:26:07'),(3798,0,'en','plugins/location/location','all_states','All states','2022-03-22 19:25:41','2022-03-22 19:26:07'),(3799,0,'en','plugins/location/location','abbreviation','Abbreviation','2022-03-22 19:25:41','2022-03-22 19:26:07'),(3800,0,'en','plugins/location/location','abbreviation_placeholder','E.g: CA','2022-03-22 19:25:41','2022-03-22 19:26:07'),(3801,0,'en','plugins/location/state','name','States','2022-03-22 19:25:41','2022-03-22 19:26:07'),(3802,0,'en','plugins/location/state','create','New state','2022-03-22 19:25:41','2022-03-22 19:26:07'),(3803,0,'en','plugins/location/state','edit','Edit state','2022-03-22 19:25:41','2022-03-22 19:26:07'),(3804,0,'en','plugins/location/state','country','Country','2022-03-22 19:25:41','2022-03-22 19:26:07'),(3805,0,'en','plugins/location/state','select_country','Select a country...','2022-03-22 19:25:41','2022-03-22 19:26:07'),(3806,0,'en','plugins/location/state','state','State','2022-03-22 19:25:41','2022-03-22 19:26:07'),(3807,0,'en','plugins/marketplace/marketplace','name','Marketplace','2022-03-22 19:25:41','2022-03-22 19:26:07'),(3808,0,'en','plugins/marketplace/marketplace','email.store_new_order_title','Notice about new order','2022-03-22 19:25:41','2022-03-22 19:26:07'),(3809,0,'en','plugins/marketplace/marketplace','email.store_new_order_description','Send email to the store owner when an order placed','2022-03-22 19:25:41','2022-03-22 19:26:07'),(3810,0,'en','plugins/marketplace/marketplace','email.verify_vendor_title','Verify vendor','2022-03-22 19:25:41','2022-03-22 19:26:07'),(3811,0,'en','plugins/marketplace/marketplace','email.verify_vendor_description','Send email to the admin when a vendor registers','2022-03-22 19:25:41','2022-03-22 19:26:07'),(3812,0,'en','plugins/marketplace/marketplace','email.pending_product_approval_title','Pending product approval','2022-03-22 19:25:41','2022-03-22 19:26:07'),(3813,0,'en','plugins/marketplace/marketplace','email.pending_product_approval_description','Send email to the admin when a vendor post their products','2022-03-22 19:25:41','2022-03-22 19:26:07'),(3814,0,'en','plugins/marketplace/marketplace','email.vendor_account_approved_title','Vendor account approved','2022-03-22 19:25:41','2022-03-22 19:26:07'),(3815,0,'en','plugins/marketplace/marketplace','email.vendor_account_approved_description','Send email to vendor when their account approved','2022-03-22 19:25:41','2022-03-22 19:26:07'),(3816,0,'en','plugins/marketplace/marketplace','email.product_approved_title','Product approved','2022-03-22 19:25:41','2022-03-22 19:26:07'),(3817,0,'en','plugins/marketplace/marketplace','email.product_approved_description','Send email to vendor when their product approved','2022-03-22 19:25:41','2022-03-22 19:26:07'),(3818,0,'en','plugins/marketplace/marketplace','email.withdrawal_approved_title','Withdrawal approved','2022-03-22 19:25:41','2022-03-22 19:26:07'),(3819,0,'en','plugins/marketplace/marketplace','email.withdrawal_approved_description','Send email to vendor when their withdrawal request approved','2022-03-22 19:25:41','2022-03-22 19:26:07'),(3820,0,'en','plugins/marketplace/marketplace','current_balance','Current balance','2022-03-22 19:25:41','2022-03-22 19:26:07'),(3821,0,'en','plugins/marketplace/marketplace','settings.name','Settings','2022-03-22 19:25:41','2022-03-22 19:26:07'),(3822,0,'en','plugins/marketplace/marketplace','settings.title','Settings for marketplace','2022-03-22 19:25:41','2022-03-22 19:26:07'),(3823,0,'en','plugins/marketplace/marketplace','settings.description','','2022-03-22 19:25:41','2022-03-22 19:26:07'),(3824,0,'en','plugins/marketplace/marketplace','settings.fee_per_order','Fee per order (%), suggest: 2 or 3','2022-03-22 19:25:41','2022-03-22 19:26:07'),(3825,0,'en','plugins/marketplace/marketplace','settings.fee_withdrawal','Fee withdrawal (Fixed amount)','2022-03-22 19:25:41','2022-03-22 19:26:07'),(3826,0,'en','plugins/marketplace/marketplace','settings.check_valid_signature','Check valid signature in vendor\'s earnings','2022-03-22 19:25:41','2022-03-22 19:26:07'),(3827,0,'en','plugins/marketplace/marketplace','settings.verify_vendor','Vendor verification (Vendor just can post their product listing after getting verified)','2022-03-22 19:25:41','2022-03-22 19:26:07'),(3828,0,'en','plugins/marketplace/marketplace','settings.enable_product_approval','Enable product approval','2022-03-22 19:25:41','2022-03-22 19:26:07'),(3829,0,'en','plugins/marketplace/marketplace','settings.hide_store_phone_number','Hide store phone number?','2022-03-22 19:25:41','2022-03-22 19:26:07'),(3830,0,'en','plugins/marketplace/marketplace','theme_options.name','Marketplace','2022-03-22 19:25:41','2022-03-22 19:26:07'),(3831,0,'en','plugins/marketplace/marketplace','theme_options.description','Theme options for Marketplace','2022-03-22 19:25:41','2022-03-22 19:26:07'),(3832,0,'en','plugins/marketplace/marketplace','theme_options.logo_vendor_dashboard','Logo in the vendor dashboard (Default is the main logo)','2022-03-22 19:25:41','2022-03-22 19:26:07'),(3833,0,'en','plugins/marketplace/marketplace','store_name','Store name','2022-03-22 19:25:41','2022-03-22 19:26:07'),(3834,0,'en','plugins/marketplace/marketplace','store_email','Store email','2022-03-22 19:25:41','2022-03-22 19:26:07'),(3835,0,'en','plugins/marketplace/marketplace','store_phone','Store phone','2022-03-22 19:25:41','2022-03-22 19:26:07'),(3836,0,'en','plugins/marketplace/marketplace','product_name','Product name','2022-03-22 19:25:41','2022-03-22 19:26:07'),(3837,0,'en','plugins/marketplace/marketplace','product_url','Product URL','2022-03-22 19:25:41','2022-03-22 19:26:07'),(3838,0,'en','plugins/marketplace/marketplace','withdrawal_amount','Withdrawal amount','2022-03-22 19:25:41','2022-03-22 19:26:07'),(3839,0,'en','plugins/marketplace/marketplace','helpers.customer_status','If you change the status other than \":status\" this vendor\'s store will also change to \":store\"','2022-03-22 19:25:41','2022-03-22 19:26:07'),(3840,0,'en','plugins/marketplace/marketplace','helpers.store_status','If you change the status other than \":status\" this store\'s account will also change to \":customer\"','2022-03-22 19:25:41','2022-03-22 19:26:07'),(3841,0,'en','plugins/marketplace/marketplace','tables.earnings','Earnings','2022-03-22 19:25:41','2022-03-22 19:26:07'),(3842,0,'en','plugins/marketplace/marketplace','tables.products_count','Products Count','2022-03-22 19:25:41','2022-03-22 19:26:07'),(3843,0,'en','plugins/marketplace/order','shipping_method_required','Shipping method for \":name\" store order is required.','2022-03-22 19:25:41','2022-03-22 19:26:07'),(3844,0,'en','plugins/marketplace/order','shipping_method_in','Shipping method for \":name\" store order is invalid.','2022-03-22 19:25:41','2022-03-22 19:26:07'),(3845,0,'en','plugins/marketplace/order','shipping_option_required','Shipping option for \":name\" store order is required.','2022-03-22 19:25:41','2022-03-22 19:26:07'),(3846,0,'en','plugins/marketplace/order','refund.insufficient_balance','Balance of vendor is not enough to refund order, balance: :balance','2022-03-22 19:25:41','2022-03-22 19:26:07'),(3847,0,'en','plugins/marketplace/order','refund.description','Refunded from the order #:order','2022-03-22 19:25:41','2022-03-22 19:26:07'),(3848,0,'en','plugins/marketplace/order','products_are_from_different_vendors','Cannot create order! Products are from different vendors.','2022-03-22 19:25:41','2022-03-22 19:26:07'),(3849,0,'en','plugins/marketplace/revenue','edit','Update wallet balance','2022-03-22 19:25:41','2022-03-22 19:26:07'),(3850,0,'en','plugins/marketplace/revenue','view_store','View store \":store\"','2022-03-22 19:25:41','2022-03-22 19:26:07'),(3851,0,'en','plugins/marketplace/revenue','forms.description_placeholder','Update the exact amount with order #__ORDER_ID__ with reason: __REASON__','2022-03-22 19:25:41','2022-03-22 19:26:07'),(3852,0,'en','plugins/marketplace/revenue','forms.amount','Amount','2022-03-22 19:25:41','2022-03-22 19:26:07'),(3853,0,'en','plugins/marketplace/revenue','forms.amount_placeholder','Enter Amount','2022-03-22 19:25:41','2022-03-22 19:26:07'),(3854,0,'en','plugins/marketplace/revenue','forms.type','Type','2022-03-22 19:25:41','2022-03-22 19:26:07'),(3855,0,'en','plugins/marketplace/revenue','forms.created_by','Created By','2022-03-22 19:25:41','2022-03-22 19:26:07'),(3856,0,'en','plugins/marketplace/revenue','types.add-amount','Add Amount','2022-03-22 19:25:41','2022-03-22 19:26:07'),(3857,0,'en','plugins/marketplace/revenue','types.subtract-amount','Subtract Amount','2022-03-22 19:25:41','2022-03-22 19:26:07'),(3858,0,'en','plugins/marketplace/revenue','store_name','Store Name','2022-03-22 19:25:41','2022-03-22 19:26:07'),(3859,0,'en','plugins/marketplace/revenue','vendor_name','Vendor Name','2022-03-22 19:25:41','2022-03-22 19:26:07'),(3860,0,'en','plugins/marketplace/revenue','balance','Balance','2022-03-22 19:25:41','2022-03-22 19:26:07'),(3861,0,'en','plugins/marketplace/revenue','store_information','Store information','2022-03-22 19:25:41','2022-03-22 19:26:07'),(3862,0,'en','plugins/marketplace/revenue','update_balance','Adjust Balance','2022-03-22 19:25:41','2022-03-22 19:26:07'),(3863,0,'en','plugins/marketplace/revenue','update_balance_title','Add/Subtract amount of vendor','2022-03-22 19:25:41','2022-03-22 19:26:07'),(3864,0,'en','plugins/marketplace/revenue','statements','Statements','2022-03-22 19:25:41','2022-03-22 19:26:07'),(3865,0,'en','plugins/marketplace/revenue','products','Products','2022-03-22 19:25:41','2022-03-22 19:26:07'),(3866,0,'en','plugins/marketplace/store','name','Stores','2022-03-22 19:25:41','2022-03-22 19:26:07'),(3867,0,'en','plugins/marketplace/store','create','New store','2022-03-22 19:25:41','2022-03-22 19:26:07'),(3868,0,'en','plugins/marketplace/store','edit','Edit store','2022-03-22 19:25:41','2022-03-22 19:26:07'),(3869,0,'en','plugins/marketplace/store','view','View','2022-03-22 19:25:41','2022-03-22 19:26:07'),(3870,0,'en','plugins/marketplace/store','forms.logo','Logo','2022-03-22 19:25:41','2022-03-22 19:26:07'),(3871,0,'en','plugins/marketplace/store','forms.email','Email','2022-03-22 19:25:41','2022-03-22 19:26:07'),(3872,0,'en','plugins/marketplace/store','forms.email_placeholder','Ex: name@store.com','2022-03-22 19:25:41','2022-03-22 19:26:07'),(3873,0,'en','plugins/marketplace/store','forms.phone','Phone','2022-03-22 19:25:41','2022-03-22 19:26:07'),(3874,0,'en','plugins/marketplace/store','forms.phone_placeholder','Phone','2022-03-22 19:25:41','2022-03-22 19:26:07'),(3875,0,'en','plugins/marketplace/store','forms.address','Address','2022-03-22 19:25:41','2022-03-22 19:26:07'),(3876,0,'en','plugins/marketplace/store','forms.address_placeholder','Address','2022-03-22 19:25:41','2022-03-22 19:26:07'),(3877,0,'en','plugins/marketplace/store','forms.city','City','2022-03-22 19:25:41','2022-03-22 19:26:07'),(3878,0,'en','plugins/marketplace/store','forms.city_placeholder','City','2022-03-22 19:25:41','2022-03-22 19:26:07'),(3879,0,'en','plugins/marketplace/store','forms.state','State','2022-03-22 19:25:41','2022-03-22 19:26:07'),(3880,0,'en','plugins/marketplace/store','forms.state_placeholder','State','2022-03-22 19:25:41','2022-03-22 19:26:07'),(3881,0,'en','plugins/marketplace/store','forms.country','Country','2022-03-22 19:25:41','2022-03-22 19:26:07'),(3882,0,'en','plugins/marketplace/store','forms.country_placeholder','Country','2022-03-22 19:25:41','2022-03-22 19:26:07'),(3883,0,'en','plugins/marketplace/store','forms.store_owner','Store owner','2022-03-22 19:25:41','2022-03-22 19:26:07'),(3884,0,'en','plugins/marketplace/store','forms.select_store_owner','Select a store owner...','2022-03-22 19:25:41','2022-03-22 19:26:07'),(3885,0,'en','plugins/marketplace/store','forms.store','Store','2022-03-22 19:25:41','2022-03-22 19:26:07'),(3886,0,'en','plugins/marketplace/store','forms.select_store','Select a store...','2022-03-22 19:25:41','2022-03-22 19:26:07'),(3887,0,'en','plugins/marketplace/store','forms.is_vendor','Is vendor?','2022-03-22 19:25:41','2022-03-22 19:26:07'),(3888,0,'en','plugins/marketplace/store','store','Store','2022-03-22 19:25:41','2022-03-22 19:26:07'),(3889,0,'en','plugins/marketplace/store','store_name','Store name','2022-03-22 19:25:41','2022-03-22 19:26:07'),(3890,0,'en','plugins/marketplace/store','store_phone','Store phone','2022-03-22 19:25:41','2022-03-22 19:26:07'),(3891,0,'en','plugins/marketplace/store','store_link','Store link','2022-03-22 19:25:41','2022-03-22 19:26:07'),(3892,0,'en','plugins/marketplace/store','product_approval_notification','This product was created by :vendor. It needs to be approved to be shown on your website. :approve_link','2022-03-22 19:25:41','2022-03-22 19:26:07'),(3893,0,'en','plugins/marketplace/store','approve_here','Approve it here.','2022-03-22 19:25:41','2022-03-22 19:26:07'),(3894,0,'en','plugins/marketplace/store','approve_product_confirmation','Approve product confirmation','2022-03-22 19:25:41','2022-03-22 19:26:07'),(3895,0,'en','plugins/marketplace/store','approve_product_confirmation_description','Are you sure you really want to approve this product from :vendor?','2022-03-22 19:25:41','2022-03-22 19:26:07'),(3896,0,'en','plugins/marketplace/store','approve','Approve','2022-03-22 19:25:41','2022-03-22 19:26:07'),(3897,0,'en','plugins/marketplace/store','approve_product_success','Approved product successfully','2022-03-22 19:25:41','2022-03-22 19:26:07'),(3898,0,'en','plugins/marketplace/store','product_approved_notification','This product was created by :vendor. Approved by :user.','2022-03-22 19:25:41','2022-03-22 19:26:07'),(3899,0,'en','plugins/marketplace/store','information','Store information','2022-03-22 19:25:41','2022-03-22 19:26:07'),(3900,0,'en','plugins/marketplace/store','vendor_information','Vendor information','2022-03-22 19:25:41','2022-03-22 19:26:07'),(3901,0,'en','plugins/marketplace/store','vendor_name','Name','2022-03-22 19:25:41','2022-03-22 19:26:07'),(3902,0,'en','plugins/marketplace/store','withdrawal_approval_notification','This withdrawal request has been created by :vendor. Their current balance is :balance.','2022-03-22 19:25:41','2022-03-22 19:26:07'),(3903,0,'en','plugins/marketplace/unverified-vendor','name','Unverified vendors','2022-03-22 19:25:41','2022-03-22 19:26:08'),(3904,0,'en','plugins/marketplace/unverified-vendor','verify','Verify vendor \":name\"','2022-03-22 19:25:41','2022-03-22 19:26:08'),(3905,0,'en','plugins/marketplace/unverified-vendor','forms.email','Email','2022-03-22 19:25:41','2022-03-22 19:26:08'),(3906,0,'en','plugins/marketplace/unverified-vendor','forms.store_name','Store name','2022-03-22 19:25:41','2022-03-22 19:26:08'),(3907,0,'en','plugins/marketplace/unverified-vendor','forms.store_phone','Store phone','2022-03-22 19:25:41','2022-03-22 19:26:08'),(3908,0,'en','plugins/marketplace/unverified-vendor','forms.vendor_phone','Phone','2022-03-22 19:25:42','2022-03-22 19:26:08'),(3909,0,'en','plugins/marketplace/unverified-vendor','forms.verify_vendor','Verify vendor','2022-03-22 19:25:42','2022-03-22 19:26:08'),(3910,0,'en','plugins/marketplace/unverified-vendor','forms.registered_at','Registered At','2022-03-22 19:25:42','2022-03-22 19:26:08'),(3911,0,'en','plugins/marketplace/unverified-vendor','approve','Approve','2022-03-22 19:25:42','2022-03-22 19:26:08'),(3912,0,'en','plugins/marketplace/unverified-vendor','approve_vendor_confirmation','Approve vendor confirmation','2022-03-22 19:25:42','2022-03-22 19:26:08'),(3913,0,'en','plugins/marketplace/unverified-vendor','approve_vendor_confirmation_description','Are you sure you really want to approve :vendor for selling on this site?','2022-03-22 19:25:42','2022-03-22 19:26:08'),(3914,0,'en','plugins/marketplace/unverified-vendor','vendor_approval_notification','Do you want to approve this vendor for selling on this site? Approve here :approve_link','2022-03-22 19:25:42','2022-03-22 19:26:08'),(3915,0,'en','plugins/marketplace/withdrawal','name','Withdrawals','2022-03-22 19:25:42','2022-03-22 19:26:08'),(3916,0,'en','plugins/marketplace/withdrawal','edit','Edit withdrawal','2022-03-22 19:25:42','2022-03-22 19:26:08'),(3917,0,'en','plugins/marketplace/withdrawal','statuses.pending','Pending','2022-03-22 19:25:42','2022-03-22 19:26:08'),(3918,0,'en','plugins/marketplace/withdrawal','statuses.processing','Processing','2022-03-22 19:25:42','2022-03-22 19:26:08'),(3919,0,'en','plugins/marketplace/withdrawal','statuses.completed','Completed','2022-03-22 19:25:42','2022-03-22 19:26:08'),(3920,0,'en','plugins/marketplace/withdrawal','statuses.canceled','Canceled','2022-03-22 19:25:42','2022-03-22 19:26:08'),(3921,0,'en','plugins/marketplace/withdrawal','statuses.refused','Refused','2022-03-22 19:25:42','2022-03-22 19:26:08'),(3922,0,'en','plugins/marketplace/withdrawal','amount','Amount','2022-03-22 19:25:42','2022-03-22 19:26:08'),(3923,0,'en','plugins/marketplace/withdrawal','customer','Customer','2022-03-22 19:25:42','2022-03-22 19:26:08'),(3924,0,'en','plugins/marketplace/withdrawal','vendor','Vendor','2022-03-22 19:25:42','2022-03-22 19:26:08'),(3925,0,'en','plugins/marketplace/withdrawal','currency','Currency','2022-03-22 19:25:42','2022-03-22 19:26:08'),(3926,0,'en','plugins/marketplace/withdrawal','forms.amount','Amount','2022-03-22 19:25:42','2022-03-22 19:26:08'),(3927,0,'en','plugins/marketplace/withdrawal','forms.amount_placeholder','Amount you want to withdrawal','2022-03-22 19:25:42','2022-03-22 19:26:08'),(3928,0,'en','plugins/marketplace/withdrawal','forms.fee','Fee','2022-03-22 19:25:42','2022-03-22 19:26:08'),(3929,0,'en','plugins/marketplace/withdrawal','forms.fee_helper','You have to pay a fee when withdrawing: :fee','2022-03-22 19:25:42','2022-03-22 19:26:08'),(3930,0,'en','plugins/marketplace/withdrawal','forms.pending_status_helper','To complete withdrawal, please update status as processing then completed','2022-03-22 19:25:42','2022-03-22 19:26:08'),(3931,0,'en','plugins/marketplace/withdrawal','forms.payment_channel','Payment Channel','2022-03-22 19:25:42','2022-03-22 19:26:08'),(3932,0,'en','plugins/marketplace/withdrawal','forms.payment_channel_placeholder','Payment Channel','2022-03-22 19:25:42','2022-03-22 19:26:08'),(3933,0,'en','plugins/marketplace/withdrawal','forms.transaction_id','Transaction ID','2022-03-22 19:25:42','2022-03-22 19:26:08'),(3934,0,'en','plugins/marketplace/withdrawal','forms.transaction_id_placeholder','Transaction ID','2022-03-22 19:25:42','2022-03-22 19:26:08'),(3935,0,'en','plugins/newsletter/newsletter','name','Newsletters','2022-03-22 19:25:42','2022-03-22 19:26:08'),(3936,0,'en','plugins/newsletter/newsletter','settings.email.templates.title','Newsletter','2022-03-22 19:25:42','2022-03-22 19:26:08'),(3937,0,'en','plugins/newsletter/newsletter','settings.email.templates.description','Config newsletter email templates','2022-03-22 19:25:42','2022-03-22 19:26:08'),(3938,0,'en','plugins/newsletter/newsletter','settings.email.templates.to_admin.title','Email send to admin','2022-03-22 19:25:42','2022-03-22 19:26:08'),(3939,0,'en','plugins/newsletter/newsletter','settings.email.templates.to_admin.description','Template for sending email to admin','2022-03-22 19:25:42','2022-03-22 19:26:08'),(3940,0,'en','plugins/newsletter/newsletter','settings.email.templates.to_user.title','Email send to user','2022-03-22 19:25:42','2022-03-22 19:26:08'),(3941,0,'en','plugins/newsletter/newsletter','settings.email.templates.to_user.description','Template for sending email to subscriber','2022-03-22 19:25:42','2022-03-22 19:26:08'),(3942,0,'en','plugins/newsletter/newsletter','settings.title','Newsletter','2022-03-22 19:25:42','2022-03-22 19:26:08'),(3943,0,'en','plugins/newsletter/newsletter','settings.description','Settings for newsletter','2022-03-22 19:25:42','2022-03-22 19:26:08'),(3944,0,'en','plugins/newsletter/newsletter','settings.mailchimp_api_key','Mailchimp API Key','2022-03-22 19:25:42','2022-03-22 19:26:08'),(3945,0,'en','plugins/newsletter/newsletter','settings.mailchimp_list_id','Mailchimp List ID','2022-03-22 19:25:42','2022-03-22 19:26:08'),(3946,0,'en','plugins/newsletter/newsletter','settings.mailchimp_list','Mailchimp List','2022-03-22 19:25:42','2022-03-22 19:26:08'),(3947,0,'en','plugins/newsletter/newsletter','settings.sendgrid_api_key','Sendgrid API Key','2022-03-22 19:25:42','2022-03-22 19:26:08'),(3948,0,'en','plugins/newsletter/newsletter','settings.sendgrid_list_id','Sendgrid List ID','2022-03-22 19:25:42','2022-03-22 19:26:08'),(3949,0,'en','plugins/newsletter/newsletter','settings.sendgrid_list','Sendgrid List','2022-03-22 19:25:42','2022-03-22 19:26:08'),(3950,0,'en','plugins/newsletter/newsletter','statuses.subscribed','Subscribed','2022-03-22 19:25:42','2022-03-22 19:26:08'),(3951,0,'en','plugins/newsletter/newsletter','statuses.unsubscribed','Unsubscribed','2022-03-22 19:25:42','2022-03-22 19:26:08'),(3952,0,'en','plugins/payment/payment','payments','Payments','2022-03-22 19:25:42','2022-03-22 19:26:08'),(3953,0,'en','plugins/payment/payment','checkout_success','Checkout successfully!','2022-03-22 19:25:42','2022-03-22 19:26:08'),(3954,0,'en','plugins/payment/payment','view_payment','View payment #','2022-03-22 19:25:42','2022-03-22 19:26:08'),(3955,0,'en','plugins/payment/payment','charge_id','Charge ID','2022-03-22 19:25:42','2022-03-22 19:26:08'),(3956,0,'en','plugins/payment/payment','amount','Amount','2022-03-22 19:25:42','2022-03-22 19:26:08'),(3957,0,'en','plugins/payment/payment','currency','Currency','2022-03-22 19:25:42','2022-03-22 19:26:08'),(3958,0,'en','plugins/payment/payment','user','User','2022-03-22 19:25:42','2022-03-22 19:26:08'),(3959,0,'en','plugins/payment/payment','stripe','Stripe','2022-03-22 19:25:42','2022-03-22 19:26:08'),(3960,0,'en','plugins/payment/payment','paypal','PayPal','2022-03-22 19:25:42','2022-03-22 19:26:08'),(3961,0,'en','plugins/payment/payment','action','Action','2022-03-22 19:25:42','2022-03-22 19:26:08'),(3962,0,'en','plugins/payment/payment','payment_via_card','Payment via card','2022-03-22 19:25:42','2022-03-22 19:26:08'),(3963,0,'en','plugins/payment/payment','card_number','Card number','2022-03-22 19:25:42','2022-03-22 19:26:08'),(3964,0,'en','plugins/payment/payment','full_name','Full name','2022-03-22 19:25:42','2022-03-22 19:26:08'),(3965,0,'en','plugins/payment/payment','payment_via_paypal','Fast and safe online payment via PayPal.','2022-03-22 19:25:42','2022-03-22 19:26:08'),(3966,0,'en','plugins/payment/payment','mm_yy','MM/YY','2022-03-22 19:25:42','2022-03-22 19:26:08'),(3967,0,'en','plugins/payment/payment','cvc','CVC','2022-03-22 19:25:42','2022-03-22 19:26:08'),(3968,0,'en','plugins/payment/payment','details','Details','2022-03-22 19:25:42','2022-03-22 19:26:08'),(3969,0,'en','plugins/payment/payment','payer_name','Payer Name','2022-03-22 19:25:42','2022-03-22 19:26:08'),(3970,0,'en','plugins/payment/payment','email','Email','2022-03-22 19:25:42','2022-03-22 19:26:08'),(3971,0,'en','plugins/payment/payment','phone','Phone','2022-03-22 19:25:42','2022-03-22 19:26:08'),(3972,0,'en','plugins/payment/payment','country','Country','2022-03-22 19:25:42','2022-03-22 19:26:08'),(3973,0,'en','plugins/payment/payment','shipping_address','Shipping Address','2022-03-22 19:25:42','2022-03-22 19:26:08'),(3974,0,'en','plugins/payment/payment','payment_details','Payment Details','2022-03-22 19:25:42','2022-03-22 19:26:08'),(3975,0,'en','plugins/payment/payment','card','Card','2022-03-22 19:25:42','2022-03-22 19:26:08'),(3976,0,'en','plugins/payment/payment','address','Address','2022-03-22 19:25:42','2022-03-22 19:26:08'),(3977,0,'en','plugins/payment/payment','could_not_get_stripe_token','Could not get Stripe token to make a charge.','2022-03-22 19:25:42','2022-03-22 19:26:08'),(3978,0,'en','plugins/payment/payment','payment_id','Payment ID','2022-03-22 19:25:42','2022-03-22 19:26:08'),(3979,0,'en','plugins/payment/payment','payment_methods','Payment methods','2022-03-22 19:25:42','2022-03-22 19:26:08'),(3980,0,'en','plugins/payment/payment','transactions','Transactions','2022-03-22 19:25:42','2022-03-22 19:26:08'),(3981,0,'en','plugins/payment/payment','payment_methods_description','Setup payment methods for website','2022-03-22 19:25:42','2022-03-22 19:26:08'),(3982,0,'en','plugins/payment/payment','paypal_description','Customer can buy product and pay directly via PayPal','2022-03-22 19:25:42','2022-03-22 19:26:08'),(3983,0,'en','plugins/payment/payment','use','Use','2022-03-22 19:25:42','2022-03-22 19:26:08'),(3984,0,'en','plugins/payment/payment','stripe_description','Customer can buy product and pay directly using Visa, Credit card via Stripe','2022-03-22 19:25:42','2022-03-22 19:26:08'),(3985,0,'en','plugins/payment/payment','edit','Edit','2022-03-22 19:25:42','2022-03-22 19:26:08'),(3986,0,'en','plugins/payment/payment','settings','Settings','2022-03-22 19:25:42','2022-03-22 19:26:08'),(3987,0,'en','plugins/payment/payment','activate','Activate','2022-03-22 19:25:42','2022-03-22 19:26:08'),(3988,0,'en','plugins/payment/payment','deactivate','Deactivate','2022-03-22 19:25:42','2022-03-22 19:26:08'),(3989,0,'en','plugins/payment/payment','update','Update','2022-03-22 19:25:42','2022-03-22 19:26:08'),(3990,0,'en','plugins/payment/payment','configuration_instruction','Configuration instruction for :name','2022-03-22 19:25:42','2022-03-22 19:26:08'),(3991,0,'en','plugins/payment/payment','configuration_requirement','To use :name, you need','2022-03-22 19:25:42','2022-03-22 19:26:08'),(3992,0,'en','plugins/payment/payment','service_registration','Register with :name','2022-03-22 19:25:42','2022-03-22 19:26:08'),(3993,0,'en','plugins/payment/payment','after_service_registration_msg','After registration at :name, you will have Client ID, Client Secret','2022-03-22 19:25:42','2022-03-22 19:26:08'),(3994,0,'en','plugins/payment/payment','enter_client_id_and_secret','Enter Client ID, Secret into the box in right hand','2022-03-22 19:25:42','2022-03-22 19:26:08'),(3995,0,'en','plugins/payment/payment','method_name','Method name','2022-03-22 19:25:42','2022-03-22 19:26:08'),(3996,0,'en','plugins/payment/payment','please_provide_information','Please provide information','2022-03-22 19:25:42','2022-03-22 19:26:08'),(3997,0,'en','plugins/payment/payment','client_id','Client ID','2022-03-22 19:25:42','2022-03-22 19:26:08'),(3998,0,'en','plugins/payment/payment','client_secret','Client Secret','2022-03-22 19:25:42','2022-03-22 19:26:08'),(3999,0,'en','plugins/payment/payment','secret','Secret','2022-03-22 19:25:42','2022-03-22 19:26:08'),(4000,0,'en','plugins/payment/payment','stripe_key','Stripe Public Key','2022-03-22 19:25:42','2022-03-22 19:26:08'),(4001,0,'en','plugins/payment/payment','stripe_secret','Stripe Private Key','2022-03-22 19:25:42','2022-03-22 19:26:08'),(4002,0,'en','plugins/payment/payment','stripe_after_service_registration_msg','After registration at :name, you will have Public, Secret keys','2022-03-22 19:25:42','2022-03-22 19:26:08'),(4003,0,'en','plugins/payment/payment','stripe_enter_client_id_and_secret','Enter Public, Secret keys into the box in right hand','2022-03-22 19:25:42','2022-03-22 19:26:08'),(4004,0,'en','plugins/payment/payment','pay_online_via','Pay online via :name','2022-03-22 19:25:42','2022-03-22 19:26:08'),(4005,0,'en','plugins/payment/payment','sandbox_mode','Sandbox mode','2022-03-22 19:25:42','2022-03-22 19:26:08'),(4006,0,'en','plugins/payment/payment','deactivate_payment_method','Deactivate payment method','2022-03-22 19:25:42','2022-03-22 19:26:08'),(4007,0,'en','plugins/payment/payment','deactivate_payment_method_description','Do you really want to deactivate this payment method?','2022-03-22 19:25:42','2022-03-22 19:26:08'),(4008,0,'en','plugins/payment/payment','agree','Agree','2022-03-22 19:25:42','2022-03-22 19:26:08'),(4009,0,'en','plugins/payment/payment','name','Payments','2022-03-22 19:25:42','2022-03-22 19:26:08'),(4010,0,'en','plugins/payment/payment','create','New payment','2022-03-22 19:25:42','2022-03-22 19:26:08'),(4011,0,'en','plugins/payment/payment','go_back','Go back','2022-03-22 19:25:42','2022-03-22 19:26:08'),(4012,0,'en','plugins/payment/payment','information','Information','2022-03-22 19:25:42','2022-03-22 19:26:08'),(4013,0,'en','plugins/payment/payment','methods.paypal','PayPal','2022-03-22 19:25:42','2022-03-22 19:26:08'),(4014,0,'en','plugins/payment/payment','methods.stripe','Stripe','2022-03-22 19:25:42','2022-03-22 19:26:08'),(4015,0,'en','plugins/payment/payment','methods.cod','Cash on delivery (COD)','2022-03-22 19:25:42','2022-03-22 19:26:08'),(4016,0,'en','plugins/payment/payment','methods.bank_transfer','Bank transfer','2022-03-22 19:25:42','2022-03-22 19:26:08'),(4017,0,'en','plugins/payment/payment','statuses.pending','Pending','2022-03-22 19:25:42','2022-03-22 19:26:08'),(4018,0,'en','plugins/payment/payment','statuses.completed','Completed','2022-03-22 19:25:42','2022-03-22 19:26:08'),(4019,0,'en','plugins/payment/payment','statuses.refunding','Refunding','2022-03-22 19:25:42','2022-03-22 19:26:08'),(4020,0,'en','plugins/payment/payment','statuses.refunded','Refunded','2022-03-22 19:25:42','2022-03-22 19:26:08'),(4021,0,'en','plugins/payment/payment','statuses.fraud','Fraud','2022-03-22 19:25:42','2022-03-22 19:26:08'),(4022,0,'en','plugins/payment/payment','statuses.failed','Failed','2022-03-22 19:25:42','2022-03-22 19:26:08'),(4023,0,'en','plugins/payment/payment','payment_methods_instruction','Guide customers to pay directly. You can choose to pay by delivery or bank transfer','2022-03-22 19:25:42','2022-03-22 19:26:08'),(4024,0,'en','plugins/payment/payment','payment_method_description','Payment guide - (Displayed on the notice of successful purchase and payment page)','2022-03-22 19:25:42','2022-03-22 19:26:08'),(4025,0,'en','plugins/payment/payment','payment_via_cod','Cash on delivery (COD)','2022-03-22 19:25:42','2022-03-22 19:26:08'),(4026,0,'en','plugins/payment/payment','payment_via_bank_transfer','Bank transfer','2022-03-22 19:25:42','2022-03-22 19:26:08'),(4027,0,'en','plugins/payment/payment','payment_pending','Checkout successfully. Your payment is pending and will be checked by our staff.','2022-03-22 19:25:42','2022-03-22 19:26:08'),(4028,0,'en','plugins/payment/payment','created_at','Created At','2022-03-22 19:25:42','2022-03-22 19:26:08'),(4029,0,'en','plugins/payment/payment','payment_channel','Payment Channel','2022-03-22 19:25:42','2022-03-22 19:26:08'),(4030,0,'en','plugins/payment/payment','total','Total','2022-03-22 19:25:42','2022-03-22 19:26:08'),(4031,0,'en','plugins/payment/payment','status','Status','2022-03-22 19:25:42','2022-03-22 19:26:08'),(4032,0,'en','plugins/payment/payment','default_payment_method','Default payment method','2022-03-22 19:25:42','2022-03-22 19:26:08'),(4033,0,'en','plugins/payment/payment','turn_off_success','Turn off payment method successfully!','2022-03-22 19:25:42','2022-03-22 19:26:08'),(4034,0,'en','plugins/payment/payment','saved_payment_method_success','Saved payment method successfully!','2022-03-22 19:25:42','2022-03-22 19:26:08'),(4035,0,'en','plugins/payment/payment','saved_payment_settings_success','Saved payment settings successfully!','2022-03-22 19:25:42','2022-03-22 19:26:08'),(4036,0,'en','plugins/payment/payment','payment_name','Name','2022-03-22 19:25:42','2022-03-22 19:26:08'),(4037,0,'en','plugins/payment/payment','callback_url','Callback URL','2022-03-22 19:25:42','2022-03-22 19:26:08'),(4038,0,'en','plugins/payment/payment','return_url','Return URL','2022-03-22 19:25:42','2022-03-22 19:26:08'),(4039,0,'en','plugins/payment/payment','payment_not_found','Payment not found!','2022-03-22 19:25:42','2022-03-22 19:26:08'),(4040,0,'en','plugins/payment/payment','refunds.title','Refunds','2022-03-22 19:25:42','2022-03-22 19:26:08'),(4041,0,'en','plugins/payment/payment','refunds.id','ID','2022-03-22 19:25:42','2022-03-22 19:26:08'),(4042,0,'en','plugins/payment/payment','refunds.breakdowns','Breakdowns','2022-03-22 19:25:42','2022-03-22 19:26:08'),(4043,0,'en','plugins/payment/payment','refunds.gross_amount','Gross amount','2022-03-22 19:25:42','2022-03-22 19:26:08'),(4044,0,'en','plugins/payment/payment','refunds.paypal_fee','PayPal fee','2022-03-22 19:25:42','2022-03-22 19:26:08'),(4045,0,'en','plugins/payment/payment','refunds.net_amount','Net amount','2022-03-22 19:25:42','2022-03-22 19:26:08'),(4046,0,'en','plugins/payment/payment','refunds.total_refunded_amount','Total refunded amount','2022-03-22 19:25:42','2022-03-22 19:26:08'),(4047,0,'en','plugins/payment/payment','refunds.create_time','Create time','2022-03-22 19:25:42','2022-03-22 19:26:08'),(4048,0,'en','plugins/payment/payment','refunds.update_time','Update time','2022-03-22 19:25:42','2022-03-22 19:26:08'),(4049,0,'en','plugins/payment/payment','refunds.status','Status','2022-03-22 19:25:42','2022-03-22 19:26:08'),(4050,0,'en','plugins/payment/payment','refunds.description','Description','2022-03-22 19:25:42','2022-03-22 19:26:08'),(4051,0,'en','plugins/payment/payment','refunds.refunded_at','Refunded at','2022-03-22 19:25:42','2022-03-22 19:26:08'),(4052,0,'en','plugins/payment/payment','refunds.error_message','Error message','2022-03-22 19:25:42','2022-03-22 19:26:08'),(4053,0,'en','plugins/payment/payment','view_response_source','View response source','2022-03-22 19:25:42','2022-03-22 19:26:08'),(4054,0,'en','plugins/payment/payment','status_is_not_completed','Status is not COMPLETED','2022-03-22 19:25:42','2022-03-22 19:26:08'),(4055,0,'en','plugins/payment/payment','cannot_found_capture_id','Can not found capture id with payment detail','2022-03-22 19:25:42','2022-03-22 19:26:08'),(4056,0,'en','plugins/payment/payment','amount_refunded','Amount refunded','2022-03-22 19:25:42','2022-03-22 19:26:08'),(4057,0,'en','plugins/payment/payment','amount_remaining','Amount remaining','2022-03-22 19:25:42','2022-03-22 19:26:08'),(4058,0,'en','plugins/payment/payment','paid_at','Paid At','2022-03-22 19:25:42','2022-03-22 19:26:08'),(4059,0,'en','plugins/payment/payment','invalid_settings','Settings for :name are invalid!','2022-03-22 19:25:42','2022-03-22 19:26:08'),(4060,0,'en','plugins/payment/payment','view_transaction','Transaction \":charge_id\"','2022-03-22 19:25:42','2022-03-22 19:26:08'),(4061,0,'en','plugins/payment/payment','payment_description','Pay for your order #:order_id at :site_url','2022-03-22 19:25:42','2022-03-22 19:26:08'),(4062,0,'vi','plugins/payment/payment','payments','Thanh toán','2022-03-22 19:25:42','2022-03-22 19:26:08'),(4063,0,'vi','plugins/payment/payment','checkout_success','Thanh toán thành công!','2022-03-22 19:25:42','2022-03-22 19:26:08'),(4064,0,'vi','plugins/payment/payment','view_payment','Xem thanh toán #','2022-03-22 19:25:42','2022-03-22 19:26:08'),(4065,0,'vi','plugins/payment/payment','charge_id','Mã thanh toán','2022-03-22 19:25:42','2022-03-22 19:26:08'),(4066,0,'vi','plugins/payment/payment','amount','Số tiền','2022-03-22 19:25:42','2022-03-22 19:26:08'),(4067,0,'vi','plugins/payment/payment','currency','Loại tiền tệ','2022-03-22 19:25:42','2022-03-22 19:26:08'),(4068,0,'vi','plugins/payment/payment','user','Người dùng','2022-03-22 19:25:42','2022-03-22 19:26:08'),(4069,0,'vi','plugins/payment/payment','stripe','Stripe','2022-03-22 19:25:42','2022-03-22 19:26:08'),(4070,0,'vi','plugins/payment/payment','paypal','PayPal','2022-03-22 19:25:42','2022-03-22 19:26:08'),(4071,0,'vi','plugins/payment/payment','action','Hành động','2022-03-22 19:25:42','2022-03-22 19:26:08'),(4072,0,'vi','plugins/payment/payment','payment_via_card','Thanh toán qua thẻ','2022-03-22 19:25:42','2022-03-22 19:26:08'),(4073,0,'vi','plugins/payment/payment','card_number','Số thẻ','2022-03-22 19:25:42','2022-03-22 19:26:08'),(4074,0,'vi','plugins/payment/payment','full_name','Họ tên','2022-03-22 19:25:43','2022-03-22 19:26:08'),(4075,0,'vi','plugins/payment/payment','payment_via_paypal','Thanh toán qua PayPal','2022-03-22 19:25:43','2022-03-22 19:26:08'),(4076,0,'vi','plugins/payment/payment','mm_yy','MM/YY','2022-03-22 19:25:43','2022-03-22 19:26:08'),(4077,0,'vi','plugins/payment/payment','cvc','CVC','2022-03-22 19:25:43','2022-03-22 19:26:08'),(4078,0,'vi','plugins/payment/payment','details','Chi tiết','2022-03-22 19:25:43','2022-03-22 19:26:08'),(4079,0,'vi','plugins/payment/payment','payer_name','Tên người mua','2022-03-22 19:25:43','2022-03-22 19:26:08'),(4080,0,'vi','plugins/payment/payment','email','Email','2022-03-22 19:25:43','2022-03-22 19:26:08'),(4081,0,'vi','plugins/payment/payment','phone','Điện thoại','2022-03-22 19:25:43','2022-03-22 19:26:08'),(4082,0,'vi','plugins/payment/payment','country','Quốc gia','2022-03-22 19:25:43','2022-03-22 19:26:08'),(4083,0,'vi','plugins/payment/payment','shipping_address','Địa chỉ giao hàng','2022-03-22 19:25:43','2022-03-22 19:26:08'),(4084,0,'vi','plugins/payment/payment','payment_details','Chi tiết thanh toán','2022-03-22 19:25:43','2022-03-22 19:26:08'),(4085,0,'vi','plugins/payment/payment','card','Thẻ','2022-03-22 19:25:43','2022-03-22 19:26:08'),(4086,0,'vi','plugins/payment/payment','address','Địa chỉ','2022-03-22 19:25:43','2022-03-22 19:26:08'),(4087,0,'vi','plugins/payment/payment','could_not_get_stripe_token','Không thể lấy mã Stripe để thanh toán.','2022-03-22 19:25:43','2022-03-22 19:26:08'),(4088,0,'vi','plugins/payment/payment','payment_id','Mã thanh toán','2022-03-22 19:25:43','2022-03-22 19:26:08'),(4089,0,'vi','plugins/payment/payment','payment_methods','Phương thức thanh toán','2022-03-22 19:25:43','2022-03-22 19:26:08'),(4090,0,'vi','plugins/payment/payment','transactions','Lịch sử giao dịch','2022-03-22 19:25:43','2022-03-22 19:26:08'),(4091,0,'vi','plugins/payment/payment','payment_methods_description','Cài đặt các phương thức thanh toán cho website','2022-03-22 19:25:43','2022-03-22 19:26:08'),(4092,0,'vi','plugins/payment/payment','paypal_description','Khách hàng có thể mua hàng và thanh toán trực tiếp thông qua cổng thanh toán PayPal','2022-03-22 19:25:43','2022-03-22 19:26:08'),(4093,0,'vi','plugins/payment/payment','use','Dùng','2022-03-22 19:25:43','2022-03-22 19:26:08'),(4094,0,'vi','plugins/payment/payment','stripe_description','Khách hàng có thể mua hàng và thanh toán bằng Visa, Credit card thông qua cổng thanh toán Stripe','2022-03-22 19:25:43','2022-03-22 19:26:08'),(4095,0,'vi','plugins/payment/payment','edit','Chỉnh sửa','2022-03-22 19:25:43','2022-03-22 19:26:08'),(4096,0,'vi','plugins/payment/payment','settings','Cài đặt','2022-03-22 19:25:43','2022-03-22 19:26:08'),(4097,0,'vi','plugins/payment/payment','activate','Kích hoạt','2022-03-22 19:25:43','2022-03-22 19:26:08'),(4098,0,'vi','plugins/payment/payment','deactivate','Huỷ kích hoạt','2022-03-22 19:25:43','2022-03-22 19:26:08'),(4099,0,'vi','plugins/payment/payment','update','Cập nhật','2022-03-22 19:25:43','2022-03-22 19:26:08'),(4100,0,'vi','plugins/payment/payment','configuration_instruction','Hướng dẫn cấu hình :name','2022-03-22 19:25:43','2022-03-22 19:26:08'),(4101,0,'vi','plugins/payment/payment','configuration_requirement','Để sử dụng :name bạn cần','2022-03-22 19:25:43','2022-03-22 19:26:08'),(4102,0,'vi','plugins/payment/payment','service_registration','Đăng ký dịch vụ với :name','2022-03-22 19:25:43','2022-03-22 19:26:08'),(4103,0,'vi','plugins/payment/payment','after_service_registration_msg','Sau khi hoàn tất các bước đăng ký tại :name, bạn sẽ có các thông số Client ID, Client Secret','2022-03-22 19:25:43','2022-03-22 19:26:08'),(4104,0,'vi','plugins/payment/payment','enter_client_id_and_secret','Nhập các thông số Client ID, Secret vào ô bên phải','2022-03-22 19:25:43','2022-03-22 19:26:08'),(4105,0,'vi','plugins/payment/payment','method_name','Tên phương thức','2022-03-22 19:25:43','2022-03-22 19:26:08'),(4106,0,'vi','plugins/payment/payment','please_provide_information','Xin vui lòng cung cấp thông tin','2022-03-22 19:25:43','2022-03-22 19:26:08'),(4107,0,'vi','plugins/payment/payment','client_id','Client ID','2022-03-22 19:25:43','2022-03-22 19:26:08'),(4108,0,'vi','plugins/payment/payment','client_secret','Client Secret','2022-03-22 19:25:43','2022-03-22 19:26:08'),(4109,0,'vi','plugins/payment/payment','stripe_key','Stripe Key','2022-03-22 19:25:43','2022-03-22 19:26:08'),(4110,0,'vi','plugins/payment/payment','stripe_secret','Stripe Secret','2022-03-22 19:25:43','2022-03-22 19:26:08'),(4111,0,'vi','plugins/payment/payment','stripe_after_service_registration_msg','After registration at :name, you will have Public, Secret keys','2022-03-22 19:25:43','2022-03-22 19:26:08'),(4112,0,'vi','plugins/payment/payment','stripe_enter_client_id_and_secret','Enter Public, Secret keys into the box in right hand','2022-03-22 19:25:43','2022-03-22 19:26:08'),(4113,0,'vi','plugins/payment/payment','secret','Secret','2022-03-22 19:25:43','2022-03-22 19:26:08'),(4114,0,'vi','plugins/payment/payment','pay_online_via','Thanh toán online qua :name','2022-03-22 19:25:43','2022-03-22 19:26:08'),(4115,0,'vi','plugins/payment/payment','sandbox_mode','Chế độ thử nghiệm','2022-03-22 19:25:43','2022-03-22 19:26:08'),(4116,0,'vi','plugins/payment/payment','deactivate_payment_method','Huỷ kích hoạt phương thức','2022-03-22 19:25:43','2022-03-22 19:26:08'),(4117,0,'vi','plugins/payment/payment','deactivate_payment_method_description','Bạn có chắc chắn muốn huỷ phương thức thành toán này?','2022-03-22 19:25:43','2022-03-22 19:26:08'),(4118,0,'vi','plugins/payment/payment','agree','Đồng ý','2022-03-22 19:25:43','2022-03-22 19:26:08'),(4119,0,'vi','plugins/payment/payment','name','Thanh toán','2022-03-22 19:25:43','2022-03-22 19:26:08'),(4120,0,'vi','plugins/payment/payment','create','Thêm thanh toán mới','2022-03-22 19:25:43','2022-03-22 19:26:08'),(4121,0,'vi','plugins/payment/payment','go_back','Trở lại','2022-03-22 19:25:43','2022-03-22 19:26:08'),(4122,0,'vi','plugins/payment/payment','information','Thông tin','2022-03-22 19:25:43','2022-03-22 19:26:08'),(4123,0,'vi','plugins/payment/payment','methods.paypal','PayPal','2022-03-22 19:25:43','2022-03-22 19:26:08'),(4124,0,'vi','plugins/payment/payment','methods.stripe','Stripe','2022-03-22 19:25:43','2022-03-22 19:26:08'),(4125,0,'vi','plugins/payment/payment','methods.cod','Thanh toán khi giao hàng (COD)','2022-03-22 19:25:43','2022-03-22 19:26:08'),(4126,0,'vi','plugins/payment/payment','methods.bank_transfer','Chuyển khoản qua ngân hàng','2022-03-22 19:25:43','2022-03-22 19:26:08'),(4127,0,'vi','plugins/payment/payment','statuses.pending','Chưa hoàn tất','2022-03-22 19:25:43','2022-03-22 19:26:08'),(4128,0,'vi','plugins/payment/payment','statuses.completed','Đã hoàn thành','2022-03-22 19:25:43','2022-03-22 19:26:08'),(4129,0,'vi','plugins/payment/payment','statuses.refunding','Đang hoàn tiền','2022-03-22 19:25:43','2022-03-22 19:26:08'),(4130,0,'vi','plugins/payment/payment','statuses.refunded','Đã hoàn tiền','2022-03-22 19:25:43','2022-03-22 19:26:08'),(4131,0,'vi','plugins/payment/payment','statuses.fraud','Gian lận','2022-03-22 19:25:43','2022-03-22 19:26:08'),(4132,0,'vi','plugins/payment/payment','statuses.failed','Thất bại','2022-03-22 19:25:43','2022-03-22 19:26:08'),(4133,0,'vi','plugins/payment/payment','payment_methods_instruction','Hướng dẫn khách hàng thanh toán trực tiếp. Có thể chọn thanh toán khi giao hàng hoặc chuyển khoản','2022-03-22 19:25:43','2022-03-22 19:26:08'),(4134,0,'vi','plugins/payment/payment','payment_method_description','Hướng dẫn thanh toán – (Hiển thị ở trang thông báo mua hàng thành công và trang thanh toán)','2022-03-22 19:25:43','2022-03-22 19:26:08'),(4135,0,'vi','plugins/payment/payment','payment_via_cod','Thanh toán khi nhận hàng (COD)','2022-03-22 19:25:43','2022-03-22 19:26:08'),(4136,0,'vi','plugins/payment/payment','payment_via_bank_transfer','Chuyển khoản qua ngân hàng','2022-03-22 19:25:43','2022-03-22 19:26:08'),(4137,0,'vi','plugins/payment/payment','payment_pending','Thực hiện thành công. Thanh toán của bạn đang được xử lý và sẽ được xác nhận bởi nhân viên.','2022-03-22 19:25:43','2022-03-22 19:26:08'),(4138,0,'vi','plugins/payment/payment','created_at','Ngày tạo','2022-03-22 19:25:43','2022-03-22 19:26:08'),(4139,0,'vi','plugins/payment/payment','payment_channel','Phương thức thanh toán','2022-03-22 19:25:43','2022-03-22 19:26:08'),(4140,0,'vi','plugins/payment/payment','total','Tổng cộng','2022-03-22 19:25:43','2022-03-22 19:26:08'),(4141,0,'vi','plugins/payment/payment','status','Trạng thái','2022-03-22 19:25:43','2022-03-22 19:26:08'),(4142,0,'vi','plugins/payment/payment','default_payment_method','Phương thức thanh toán mặc định','2022-03-22 19:25:43','2022-03-22 19:26:08'),(4143,0,'en','plugins/simple-slider/simple-slider','create','New slider','2022-03-22 19:25:43','2022-03-22 19:26:08'),(4144,0,'en','plugins/simple-slider/simple-slider','edit','Edit slider','2022-03-22 19:25:43','2022-03-22 19:26:08'),(4145,0,'en','plugins/simple-slider/simple-slider','menu','Simple sliders','2022-03-22 19:25:43','2022-03-22 19:26:08'),(4146,0,'en','plugins/simple-slider/simple-slider','settings.title','Simple sliders','2022-03-22 19:25:43','2022-03-22 19:26:08'),(4147,0,'en','plugins/simple-slider/simple-slider','settings.description','Settings for Simple sliders','2022-03-22 19:25:43','2022-03-22 19:26:08'),(4148,0,'en','plugins/simple-slider/simple-slider','settings.using_assets','Using default assets?','2022-03-22 19:25:43','2022-03-22 19:26:08'),(4149,0,'en','plugins/simple-slider/simple-slider','settings.using_assets_description','If using assets option is enabled then below scripts will be auto added to front site.','2022-03-22 19:25:43','2022-03-22 19:26:08'),(4150,0,'en','plugins/simple-slider/simple-slider','add_new','Add new','2022-03-22 19:25:43','2022-03-22 19:26:08'),(4151,0,'en','plugins/simple-slider/simple-slider','save_sorting','Save sorting','2022-03-22 19:25:43','2022-03-22 19:26:08'),(4152,0,'en','plugins/simple-slider/simple-slider','key','Key','2022-03-22 19:25:43','2022-03-22 19:26:08'),(4153,0,'en','plugins/simple-slider/simple-slider','slide_items','Slide Items','2022-03-22 19:25:43','2022-03-22 19:26:08'),(4154,0,'en','plugins/simple-slider/simple-slider','update_slide_position_success','Updated slide position successfully!','2022-03-22 19:25:43','2022-03-22 19:26:08'),(4155,0,'en','plugins/simple-slider/simple-slider','create_new_slide','Create a new slide','2022-03-22 19:25:43','2022-03-22 19:26:08'),(4156,0,'en','plugins/simple-slider/simple-slider','edit_slide','Edit slide #:id','2022-03-22 19:25:43','2022-03-22 19:26:08'),(4157,0,'en','plugins/simple-slider/simple-slider','simple_slider_shortcode_name','Simple Slider','2022-03-22 19:25:43','2022-03-22 19:26:08'),(4158,0,'en','plugins/simple-slider/simple-slider','simple_slider_shortcode_description','Add a simple slider','2022-03-22 19:25:43','2022-03-22 19:26:08'),(4159,0,'en','plugins/simple-slider/simple-slider','select_slider','Select a slider','2022-03-22 19:25:43','2022-03-22 19:26:08'),(4160,0,'en','plugins/social-login/social-login','settings.title','Social Login settings','2022-03-22 19:25:43','2022-03-22 19:26:08'),(4161,0,'en','plugins/social-login/social-login','settings.description','Configure social login options','2022-03-22 19:25:43','2022-03-22 19:26:08'),(4162,0,'en','plugins/social-login/social-login','settings.facebook.title','Facebook login settings','2022-03-22 19:25:43','2022-03-22 19:26:08'),(4163,0,'en','plugins/social-login/social-login','settings.facebook.description','Enable/disable & configure app credentials for Facebook login','2022-03-22 19:25:43','2022-03-22 19:26:08'),(4164,0,'en','plugins/social-login/social-login','settings.facebook.app_id','App ID','2022-03-22 19:25:43','2022-03-22 19:26:08'),(4165,0,'en','plugins/social-login/social-login','settings.facebook.app_secret','App Secret','2022-03-22 19:25:43','2022-03-22 19:26:08'),(4166,0,'en','plugins/social-login/social-login','settings.facebook.helper','Please go to https://developers.facebook.com to create new app update App ID, App Secret. Callback URL is :callback','2022-03-22 19:25:43','2022-03-22 19:26:08'),(4167,0,'en','plugins/social-login/social-login','settings.google.title','Google login settings','2022-03-22 19:25:43','2022-03-22 19:26:08'),(4168,0,'en','plugins/social-login/social-login','settings.google.description','Enable/disable & configure app credentials for Google login','2022-03-22 19:25:43','2022-03-22 19:26:08'),(4169,0,'en','plugins/social-login/social-login','settings.google.app_id','App ID','2022-03-22 19:25:43','2022-03-22 19:26:08'),(4170,0,'en','plugins/social-login/social-login','settings.google.app_secret','App Secret','2022-03-22 19:25:43','2022-03-22 19:26:08'),(4171,0,'en','plugins/social-login/social-login','settings.google.helper','Please go to https://console.developers.google.com/apis/dashboard to create new app update App ID, App Secret. Callback URL is :callback','2022-03-22 19:25:43','2022-03-22 19:26:08'),(4172,0,'en','plugins/social-login/social-login','settings.github.title','Github login settings','2022-03-22 19:25:43','2022-03-22 19:26:08'),(4173,0,'en','plugins/social-login/social-login','settings.github.description','Enable/disable & configure app credentials for Github login','2022-03-22 19:25:43','2022-03-22 19:26:08'),(4174,0,'en','plugins/social-login/social-login','settings.github.app_id','App ID','2022-03-22 19:25:43','2022-03-22 19:26:08'),(4175,0,'en','plugins/social-login/social-login','settings.github.app_secret','App Secret','2022-03-22 19:25:43','2022-03-22 19:26:08'),(4176,0,'en','plugins/social-login/social-login','settings.github.helper','Please go to https://github.com/settings/developers to create new app update App ID, App Secret. Callback URL is :callback','2022-03-22 19:25:43','2022-03-22 19:26:08'),(4177,0,'en','plugins/social-login/social-login','settings.linkedin.title','Linkedin login settings','2022-03-22 19:25:43','2022-03-22 19:26:08'),(4178,0,'en','plugins/social-login/social-login','settings.linkedin.description','Enable/disable & configure app credentials for Linkedin login','2022-03-22 19:25:43','2022-03-22 19:26:08'),(4179,0,'en','plugins/social-login/social-login','settings.linkedin.app_id','App ID','2022-03-22 19:25:43','2022-03-22 19:26:08'),(4180,0,'en','plugins/social-login/social-login','settings.linkedin.app_secret','App Secret','2022-03-22 19:25:43','2022-03-22 19:26:08'),(4181,0,'en','plugins/social-login/social-login','settings.linkedin.helper','Please go to https://www.linkedin.com/developers/apps/new to create new app update App ID, App Secret. Callback URL is :callback','2022-03-22 19:25:43','2022-03-22 19:26:08'),(4182,0,'en','plugins/social-login/social-login','settings.enable','Enable?','2022-03-22 19:25:43','2022-03-22 19:26:08'),(4183,0,'en','plugins/social-login/social-login','menu','Social Login','2022-03-22 19:25:43','2022-03-22 19:26:08'),(4184,0,'en','plugins/translation/translation','translations','Translations','2022-03-22 19:25:43','2022-03-22 19:26:08'),(4185,0,'en','plugins/translation/translation','translations_description','Translate all words in system.','2022-03-22 19:25:43','2022-03-22 19:26:08'),(4186,0,'en','plugins/translation/translation','export_warning','Warning, translations are not visible until they are exported back to the resources/lang file, using \'php artisan cms:translations:export\' command or publish button.','2022-03-22 19:25:43','2022-03-22 19:26:08'),(4187,0,'en','plugins/translation/translation','import_done','Done importing, processed :counter items! Reload this page to refresh the groups!','2022-03-22 19:25:43','2022-03-22 19:26:08'),(4188,0,'en','plugins/translation/translation','translation_manager','Translations Manager','2022-03-22 19:25:43','2022-03-22 19:26:08'),(4189,0,'en','plugins/translation/translation','done_publishing','Done publishing the translations for group','2022-03-22 19:25:43','2022-03-22 19:26:08'),(4190,0,'en','plugins/translation/translation','append_translation','Append new translations','2022-03-22 19:25:43','2022-03-22 19:26:08'),(4191,0,'en','plugins/translation/translation','replace_translation','Replace existing translations','2022-03-22 19:25:43','2022-03-22 19:26:08'),(4192,0,'en','plugins/translation/translation','import_group','Import group','2022-03-22 19:25:43','2022-03-22 19:26:08'),(4193,0,'en','plugins/translation/translation','confirm_publish_group','Are you sure you want to publish the translations group \":group\"? This will overwrite existing language files.','2022-03-22 19:25:43','2022-03-22 19:26:08'),(4194,0,'en','plugins/translation/translation','publish_translations','Publish translations','2022-03-22 19:25:43','2022-03-22 19:26:08'),(4195,0,'en','plugins/translation/translation','back','Back','2022-03-22 19:25:43','2022-03-22 19:26:08'),(4196,0,'en','plugins/translation/translation','edit_title','Enter translation','2022-03-22 19:25:43','2022-03-22 19:26:08'),(4197,0,'en','plugins/translation/translation','choose_group_msg','Choose a group to display the group translations. If no groups are visible, make sure you have imported the translations.','2022-03-22 19:25:43','2022-03-22 19:26:08'),(4198,0,'en','plugins/translation/translation','choose_a_group','Choose a group','2022-03-22 19:25:43','2022-03-22 19:26:08'),(4199,0,'en','plugins/translation/translation','locales','Locales','2022-03-22 19:25:43','2022-03-22 19:26:08'),(4200,0,'en','plugins/translation/translation','theme-translations','Theme translations','2022-03-22 19:25:43','2022-03-22 19:26:08'),(4201,0,'en','plugins/translation/translation','admin-translations','Other translations','2022-03-22 19:25:43','2022-03-22 19:26:08'),(4202,0,'en','plugins/translation/translation','translate_from','Translate from','2022-03-22 19:25:43','2022-03-22 19:26:08'),(4203,0,'en','plugins/translation/translation','to','to','2022-03-22 19:25:43','2022-03-22 19:26:08'),(4204,0,'en','plugins/translation/translation','no_other_languages','No other language to translate!','2022-03-22 19:25:43','2022-03-22 19:26:08'),(4205,0,'en','plugins/translation/translation','edit','Edit','2022-03-22 19:25:43','2022-03-22 19:26:08'),(4206,0,'en','plugins/translation/translation','locale','Locale','2022-03-22 19:25:43','2022-03-22 19:26:08'),(4207,0,'en','plugins/translation/translation','locale_placeholder','Ex: en','2022-03-22 19:25:43','2022-03-22 19:26:08'),(4208,0,'en','plugins/translation/translation','name','Name','2022-03-22 19:25:43','2022-03-22 19:26:08'),(4209,0,'en','plugins/translation/translation','default_locale','Default locale?','2022-03-22 19:25:43','2022-03-22 19:26:08'),(4210,0,'en','plugins/translation/translation','actions','Actions','2022-03-22 19:25:43','2022-03-22 19:26:08'),(4211,0,'en','plugins/translation/translation','choose_language','Choose language','2022-03-22 19:25:43','2022-03-22 19:26:08'),(4212,0,'en','plugins/translation/translation','add_new_language','Add new language','2022-03-22 19:25:43','2022-03-22 19:26:08'),(4213,0,'en','plugins/translation/translation','select_language','Select language','2022-03-22 19:25:43','2022-03-22 19:26:08'),(4214,0,'en','plugins/translation/translation','flag','Flag','2022-03-22 19:25:43','2022-03-22 19:26:08'),(4215,0,'en','plugins/translation/translation','folder_is_not_writeable','Cannot write files! Folder /resources/lang is not writable. Please chmod to make it writable!','2022-03-22 19:25:43','2022-03-22 19:26:08'),(4216,0,'en','plugins/translation/translation','delete','Delete','2022-03-22 19:25:43','2022-03-22 19:26:08'),(4217,0,'en','plugins/translation/translation','confirm_delete_message','Do you really want to delete this locale? It will delete all files/folders for this local in /resources/lang!','2022-03-22 19:25:43','2022-03-22 19:26:08'),(4218,0,'en','plugins/translation/translation','download','Download','2022-03-22 19:25:44','2022-03-22 19:26:08'),(4219,0,'en','plugins/translation/translation','select_locale','Select locale','2022-03-22 19:25:44','2022-03-22 19:26:08'),(4220,0,'en','plugins/translation/translation','theme_translations_instruction','Click on text to translate. Do NOT translate variables, Eg. :username, :query, :link...','2022-03-22 19:25:44','2022-03-22 19:26:08'),(4221,0,'vi','auth','failed','Không tìm thấy thông tin đăng nhập hợp lệ.','2022-03-22 19:25:44','2022-03-22 19:26:05'),(4222,0,'vi','auth','throttle','Đăng nhập không đúng quá nhiều lần. Vui lòng thử lại sau :seconds giây.','2022-03-22 19:25:44','2022-03-22 19:26:05'),(4223,0,'vi','auth','password','Mật khẩu không chính xác','2022-03-22 19:25:44','2022-03-22 19:26:05'),(4224,0,'vi','pagination','previous','&laquo; Trước','2022-03-22 19:25:44','2022-03-22 19:26:05'),(4225,0,'vi','pagination','next','Sau &raquo;','2022-03-22 19:25:44','2022-03-22 19:26:05'),(4226,0,'vi','passwords','reset','Mật khẩu đã được cập nhật!','2022-03-22 19:25:44','2022-03-22 19:26:05'),(4227,0,'vi','passwords','sent','Chúng tôi đã gửi cho bạn đường dẫn thay đổi mật khẩu!','2022-03-22 19:25:44','2022-03-22 19:26:05'),(4228,0,'vi','passwords','token','Mã xác nhận mật khẩu không hợp lệ.','2022-03-22 19:25:44','2022-03-22 19:26:05'),(4229,0,'vi','passwords','user','Không tìm thấy thành viên với địa chỉ email này.','2022-03-22 19:25:44','2022-03-22 19:26:05'),(4230,0,'vi','validation','accepted','Trường :attribute phải được chấp nhận.','2022-03-22 19:25:44','2022-03-22 19:26:05'),(4231,0,'vi','validation','active_url','Trường :attribute không phải là một URL hợp lệ.','2022-03-22 19:25:44','2022-03-22 19:26:05'),(4232,0,'vi','validation','after','Trường :attribute phải là một ngày sau ngày :date.','2022-03-22 19:25:44','2022-03-22 19:26:05'),(4233,0,'vi','validation','after_or_equal','Trường :attribute phải là thời gian bắt đầu sau hoặc đúng bằng :date.','2022-03-22 19:25:44','2022-03-22 19:26:05'),(4234,0,'vi','validation','alpha','Trường :attribute chỉ có thể chứa các chữ cái.','2022-03-22 19:25:44','2022-03-22 19:26:05'),(4235,0,'vi','validation','alpha_dash','Trường :attribute chỉ có thể chứa chữ cái, số và dấu gạch ngang.','2022-03-22 19:25:44','2022-03-22 19:26:05'),(4236,0,'vi','validation','alpha_num','Trường :attribute chỉ có thể chứa chữ cái và số.','2022-03-22 19:25:44','2022-03-22 19:26:05'),(4237,0,'vi','validation','array','Trường :attribute phải là dạng mảng.','2022-03-22 19:25:44','2022-03-22 19:26:05'),(4238,0,'vi','validation','before','Trường :attribute phải là một ngày trước ngày :date.','2022-03-22 19:25:44','2022-03-22 19:26:05'),(4239,0,'vi','validation','before_or_equal','Trường :attribute phải là thời gian bắt đầu trước hoặc đúng bằng :date.','2022-03-22 19:25:44','2022-03-22 19:26:05'),(4240,0,'vi','validation','between.array','Trường :attribute phải có từ :min - :max phần tử.','2022-03-22 19:25:44','2022-03-22 19:26:05'),(4241,0,'vi','validation','between.file','Dung lượng tập tin trong trường :attribute phải từ :min - :max kB.','2022-03-22 19:25:44','2022-03-22 19:26:05'),(4242,0,'vi','validation','between.numeric','Trường :attribute phải nằm trong khoảng :min - :max.','2022-03-22 19:25:44','2022-03-22 19:26:05'),(4243,0,'vi','validation','between.string','Trường :attribute phải từ :min - :max kí tự.','2022-03-22 19:25:44','2022-03-22 19:26:05'),(4244,0,'vi','validation','boolean','Trường :attribute phải là true hoặc false.','2022-03-22 19:25:44','2022-03-22 19:26:05'),(4245,0,'vi','validation','confirmed','Giá trị xác nhận trong trường :attribute không khớp.','2022-03-22 19:25:44','2022-03-22 19:26:05'),(4246,0,'vi','validation','date','Trường :attribute không phải là định dạng của ngày-tháng.','2022-03-22 19:25:44','2022-03-22 19:26:05'),(4247,0,'vi','validation','date_equals','Trường :attribute phải là một ngày bằng với :date.','2022-03-22 19:25:44','2022-03-22 19:26:05'),(4248,0,'vi','validation','date_format','Trường :attribute không giống với định dạng :format.','2022-03-22 19:25:44','2022-03-22 19:26:05'),(4249,0,'vi','validation','different','Trường :attribute và :other phải khác nhau.','2022-03-22 19:25:44','2022-03-22 19:26:05'),(4250,0,'vi','validation','digits','Độ dài của trường :attribute phải gồm :digits chữ số.','2022-03-22 19:25:44','2022-03-22 19:26:05'),(4251,0,'vi','validation','digits_between','Độ dài của trường :attribute phải nằm trong khoảng :min and :max chữ số.','2022-03-22 19:25:44','2022-03-22 19:26:05'),(4252,0,'vi','validation','dimensions','Trường :attribute có kích thước không hợp lệ.','2022-03-22 19:25:44','2022-03-22 19:26:05'),(4253,0,'vi','validation','distinct','Trường :attribute có giá trị trùng lặp.','2022-03-22 19:25:44','2022-03-22 19:26:05'),(4254,0,'vi','validation','email','Trường :attribute phải là một địa chỉ email hợp lệ.','2022-03-22 19:25:44','2022-03-22 19:26:05'),(4255,0,'vi','validation','ends_with','Trường :attribute phải kết thúc bằng một trong những giá trị sau: :values','2022-03-22 19:25:44','2022-03-22 19:26:05'),(4256,0,'vi','validation','exists','Giá trị đã chọn trong trường :attribute không hợp lệ.','2022-03-22 19:25:44','2022-03-22 19:26:05'),(4257,0,'vi','validation','file','Trường :attribute phải là một tệp tin.','2022-03-22 19:25:44','2022-03-22 19:26:05'),(4258,0,'vi','validation','filled','Trường :attribute không được bỏ trống.','2022-03-22 19:25:44','2022-03-22 19:26:05'),(4259,0,'vi','validation','gt.array','Mảng :attribute phải có nhiều hơn :value phần tử.','2022-03-22 19:25:44','2022-03-22 19:26:05'),(4260,0,'vi','validation','gt.file','Dung lượng trường :attribute phải lớn hơn :value kilobytes.','2022-03-22 19:25:44','2022-03-22 19:26:05'),(4261,0,'vi','validation','gt.numeric','Giá trị trường :attribute phải lớn hơn :value.','2022-03-22 19:25:44','2022-03-22 19:26:05'),(4262,0,'vi','validation','gt.string','Độ dài trường :attribute phải nhiều hơn :value kí tự.','2022-03-22 19:25:44','2022-03-22 19:26:05'),(4263,0,'vi','validation','gte.array','Mảng :attribute phải có ít nhất :value phần tử.','2022-03-22 19:25:44','2022-03-22 19:26:05'),(4264,0,'vi','validation','gte.file','Dung lượng trường :attribute phải lớn hơn hoặc bằng :value kilobytes.','2022-03-22 19:25:44','2022-03-22 19:26:05'),(4265,0,'vi','validation','gte.numeric','Giá trị trường :attribute phải lớn hơn hoặc bằng :value.','2022-03-22 19:25:44','2022-03-22 19:26:05'),(4266,0,'vi','validation','gte.string','Độ dài trường :attribute phải lớn hơn hoặc bằng :value kí tự.','2022-03-22 19:25:44','2022-03-22 19:26:05'),(4267,0,'vi','validation','image','Trường :attribute phải là định dạng hình ảnh.','2022-03-22 19:25:44','2022-03-22 19:26:05'),(4268,0,'vi','validation','in','Giá trị đã chọn trong trường :attribute không hợp lệ.','2022-03-22 19:25:44','2022-03-22 19:26:05'),(4269,0,'vi','validation','in_array','Trường :attribute phải thuộc tập cho phép: :other.','2022-03-22 19:25:44','2022-03-22 19:26:05'),(4270,0,'vi','validation','integer','Trường :attribute phải là một số nguyên.','2022-03-22 19:25:44','2022-03-22 19:26:05'),(4271,0,'vi','validation','ip','Trường :attribute phải là một địa chỉ IP.','2022-03-22 19:25:44','2022-03-22 19:26:05'),(4272,0,'vi','validation','ipv4','Trường :attribute phải là một địa chỉ IPv4.','2022-03-22 19:25:44','2022-03-22 19:26:05'),(4273,0,'vi','validation','ipv6','Trường :attribute phải là một địa chỉ IPv6.','2022-03-22 19:25:44','2022-03-22 19:26:05'),(4274,0,'vi','validation','json','Trường :attribute phải là một chuỗi JSON.','2022-03-22 19:25:44','2022-03-22 19:26:05'),(4275,0,'vi','validation','lt.array','Mảng :attribute phải có ít hơn :value phần tử.','2022-03-22 19:25:44','2022-03-22 19:26:05'),(4276,0,'vi','validation','lt.file','Dung lượng trường :attribute phải nhỏ hơn :value kilobytes.','2022-03-22 19:25:44','2022-03-22 19:26:05'),(4277,0,'vi','validation','lt.numeric','Giá trị trường :attribute phải nhỏ hơn :value.','2022-03-22 19:25:44','2022-03-22 19:26:05'),(4278,0,'vi','validation','lt.string','Độ dài trường :attribute phải nhỏ hơn :value kí tự.','2022-03-22 19:25:44','2022-03-22 19:26:05'),(4279,0,'vi','validation','lte.array','Mảng :attribute không được có nhiều hơn :value phần tử.','2022-03-22 19:25:44','2022-03-22 19:26:05'),(4280,0,'vi','validation','lte.file','Dung lượng trường :attribute phải nhỏ hơn hoặc bằng :value kilobytes.','2022-03-22 19:25:44','2022-03-22 19:26:05'),(4281,0,'vi','validation','lte.numeric','Giá trị trường :attribute phải nhỏ hơn hoặc bằng :value.','2022-03-22 19:25:44','2022-03-22 19:26:05'),(4282,0,'vi','validation','lte.string','Độ dài trường :attribute phải nhỏ hơn hoặc bằng :value kí tự.','2022-03-22 19:25:44','2022-03-22 19:26:05'),(4283,0,'vi','validation','max.array','Trường :attribute không được lớn hơn :max phần tử.','2022-03-22 19:25:44','2022-03-22 19:26:05'),(4284,0,'vi','validation','max.file','Dung lượng tập tin trong trường :attribute không được lớn hơn :max kB.','2022-03-22 19:25:44','2022-03-22 19:26:05'),(4285,0,'vi','validation','max.numeric','Trường :attribute không được lớn hơn :max.','2022-03-22 19:25:44','2022-03-22 19:26:05'),(4286,0,'vi','validation','max.string','Trường :attribute không được lớn hơn :max kí tự.','2022-03-22 19:25:44','2022-03-22 19:26:05'),(4287,0,'vi','validation','mimes','Trường :attribute phải là một tập tin có định dạng: :values.','2022-03-22 19:25:44','2022-03-22 19:26:05'),(4288,0,'vi','validation','mimetypes','Trường :attribute phải là một tập tin có định dạng: :values.','2022-03-22 19:25:44','2022-03-22 19:26:05'),(4289,0,'vi','validation','min.array','Trường :attribute phải có tối thiểu :min phần tử.','2022-03-22 19:25:44','2022-03-22 19:26:05'),(4290,0,'vi','validation','min.file','Dung lượng tập tin trong trường :attribute phải tối thiểu :min kB.','2022-03-22 19:25:44','2022-03-22 19:26:05'),(4291,0,'vi','validation','min.numeric','Trường :attribute phải tối thiểu là :min.','2022-03-22 19:25:44','2022-03-22 19:26:05'),(4292,0,'vi','validation','min.string','Trường :attribute phải có tối thiểu :min kí tự.','2022-03-22 19:25:44','2022-03-22 19:26:05'),(4293,0,'vi','validation','multiple_of','Trường :attribute phải là bội số của :value','2022-03-22 19:25:44','2022-03-22 19:26:05'),(4294,0,'vi','validation','not_in','Giá trị đã chọn trong trường :attribute không hợp lệ.','2022-03-22 19:25:44','2022-03-22 19:26:05'),(4295,0,'vi','validation','not_regex','Trường :attribute có định dạng không hợp lệ.','2022-03-22 19:25:44','2022-03-22 19:26:05'),(4296,0,'vi','validation','numeric','Trường :attribute phải là một số.','2022-03-22 19:25:44','2022-03-22 19:26:05'),(4297,0,'vi','validation','password','Mật khẩu không đúng.','2022-03-22 19:25:44','2022-03-22 19:26:05'),(4298,0,'vi','validation','present','Trường :attribute phải được cung cấp.','2022-03-22 19:25:44','2022-03-22 19:26:05'),(4299,0,'vi','validation','prohibited','Trường :attribute bị cấm.','2022-03-22 19:25:44','2022-03-22 19:26:05'),(4300,0,'vi','validation','prohibited_if','Trường :attribute bị cấm khi :other là :value.','2022-03-22 19:25:44','2022-03-22 19:26:05'),(4301,0,'vi','validation','prohibited_unless','Trường :attribute bị cấm trừ khi :other là một trong :values.','2022-03-22 19:25:44','2022-03-22 19:26:05'),(4302,0,'vi','validation','regex','Trường :attribute có định dạng không hợp lệ.','2022-03-22 19:25:44','2022-03-22 19:26:05'),(4303,0,'vi','validation','required','Trường :attribute không được bỏ trống.','2022-03-22 19:25:44','2022-03-22 19:26:05'),(4304,0,'vi','validation','required_if','Trường :attribute không được bỏ trống khi trường :other là :value.','2022-03-22 19:25:44','2022-03-22 19:26:05'),(4305,0,'vi','validation','required_unless','Trường :attribute không được bỏ trống trừ khi :other là :values.','2022-03-22 19:25:44','2022-03-22 19:26:05'),(4306,0,'vi','validation','required_with','Trường :attribute không được bỏ trống khi một trong :values có giá trị.','2022-03-22 19:25:44','2022-03-22 19:26:05'),(4307,0,'vi','validation','required_with_all','Trường :attribute không được bỏ trống khi tất cả :values có giá trị.','2022-03-22 19:25:44','2022-03-22 19:26:05'),(4308,0,'vi','validation','required_without','Trường :attribute không được bỏ trống khi một trong :values không có giá trị.','2022-03-22 19:25:44','2022-03-22 19:26:05'),(4309,0,'vi','validation','required_without_all','Trường :attribute không được bỏ trống khi tất cả :values không có giá trị.','2022-03-22 19:25:44','2022-03-22 19:26:05'),(4310,0,'vi','validation','same','Trường :attribute và :other phải giống nhau.','2022-03-22 19:25:44','2022-03-22 19:26:05'),(4311,0,'vi','validation','size.array','Trường :attribute phải chứa :size phần tử.','2022-03-22 19:25:44','2022-03-22 19:26:05'),(4312,0,'vi','validation','size.file','Dung lượng tập tin trong trường :attribute phải bằng :size kB.','2022-03-22 19:25:44','2022-03-22 19:26:05'),(4313,0,'vi','validation','size.numeric','Trường :attribute phải bằng :size.','2022-03-22 19:25:44','2022-03-22 19:26:05'),(4314,0,'vi','validation','size.string','Trường :attribute phải chứa :size kí tự.','2022-03-22 19:25:44','2022-03-22 19:26:05'),(4315,0,'vi','validation','starts_with','Trường :attribute phải được bắt đầu bằng một trong những giá trị sau: :values','2022-03-22 19:25:44','2022-03-22 19:26:05'),(4316,0,'vi','validation','string','Trường :attribute phải là một chuỗi kí tự.','2022-03-22 19:25:44','2022-03-22 19:26:05'),(4317,0,'vi','validation','timezone','Trường :attribute phải là một múi giờ hợp lệ.','2022-03-22 19:25:44','2022-03-22 19:26:05'),(4318,0,'vi','validation','unique','Trường :attribute đã có trong cơ sở dữ liệu.','2022-03-22 19:25:44','2022-03-22 19:26:05'),(4319,0,'vi','validation','uploaded','Trường :attribute tải lên thất bại.','2022-03-22 19:25:44','2022-03-22 19:26:05'),(4320,0,'vi','validation','url','Trường :attribute không giống với định dạng một URL.','2022-03-22 19:25:44','2022-03-22 19:26:05'),(4321,0,'vi','validation','uuid','Trường :attribute phải là một chuỗi UUID hợp lệ.','2022-03-22 19:25:44','2022-03-22 19:26:05'),(4322,0,'vi','validation','custom.attribute-name.rule-name','custom-message','2022-03-22 19:25:44','2022-03-22 19:26:05');
/*!40000 ALTER TABLE `translations` ENABLE KEYS */;
UNLOCK TABLES;

--
-- Table structure for table `user_meta`
--

DROP TABLE IF EXISTS `user_meta`;
/*!40101 SET @saved_cs_client     = @@character_set_client */;
/*!40101 SET character_set_client = utf8 */;
CREATE TABLE `user_meta` (
  `id` bigint(20) unsigned NOT NULL AUTO_INCREMENT,
  `key` varchar(191) COLLATE utf8mb4_unicode_ci DEFAULT NULL,
  `value` varchar(191) COLLATE utf8mb4_unicode_ci DEFAULT NULL,
  `user_id` int(10) unsigned NOT NULL,
  `created_at` timestamp NULL DEFAULT NULL,
  `updated_at` timestamp NULL DEFAULT NULL,
  PRIMARY KEY (`id`),
  KEY `user_meta_user_id_index` (`user_id`)
) ENGINE=InnoDB DEFAULT CHARSET=utf8mb4 COLLATE=utf8mb4_unicode_ci;
/*!40101 SET character_set_client = @saved_cs_client */;

--
-- Dumping data for table `user_meta`
--

LOCK TABLES `user_meta` WRITE;
/*!40000 ALTER TABLE `user_meta` DISABLE KEYS */;
/*!40000 ALTER TABLE `user_meta` ENABLE KEYS */;
UNLOCK TABLES;

--
-- Table structure for table `users`
--

DROP TABLE IF EXISTS `users`;
/*!40101 SET @saved_cs_client     = @@character_set_client */;
/*!40101 SET character_set_client = utf8 */;
CREATE TABLE `users` (
  `id` bigint(20) unsigned NOT NULL AUTO_INCREMENT,
  `email` varchar(191) COLLATE utf8mb4_unicode_ci NOT NULL,
  `email_verified_at` timestamp NULL DEFAULT NULL,
  `password` varchar(191) COLLATE utf8mb4_unicode_ci DEFAULT NULL,
  `remember_token` varchar(100) COLLATE utf8mb4_unicode_ci DEFAULT NULL,
  `created_at` timestamp NULL DEFAULT NULL,
  `updated_at` timestamp NULL DEFAULT NULL,
  `first_name` varchar(191) COLLATE utf8mb4_unicode_ci DEFAULT NULL,
  `last_name` varchar(191) COLLATE utf8mb4_unicode_ci DEFAULT NULL,
  `username` varchar(60) COLLATE utf8mb4_unicode_ci DEFAULT NULL,
  `avatar_id` int(10) unsigned DEFAULT NULL,
  `super_user` tinyint(1) NOT NULL DEFAULT 0,
  `manage_supers` tinyint(1) NOT NULL DEFAULT 0,
  `permissions` text COLLATE utf8mb4_unicode_ci DEFAULT NULL,
  `last_login` timestamp NULL DEFAULT NULL,
  PRIMARY KEY (`id`),
  UNIQUE KEY `users_email_unique` (`email`),
  UNIQUE KEY `users_username_unique` (`username`)
) ENGINE=InnoDB AUTO_INCREMENT=2 DEFAULT CHARSET=utf8mb4 COLLATE=utf8mb4_unicode_ci;
/*!40101 SET character_set_client = @saved_cs_client */;

--
-- Dumping data for table `users`
--

LOCK TABLES `users` WRITE;
/*!40000 ALTER TABLE `users` DISABLE KEYS */;
INSERT INTO `users` VALUES (1,'admin@botble.com',NULL,'$2y$10$bBl0vnv3nP4Xl3LP1TEBueWuItC354f7.9huzlwr5btHds6us4naq',NULL,'2022-01-03 21:24:07','2022-01-03 21:24:07','System','Admin','botble',NULL,1,1,NULL,NULL);
/*!40000 ALTER TABLE `users` ENABLE KEYS */;
UNLOCK TABLES;

--
-- Table structure for table `widgets`
--

DROP TABLE IF EXISTS `widgets`;
/*!40101 SET @saved_cs_client     = @@character_set_client */;
/*!40101 SET character_set_client = utf8 */;
CREATE TABLE `widgets` (
  `id` bigint(20) unsigned NOT NULL AUTO_INCREMENT,
  `widget_id` varchar(120) COLLATE utf8mb4_unicode_ci NOT NULL,
  `sidebar_id` varchar(120) COLLATE utf8mb4_unicode_ci NOT NULL,
  `theme` varchar(120) COLLATE utf8mb4_unicode_ci NOT NULL,
  `position` tinyint(3) unsigned NOT NULL DEFAULT 0,
  `data` text COLLATE utf8mb4_unicode_ci DEFAULT NULL,
  `created_at` timestamp NULL DEFAULT NULL,
  `updated_at` timestamp NULL DEFAULT NULL,
  PRIMARY KEY (`id`)
) ENGINE=InnoDB AUTO_INCREMENT=25 DEFAULT CHARSET=utf8mb4 COLLATE=utf8mb4_unicode_ci;
/*!40101 SET character_set_client = @saved_cs_client */;

--
-- Dumping data for table `widgets`
--

LOCK TABLES `widgets` WRITE;
/*!40000 ALTER TABLE `widgets` DISABLE KEYS */;
INSERT INTO `widgets` VALUES (1,'CustomMenuWidget','footer_sidebar','martfury',1,'{\"id\":\"CustomMenuWidget\",\"name\":\"Quick links\",\"menu_id\":\"quick-links\"}','2022-01-03 21:24:09','2022-01-03 21:24:09'),(2,'CustomMenuWidget','footer_sidebar','martfury',2,'{\"id\":\"CustomMenuWidget\",\"name\":\"Company\",\"menu_id\":\"company\"}','2022-01-03 21:24:09','2022-01-03 21:24:09'),(3,'CustomMenuWidget','footer_sidebar','martfury',3,'{\"id\":\"CustomMenuWidget\",\"name\":\"Business\",\"menu_id\":\"business\"}','2022-01-03 21:24:09','2022-01-03 21:24:09'),(4,'BlogSearchWidget','primary_sidebar','martfury',1,'{\"id\":\"BlogSearchWidget\",\"name\":\"Search\"}','2022-01-03 21:24:09','2022-01-03 21:24:09'),(5,'BlogCategoriesWidget','primary_sidebar','martfury',2,'{\"id\":\"BlogCategoriesWidget\",\"name\":\"Categories\"}','2022-01-03 21:24:09','2022-01-03 21:24:09'),(6,'RecentPostsWidget','primary_sidebar','martfury',3,'{\"id\":\"RecentPostsWidget\",\"name\":\"Recent Posts\"}','2022-01-03 21:24:09','2022-01-03 21:24:09'),(7,'TagsWidget','primary_sidebar','martfury',4,'{\"id\":\"TagsWidget\",\"name\":\"Popular Tags\"}','2022-01-03 21:24:09','2022-01-03 21:24:09'),(8,'ProductCategoriesWidget','bottom_footer_sidebar','martfury',1,'{\"id\":\"ProductCategoriesWidget\",\"name\":\"Consumer Electric\",\"categories\":[18,2,3,4,5,6,7]}','2022-01-03 21:24:09','2022-01-03 21:24:09'),(9,'ProductCategoriesWidget','bottom_footer_sidebar','martfury',2,'{\"id\":\"ProductCategoriesWidget\",\"name\":\"Clothing & Apparel\",\"categories\":[8,9,10,11,12]}','2022-01-03 21:24:09','2022-01-03 21:24:09'),(10,'ProductCategoriesWidget','bottom_footer_sidebar','martfury',3,'{\"id\":\"ProductCategoriesWidget\",\"name\":\"Home, Garden & Kitchen\",\"categories\":[13,14,15,16,17]}','2022-01-03 21:24:09','2022-01-03 21:24:09'),(11,'ProductCategoriesWidget','bottom_footer_sidebar','martfury',4,'{\"id\":\"ProductCategoriesWidget\",\"name\":\"Health & Beauty\",\"categories\":[20,21,22,23,24]}','2022-01-03 21:24:09','2022-01-03 21:24:09'),(12,'ProductCategoriesWidget','bottom_footer_sidebar','martfury',5,'{\"id\":\"ProductCategoriesWidget\",\"name\":\"Computer & Technologies\",\"categories\":[25,26,27,28,29,19]}','2022-01-03 21:24:09','2022-01-03 21:24:09'),(13,'CustomMenuWidget','footer_sidebar','martfury-vi',1,'{\"id\":\"CustomMenuWidget\",\"name\":\"Li\\u00ean k\\u1ebft nhanh\",\"menu_id\":\"lien-ket-nhanh\"}','2022-01-03 21:24:09','2022-01-03 21:24:09'),(14,'CustomMenuWidget','footer_sidebar','martfury-vi',2,'{\"id\":\"CustomMenuWidget\",\"name\":\"C\\u00f4ng ty\",\"menu_id\":\"cong-ty\"}','2022-01-03 21:24:09','2022-01-03 21:24:09'),(15,'CustomMenuWidget','footer_sidebar','martfury-vi',3,'{\"id\":\"CustomMenuWidget\",\"name\":\"Doanh nghi\\u1ec7p\",\"menu_id\":\"doanh-nghiep\"}','2022-01-03 21:24:09','2022-01-03 21:24:09'),(16,'BlogSearchWidget','primary_sidebar','martfury-vi',1,'{\"id\":\"BlogSearchWidget\",\"name\":\"T\\u00ecm ki\\u1ebfm\"}','2022-01-03 21:24:09','2022-01-03 21:24:09'),(17,'BlogCategoriesWidget','primary_sidebar','martfury-vi',2,'{\"id\":\"BlogCategoriesWidget\",\"name\":\"Danh m\\u1ee5c b\\u00e0i vi\\u1ebft\"}','2022-01-03 21:24:09','2022-01-03 21:24:09'),(18,'RecentPostsWidget','primary_sidebar','martfury-vi',3,'{\"id\":\"RecentPostsWidget\",\"name\":\"B\\u00e0i vi\\u1ebft g\\u1ea7n \\u0111\\u00e2y\"}','2022-01-03 21:24:09','2022-01-03 21:24:09'),(19,'TagsWidget','primary_sidebar','martfury-vi',4,'{\"id\":\"TagsWidget\",\"name\":\"Tags ph\\u1ed5 bi\\u1ebfn\"}','2022-01-03 21:24:09','2022-01-03 21:24:09'),(20,'ProductCategoriesWidget','bottom_footer_sidebar','martfury-vi',1,'{\"id\":\"ProductCategoriesWidget\",\"name\":\"\\u0110\\u1ed3 d\\u00f9ng \\u0111i\\u1ec7n t\\u1eed\",\"categories\":[18,2,3,4,5,6,7]}','2022-01-03 21:24:09','2022-01-03 21:24:09'),(21,'ProductCategoriesWidget','bottom_footer_sidebar','martfury-vi',2,'{\"id\":\"ProductCategoriesWidget\",\"name\":\"Qu\\u1ea7n \\u00e1o & may m\\u1eb7c\",\"categories\":[8,9,10,11,12]}','2022-01-03 21:24:09','2022-01-03 21:24:09'),(22,'ProductCategoriesWidget','bottom_footer_sidebar','martfury-vi',3,'{\"id\":\"ProductCategoriesWidget\",\"name\":\"D\\u1ee5ng c\\u1ee5 nh\\u00e0 b\\u1ebfp\",\"categories\":[13,14,15,16,17]}','2022-01-03 21:24:09','2022-01-03 21:24:09'),(23,'ProductCategoriesWidget','bottom_footer_sidebar','martfury-vi',4,'{\"id\":\"ProductCategoriesWidget\",\"name\":\"S\\u1ee9c kh\\u1ecfe & l\\u00e0m \\u0111\\u1eb9p\",\"categories\":[20,21,22,23,24]}','2022-01-03 21:24:09','2022-01-03 21:24:09'),(24,'ProductCategoriesWidget','bottom_footer_sidebar','martfury-vi',5,'{\"id\":\"ProductCategoriesWidget\",\"name\":\"M\\u00e1y t\\u00ednh & c\\u00f4ng ngh\\u1ec7\",\"categories\":[25,26,27,28,29,19]}','2022-01-03 21:24:09','2022-01-03 21:24:09');
/*!40000 ALTER TABLE `widgets` ENABLE KEYS */;
UNLOCK TABLES;
/*!40103 SET TIME_ZONE=@OLD_TIME_ZONE */;

/*!40101 SET SQL_MODE=@OLD_SQL_MODE */;
/*!40014 SET FOREIGN_KEY_CHECKS=@OLD_FOREIGN_KEY_CHECKS */;
/*!40014 SET UNIQUE_CHECKS=@OLD_UNIQUE_CHECKS */;
/*!40101 SET CHARACTER_SET_CLIENT=@OLD_CHARACTER_SET_CLIENT */;
/*!40101 SET CHARACTER_SET_RESULTS=@OLD_CHARACTER_SET_RESULTS */;
/*!40101 SET COLLATION_CONNECTION=@OLD_COLLATION_CONNECTION */;
/*!40111 SET SQL_NOTES=@OLD_SQL_NOTES */;

-- Dump completed on 2022-03-23  9:27:33
